Transaction Date,Transaction ID,E2E ID/Refereneces Number,Clearing System Ref,Transaction Type,Customer Party,Merchant Party,Debitor Name,Debitor Account,Merchant Type,MCC Codes,Merchant Name,Phone No,Creditor Name,Merchant No,Transaction Amount,MDR,MDR Ratio RI,MDR Ratio OI,DPS Fees,DPS Expense,Cashback Expense,Income,Receiver Amount,Status,Original Transaction ID,Refund reason code,Refund reason
20/08/2026 13:42,2.10242E+19,31088K13424702000313,1.22026E+17,MMQR_PAYMENT,2102 - KBZ OI,4203 - MMIV RI,Daw Ohn Mar Lwin,2.23737E+15,MRCTBANK,5499,SOE MYITTAR,9788348521,SOE MYITTAR,2.23756E+15,"1,000.00",0,0,0,0.5,0,0,0,"1,000.00",SUCCESS,,,
20/08/2026 13:42,2.10242E+19,31088K13420889000134,1.22026E+17,MMQR_PAYMENT,2102 - KBZ OI,4203 - MMIV RI,Mg Zin Lin Naing,2.23737E+15,MRCTBANK,5499,SEIN MITHARSU(2),9740011544,SEIN MITHARSU(2),2.23756E+15,"141,000.00",0,0,0,70.5,0,0,0,"141,000.00",SUCCESS,,,
20/08/2026 13:41,3.10142E+19,wm128330754188337042491,1.22026E+17,MMQR_PAYMENT,3101 - WAVE OI,4203 - MMIV RI,Khin Aung Than,2.23441E+15,MRCTBANK,5499,Pa Hta Wi Ar Kar,9420558864,Pa Hta Wi Ar Kar,2.23756E+15,"15,000.00",0,0,0,7.5,0,0,0,"15,000.00",SUCCESS,,,
20/08/2026 13:41,3.10142E+19,wm128330396257154252886,1.22026E+17,MMQR_PAYMENT,3101 - WAVE OI,4203 - MMIV RI,Mi Cho Win,2.23441E+15,MRCTBANK,5499,Pa Hta Wi Ar Kar,9420558864,Pa Hta Wi Ar Kar,2.23756E+15,"391,000.00",0,0,0,195.5,0,0,0,"391,000.00",SUCCESS,,,
20/08/2026 13:41,2.10142E+19,AYA21016a86a88c4e18134d03f86e02,1.22026E+17,MMQR_PAYMENT,2101 - AYA OI,4203 - MMIV RI,EI EI PYONE,2.237E+15,MRCTBANK,5499,MARIO,9964152596,MARIO,2.23756E+15,"10,000.00",0,0,0,5,0,0,0,"10,000.00",SUCCESS,,,
20/08/2026 13:38,2.10142E+19,AYA21016a86a7e40fd15274f9d85dbb,1.22026E+17,MMQR_PAYMENT,2101 - AYA OI,4203 - MMIV RI,EI EI PYONE,2.237E+15,MRCTBANK,5499,MARIO,9964152596,MARIO,2.23756E+15,"10,000.00",0,0,0,5,0,0,0,"10,000.00",SUCCESS,,,
20/08/2026 13:38,2.10142E+19,AYA21016a86a7d5b245492a8307a2df,1.22026E+17,MMQR_PAYMENT,2101 - AYA OI,4203 - MMIV RI,EI EI PYONE,2.237E+15,MRCTBANK,5499,MARIO,9964152596,MARIO,2.23756E+15,"10,000.00",0,0,0,5,0,0,0,"10,000.00",SUCCESS,,,
20/08/2026 13:37,2.10142E+19,AYA21016a86a7c79db0877c636efe4a,1.22026E+17,MMQR_PAYMENT,2101 - AYA OI,4203 - MMIV RI,EI EI PYONE,2.237E+15,MRCTBANK,5499,MARIO,9964152596,MARIO,2.23756E+15,"10,000.00",0,0,0,5,0,0,0,"10,000.00",SUCCESS,,,
20/08/2026 13:37,2.10142E+19,AYA21016a86a787040c093021bd7571,1.22026E+17,MMQR_PAYMENT,2101 - AYA OI,4203 - MMIV RI,EI EI PYONE,2.237E+15,MRCTBANK,5499,MARIO,9964152596,MARIO,2.23756E+15,"10,000.00",0,0,0,5,0,0,0,"10,000.00",SUCCESS,,,
20/08/2026 13:35,2.10142E+19,AYA21016a86a74f376874703a6ad05c,1.22026E+17,MMQR_PAYMENT,2101 - AYA OI,4203 - MMIV RI,EI EI PYONE,2.237E+15,MRCTBANK,5499,MARIO,9964152596,MARIO,2.23756E+15,"10,000.00",0,0,0,5,0,0,0,"10,000.00",SUCCESS,,,
20/08/2026 13:33,2.10242E+19,31088K13332428000105,1.22026E+17,MMQR_PAYMENT,2102 - KBZ OI,4203 - MMIV RI,Win Htet Aung,2.23737E+15,MRCTBANK,5499,La Woon Store,9763013719,La Woon Store,2.23756E+15,"50,000.00",0,0,0,25,0,0,0,"50,000.00",SUCCESS,,,
20/08/2026 13:33,2.10142E+19,AYA21016a86a6bfc3526a2ea2aae3c9,1.22026E+17,MMQR_PAYMENT,2101 - AYA OI,4203 - MMIV RI,EI EI PYONE,2.237E+15,MRCTBANK,5499,MARIO,9964152596,MARIO,2.23756E+15,"10,000.00",0,0,0,5,0,0,0,"10,000.00",SUCCESS,,,
20/08/2026 13:33,2.10142E+19,AYA21016a86a6a4040c093021bd7416,1.22026E+17,MMQR_PAYMENT,2101 - AYA OI,4203 - MMIV RI,EI EI PYONE,2.237E+15,MRCTBANK,5499,MARIO,9964152596,MARIO,2.23756E+15,"10,000.00",0,0,0,5,0,0,0,"10,000.00",SUCCESS,,,
20/08/2026 13:32,2.10142E+19,AYA21016a86a6949f2c32d8681fbb37,1.22026E+17,MMQR_PAYMENT,2101 - AYA OI,4203 - MMIV RI,EI EI PYONE,2.237E+15,MRCTBANK,5499,MARIO,9964152596,MARIO,2.23756E+15,"10,000.00",0,0,0,5,0,0,0,"10,000.00",SUCCESS,,,
20/08/2026 13:32,2.10142E+19,AYA21016a86a678f8aa4b0076f36852,1.22026E+17,MMQR_PAYMENT,2101 - AYA OI,4203 - MMIV RI,EI EI PYONE,2.237E+15,MRCTBANK,5499,MARIO,9964152596,MARIO,2.23756E+15,"10,000.00",0,0,0,5,0,0,0,"10,000.00",SUCCESS,,,
20/08/2026 13:32,2.10142E+19,AYA21016a86a6623355321bbdb326a7,1.22026E+17,MMQR_PAYMENT,2101 - AYA OI,4203 - MMIV RI,EI EI PYONE,2.237E+15,MRCTBANK,5499,MARIO,9964152596,MARIO,2.23756E+15,"10,000.00",0,0,0,5,0,0,0,"10,000.00",SUCCESS,,,
20/08/2026 13:31,2.10142E+19,AYA21016a86a64d3355321bbdb32693,1.22026E+17,MMQR_PAYMENT,2101 - AYA OI,4203 - MMIV RI,EI EI PYONE,2.237E+15,MRCTBANK,5499,MARIO,9964152596,MARIO,2.23756E+15,"10,000.00",0,0,0,5,0,0,0,"10,000.00",SUCCESS,,,
20/08/2026 13:31,2.10242E+19,31088K13310428000116,1.22026E+17,MMQR_PAYMENT,2102 - KBZ OI,4203 - MMIV RI,Kyaw Soe,2.23737E+15,MRCTBANK,5499,A LINN THIT MOBILE,9898459560,A LINN THIT MOBILE,2.23756E+15,"10,200.00",0,0,0,5.1,0,0,0,"10,200.00",SUCCESS,,,
20/08/2026 13:31,2.10142E+19,AYA21016a86a63a211f83a091516e98,1.22026E+17,MMQR_PAYMENT,2101 - AYA OI,4203 - MMIV RI,EI EI PYONE,2.237E+15,MRCTBANK,5499,MARIO,9964152596,MARIO,2.23756E+15,"10,000.00",0,0,0,5,0,0,0,"10,000.00",SUCCESS,,,
20/08/2026 13:31,2.10142E+19,AYA21016a86a62d884cc98bb93dc98f,1.22026E+17,MMQR_PAYMENT,2101 - AYA OI,4203 - MMIV RI,EI EI PYONE,2.237E+15,MRCTBANK,5499,MARIO,9964152596,MARIO,2.23756E+15,"10,000.00",0,0,0,5,0,0,0,"10,000.00",SUCCESS,,,
20/08/2026 13:30,2.10242E+19,31088K13295489000254,1.22026E+17,MMQR_PAYMENT,2102 - KBZ OI,4203 - MMIV RI,Yamin Thu,2.23737E+15,MRCTBANK,5499,La Woon Store,9763013719,La Woon Store,2.23756E+15,"30,000.00",0,0,0,15,0,0,0,"30,000.00",SUCCESS,,,
20/08/2026 13:27,2.10242E+19,31088K13272556000311,1.22026E+17,MMQR_PAYMENT,2102 - KBZ OI,4203 - MMIV RI,Sett Naing Tun,2.23737E+15,MRCTBANK,5499,SOE MYITTAR,9788348521,SOE MYITTAR,2.23756E+15,100,0,0,0,0.05,0,0,0,100,SUCCESS,,,
20/08/2026 13:23,2.10242E+19,31088K13235102000118,1.22026E+17,MMQR_PAYMENT,2102 - KBZ OI,4203 - MMIV RI,MgMinKhantKyaw,2.23737E+15,MRCTBANK,5499,Pyoe Mini Mart,9421083972,Pyoe Mini Mart,2.23756E+15,"5,600.00",0,0,0,2.8,0,0,0,"5,600.00",SUCCESS,,,
20/08/2026 13:23,2.10142E+19,AYA21016a86a48159007c0acda5d7bf,1.22026E+17,MMQR_PAYMENT,2101 - AYA OI,4203 - MMIV RI,NILAR AUNG,2.237E+15,MRCTBANK,5499,SEIN MITHARSU(2),9740011544,SEIN MITHARSU(2),2.23756E+15,"200,000.00",0,0,0,100,0,0,0,"200,000.00",SUCCESS,,,
20/08/2026 13:23,2.10142E+19,AYA21016a86a47276265033d1eb86c9,1.22026E+17,MMQR_PAYMENT,2101 - AYA OI,4203 - MMIV RI,NILAR AUNG,2.237E+15,MRCTBANK,5499,SEIN MITHARSU(2),9740011544,SEIN MITHARSU(2),2.23756E+15,"200,000.00",0,0,0,100,0,0,0,"200,000.00",SUCCESS,,,
20/08/2026 13:23,2.10142E+19,AYA21016a86a45d96d68955190e3f9c,1.22026E+17,MMQR_PAYMENT,2101 - AYA OI,4203 - MMIV RI,NILAR AUNG,2.237E+15,MRCTBANK,5499,SEIN MITHARSU(2),9740011544,SEIN MITHARSU(2),2.23756E+15,"200,000.00",0,0,0,100,0,0,0,"200,000.00",SUCCESS,,,
20/08/2026 13:23,2.10142E+19,AYA21016a86a44c49bae346ba94e488,1.22026E+17,MMQR_PAYMENT,2101 - AYA OI,4203 - MMIV RI,NILAR AUNG,2.237E+15,MRCTBANK,5499,SEIN MITHARSU(2),9740011544,SEIN MITHARSU(2),2.23756E+15,"200,000.00",0,0,0,100,0,0,0,"200,000.00",SUCCESS,,,
20/08/2026 13:23,2.10142E+19,AYA21016a86a44b947a6ac039c06d90,1.22026E+17,MMQR_PAYMENT,2101 - AYA OI,4203 - MMIV RI,EI EI PYONE,2.237E+15,MRCTBANK,5499,MARIO,9964152596,MARIO,2.23756E+15,"10,000.00",0,0,0,5,0,0,0,"10,000.00",SUCCESS,,,
20/08/2026 13:22,2.10142E+19,AYA21016a86a439af243edcbb13c114,1.22026E+17,MMQR_PAYMENT,2101 - AYA OI,4203 - MMIV RI,EI EI PYONE,2.237E+15,MRCTBANK,5499,MARIO,9964152596,MARIO,2.23756E+15,"10,000.00",0,0,0,5,0,0,0,"10,000.00",SUCCESS,,,
20/08/2026 13:22,2.10142E+19,AYA21016a86a427f88df18896eefe67,1.22026E+17,MMQR_PAYMENT,2101 - AYA OI,4203 - MMIV RI,EI EI PYONE,2.237E+15,MRCTBANK,5499,MARIO,9964152596,MARIO,2.23756E+15,"10,000.00",0,0,0,5,0,0,0,"10,000.00",SUCCESS,,,
20/08/2026 13:22,2.10142E+19,AYA21016a86a41c49bae346ba94e415,1.22026E+17,MMQR_PAYMENT,2101 - AYA OI,4203 - MMIV RI,NILAR AUNG,2.237E+15,MRCTBANK,5499,SEIN MITHARSU(2),9740011544,SEIN MITHARSU(2),2.23756E+15,"200,000.00",0,0,0,100,0,0,0,"200,000.00",SUCCESS,,,
20/08/2026 13:21,2.10142E+19,AYA21016a86a3d4040c093021bd6f64,1.22026E+17,MMQR_PAYMENT,2101 - AYA OI,4203 - MMIV RI,MOE THANDAR LINN,2.237E+15,MRCTBANK,5499,SOUL COFFEE STUDIO,9421128983,SOUL COFFEE STUDIO,2.23756E+15,"9,500.00",0,0,0,4.75,0,0,0,"9,500.00",SUCCESS,,,
20/08/2026 13:21,2.10142E+19,AYA21016a86a3d222b14d01c0d2a53b,1.22026E+17,MMQR_PAYMENT,2101 - AYA OI,4203 - MMIV RI,EI EI PYONE,2.237E+15,MRCTBANK,5499,MARIO,9964152596,MARIO,2.23756E+15,"10,000.00",0,0,0,5,0,0,0,"10,000.00",SUCCESS,,,
20/08/2026 13:18,2.10142E+19,AYA21016a86a353463b3b640c81885b,1.22026E+17,MMQR_PAYMENT,2101 - AYA OI,4203 - MMIV RI,EI EI PYONE,2.237E+15,MRCTBANK,5499,MARIO,9964152596,MARIO,2.23756E+15,"10,000.00",0,0,0,5,0,0,0,"10,000.00",SUCCESS,,,
20/08/2026 13:18,2.10142E+19,AYA21016a86a3283e9bb6b54d2414c6,1.22026E+17,MMQR_PAYMENT,2101 - AYA OI,4203 - MMIV RI,EI EI PYONE,2.237E+15,MRCTBANK,5499,MARIO,9964152596,MARIO,2.23756E+15,"10,000.00",0,0,0,5,0,0,0,"10,000.00",SUCCESS,,,
20/08/2026 13:17,2.10142E+19,AYA21016a86a2ee46c35f0f62f4d236,1.22026E+17,MMQR_PAYMENT,2101 - AYA OI,4203 - MMIV RI,EI EI PYONE,2.237E+15,MRCTBANK,5499,MARIO,9964152596,MARIO,2.23756E+15,"10,000.00",0,0,0,5,0,0,0,"10,000.00",SUCCESS,,,
20/08/2026 13:16,2.10242E+19,31088K13161456000110,1.22026E+17,MMQR_PAYMENT,2102 - KBZ OI,4203 - MMIV RI,Daw Thi Thi Khaing,2.23737E+15,MRCTBANK,5499,SHWE SATKYAR MIN,9770136955,SHWE SATKYAR MIN,2.23756E+15,"5,000.00",0,0,0,2.5,0,0,0,"5,000.00",SUCCESS,,,
20/08/2026 13:16,2.10242E+19,31088K13154956000238,1.22026E+17,MMQR_PAYMENT,2102 - KBZ OI,4203 - MMIV RI,Daw Ei Thandar Phyo,2.23737E+15,MRCTBANK,5499,SHWE SATKYAR MIN,9770136955,SHWE SATKYAR MIN,2.23756E+15,"20,000.00",0,0,0,10,0,0,0,"20,000.00",SUCCESS,,,
20/08/2026 13:15,2.10242E+19,31088K13152343000210,1.22026E+17,MMQR_PAYMENT,2102 - KBZ OI,4203 - MMIV RI,Daw Thi Thi Khaing,2.23737E+15,MRCTBANK,5499,SHWE SATKYAR MIN,9770136955,SHWE SATKYAR MIN,2.23756E+15,"10,000.00",0,0,0,5,0,0,0,"10,000.00",SUCCESS,,,
20/08/2026 13:14,2.10242E+19,31088K13142335000130,1.22026E+17,MMQR_PAYMENT,2102 - KBZ OI,4203 - MMIV RI,U Zwe htet aung,2.23737E+15,MRCTBANK,5499,A.S.K,95156238,A.S.K,2.23756E+15,"202,000.00",0,0,0,101,0,0,0,"202,000.00",SUCCESS,,,
20/08/2026 13:13,2.10242E+19,31088K13134535000157,1.22026E+17,MMQR_PAYMENT,2102 - KBZ OI,4203 - MMIV RI,Khin Mar Nwe,2.23737E+15,MRCTBANK,5499,Moe San,9891371722,Moe San,2.23756E+15,"30,000.00",0,0,0,15,0,0,0,"30,000.00",SUCCESS,,,
20/08/2026 13:13,2.10242E+19,31088K13125789000204,1.22026E+17,MMQR_PAYMENT,2102 - KBZ OI,4203 - MMIV RI,Swe thu thu htun,2.23737E+15,MRCTBANK,5812,Eugenia Cafe,943200739,Eugenia Cafe,2.23756E+15,"50,400.00",252,115.92,136.08,25.2,0,0,90.72,"50,148.00",SUCCESS,,,
20/08/2026 13:12,3.10142E+19,wm128313220790050927242,1.22026E+17,MMQR_PAYMENT,3101 - WAVE OI,4203 - MMIV RI,Thet Paing Hmue,2.23441E+15,MRCTBANK,5499,A LINN THIT MOBILE,9898459560,A LINN THIT MOBILE,2.23756E+15,300,0,0,0,0.15,0,0,0,300,SUCCESS,,,
20/08/2026 13:12,3.10142E+19,wm128313096883598264135,1.22026E+17,MMQR_PAYMENT,3101 - WAVE OI,4203 - MMIV RI,Thet Paing Hmue,2.23441E+15,MRCTBANK,5499,A LINN THIT MOBILE,9898459560,A LINN THIT MOBILE,2.23756E+15,"30,000.00",0,0,0,15,0,0,0,"30,000.00",SUCCESS,,,
20/08/2026 13:09,2.10242E+19,31088K13091935000107,1.22026E+17,MMQR_PAYMENT,2102 - KBZ OI,4203 - MMIV RI,Min Thant Kyaw,2.23737E+15,MRCTBANK,5499,SHWE SATKYAR MIN,9770136955,SHWE SATKYAR MIN,2.23756E+15,"2,000.00",0,0,0,1,0,0,0,"2,000.00",SUCCESS,,,
20/08/2026 13:05,2.10142E+19,AYA21016a86a015ef0ca4097eb421b7,1.22026E+17,MMQR_PAYMENT,2101 - AYA OI,4203 - MMIV RI,TOE TOE NAING,2.237E+15,MRCTBANK,5499,La Woon Store,9763013719,La Woon Store,2.23756E+15,"50,000.00",0,0,0,25,0,0,0,"50,000.00",SUCCESS,,,
20/08/2026 13:03,2.10242E+19,31088K13034789000129,1.22026E+17,MMQR_PAYMENT,2102 - KBZ OI,4203 - MMIV RI,U Wan Tin,2.23737E+15,MRCTBANK,5812,Eugenia Cafe,943200739,Eugenia Cafe,2.23756E+15,"35,700.00",178.5,82.11,96.39,17.85,0,0,64.26,"35,521.50",SUCCESS,,,
20/08/2026 13:02,2.10242E+19,31088K13015343000327,1.22026E+17,MMQR_PAYMENT,2102 - KBZ OI,4203 - MMIV RI,zar chi win,2.23737E+15,MRCTBANK,5812,Eugenia Cafe,943200739,Eugenia Cafe,2.23756E+15,"84,000.00",420,193.2,226.8,42,0,0,151.2,"83,580.00",SUCCESS,,,
20/08/2026 13:01,2.10242E+19,31088K13014489000311,1.22026E+17,MMQR_PAYMENT,2102 - KBZ OI,4203 - MMIV RI,Sett Naing Tun,2.23737E+15,MRCTBANK,5499,SHWE SATKYAR MIN,9770136955,SHWE SATKYAR MIN,2.23756E+15,100,0,0,0,0.05,0,0,0,100,SUCCESS,,,
20/08/2026 12:54,2.10142E+19,AYA21016a869d9149bae346ba94d86a,1.22026E+17,MMQR_PAYMENT,2101 - AYA OI,4203 - MMIV RI,EI EI PYONE,2.237E+15,MRCTBANK,5499,MARIO,9964152596,MARIO,2.23756E+15,"10,000.00",0,0,0,5,0,0,0,"10,000.00",SUCCESS,,,
20/08/2026 12:53,2.10142E+19,AYA21016a869d5bd4687a619cdcd0ac,1.22026E+17,MMQR_PAYMENT,2101 - AYA OI,4203 - MMIV RI,HTET AUNG,2.237E+15,MRCTBANK,5499,ANGEL,9255130944,ANGEL,2.23756E+15,"403,500.00",0,0,0,201.75,0,0,0,"403,500.00",SUCCESS,,,
20/08/2026 12:53,2.10142E+19,AYA21016a869d482a8e02b682170e64,1.22026E+17,MMQR_PAYMENT,2101 - AYA OI,4203 - MMIV RI,EI EI PYONE,2.237E+15,MRCTBANK,5499,MARIO,9964152596,MARIO,2.23756E+15,"10,000.00",0,0,0,5,0,0,0,"10,000.00",SUCCESS,,,
20/08/2026 12:52,2.10142E+19,AYA21016a869d0e8cf346824f6371d4,1.22026E+17,MMQR_PAYMENT,2101 - AYA OI,4203 - MMIV RI,EI EI PYONE,2.237E+15,MRCTBANK,5499,MARIO,9964152596,MARIO,2.23756E+15,"10,000.00",0,0,0,5,0,0,0,"10,000.00",SUCCESS,,,
20/08/2026 12:51,2.10142E+19,AYA21016a869d021022ebc87bba95ef,1.22026E+17,MMQR_PAYMENT,2101 - AYA OI,4203 - MMIV RI,EI EI PYONE,2.237E+15,MRCTBANK,5499,MARIO,9964152596,MARIO,2.23756E+15,"10,000.00",0,0,0,5,0,0,0,"10,000.00",SUCCESS,,,
20/08/2026 12:51,2.10142E+19,AYA21016a869cf3d1a35c1430efbddd,1.22026E+17,MMQR_PAYMENT,2101 - AYA OI,4203 - MMIV RI,EI EI PYONE,2.237E+15,MRCTBANK,5499,MARIO,9964152596,MARIO,2.23756E+15,"10,000.00",0,0,0,5,0,0,0,"10,000.00",SUCCESS,,,
20/08/2026 12:51,2.10142E+19,AYA21016a869ce5d1a35c1430efbdc8,1.22026E+17,MMQR_PAYMENT,2101 - AYA OI,4203 - MMIV RI,EI EI PYONE,2.237E+15,MRCTBANK,5499,MARIO,9964152596,MARIO,2.23756E+15,"10,000.00",0,0,0,5,0,0,0,"10,000.00",SUCCESS,,,
20/08/2026 12:51,2.10242E+19,31088K12510102000138,1.22026E+17,MMQR_PAYMENT,2102 - KBZ OI,4203 - MMIV RI,U Naing Moe Thu,2.23737E+15,MRCTBANK,5499,KO BAR BUU,9974124007,KO BAR BUU,2.23756E+15,"141,800.00",0,0,0,70.9,0,0,0,"141,800.00",SUCCESS,,,
20/08/2026 12:51,2.10142E+19,AYA21016a869ccac74e1a60ba86337b,1.22026E+17,MMQR_PAYMENT,2101 - AYA OI,4203 - MMIV RI,EI EI PYONE,2.237E+15,MRCTBANK,5499,MARIO,9964152596,MARIO,2.23756E+15,"10,000.00",0,0,0,5,0,0,0,"10,000.00",SUCCESS,,,
20/08/2026 12:50,2.10142E+19,AYA21016a869cb1040c093021bd635a,1.22026E+17,MMQR_PAYMENT,2101 - AYA OI,4203 - MMIV RI,EI EI PYONE,2.237E+15,MRCTBANK,5499,MARIO,9964152596,MARIO,2.23756E+15,"10,000.00",0,0,0,5,0,0,0,"10,000.00",SUCCESS,,,
20/08/2026 12:50,2.10142E+19,AYA21016a869c949db0877c636eeb24,1.22026E+17,MMQR_PAYMENT,2101 - AYA OI,4203 - MMIV RI,EI EI PYONE,2.237E+15,MRCTBANK,5499,MARIO,9964152596,MARIO,2.23756E+15,"10,000.00",0,0,0,5,0,0,0,"10,000.00",SUCCESS,,,
20/08/2026 12:48,2.10242E+19,31088K12475502000309,1.22026E+17,MMQR_PAYMENT,2102 - KBZ OI,4203 - MMIV RI,NAW INGYIN THAW,2.23737E+15,MRCTBANK,5499,A.S.K,95156238,A.S.K,2.23756E+15,"91,000.00",0,0,0,45.5,0,0,0,"91,000.00",SUCCESS,,,
20/08/2026 12:45,2.10242E+19,31088K12451202000117,1.22026E+17,MMQR_PAYMENT,2102 - KBZ OI,4203 - MMIV RI,Thandar Aung,2.23737E+15,MRCTBANK,5499,SOUL COFFEE STUDIO,9421128983,SOUL COFFEE STUDIO,2.23756E+15,"4,500.00",0,0,0,2.25,0,0,0,"4,500.00",SUCCESS,,,
20/08/2026 12:40,2.10442E+19,AP21042026082069326930706453176774,1.22026E+17,MMQR_PAYMENT,2104 - AB OI,4203 - MMIV RI,SAW NYI HTOON,2.2359E+15,MRCTBANK,5812,Eugenia Cafe,943200739,Eugenia Cafe,2.23756E+15,"21,000.00",105,48.3,56.7,10.5,0,0,37.8,"20,895.00",SUCCESS,,,
20/08/2026 12:39,2.10242E+19,31088K12393802000115,1.22026E+17,MMQR_PAYMENT,2102 - KBZ OI,4203 - MMIV RI,U MYO SWE OO,2.23737E+15,MRCTBANK,5812,Eugenia Cafe,943200739,Eugenia Cafe,2.23756E+15,"67,200.00",336,154.56,181.44,33.6,0,0,120.96,"66,864.00",SUCCESS,,,
20/08/2026 12:38,2.10242E+19,31088K12383735000258,1.22026E+17,MMQR_PAYMENT,2102 - KBZ OI,4203 - MMIV RI,Mg Thant Myat Paing,2.23737E+15,MRCTBANK,5499,A.S.K,95156238,A.S.K,2.23756E+15,"50,500.00",0,0,0,25.25,0,0,0,"50,500.00",SUCCESS,,,
20/08/2026 12:35,2.10242E+19,31088K12352256000137,1.22026E+17,MMQR_PAYMENT,2102 - KBZ OI,4203 - MMIV RI,Nyi Nyi Soe,2.23737E+15,MRCTBANK,5499,Aung Nyein Chan,9793882717,Aung Nyein Chan,2.23756E+15,"4,500.00",0,0,0,2.25,0,0,0,"4,500.00",SUCCESS,,,
20/08/2026 12:34,2.10242E+19,31088K12335889000129,1.22026E+17,MMQR_PAYMENT,2102 - KBZ OI,4203 - MMIV RI,Shine htet ko,2.23737E+15,MRCTBANK,5499,Zaw Hmine,9976470977,Zaw Hmine,2.23756E+15,"7,000.00",0,0,0,3.5,0,0,0,"7,000.00",SUCCESS,,,
20/08/2026 12:31,2.10242E+19,31088K12311935000234,1.22026E+17,MMQR_PAYMENT,2102 - KBZ OI,4203 - MMIV RI,Aye Hkun Sint,2.23737E+15,MRCTBANK,5499,AK Store,9402737790,AK Store,2.23756E+15,"4,000.00",0,0,0,2,0,0,0,"4,000.00",SUCCESS,,,
20/08/2026 12:30,3.10142E+19,wm128288047933397708558,1.22026E+17,MMQR_PAYMENT,3101 - WAVE OI,4203 - MMIV RI,Sai Luu Kyaw,2.23441E+15,MRCTBANK,5499,A.S.K,95156238,A.S.K,2.23756E+15,"131,500.00",0,0,0,65.75,0,0,0,"131,500.00",SUCCESS,,,
20/08/2026 12:27,2.10242E+19,31088K12274289000217,1.22026E+17,MMQR_PAYMENT,2102 - KBZ OI,4203 - MMIV RI,Kyaw Kyaw Htike,2.23737E+15,MRCTBANK,5499,A LINN THIT MOBILE,9898459560,A LINN THIT MOBILE,2.23756E+15,"50,000.00",0,0,0,25,0,0,0,"50,000.00",SUCCESS,,,
20/08/2026 12:27,3.10142E+19,wm128285808623875773728,1.22026E+17,MMQR_PAYMENT,3101 - WAVE OI,4203 - MMIV RI,Kyaw Kyaw Htike,2.23441E+15,MRCTBANK,5499,A LINN THIT MOBILE,9898459560,A LINN THIT MOBILE,2.23756E+15,"251,800.00",0,0,0,125.9,0,0,0,"251,800.00",SUCCESS,,,
20/08/2026 12:24,2.10142E+19,AYA21016a86967a2a8e02b68217027b,1.22026E+17,MMQR_PAYMENT,2101 - AYA OI,4203 - MMIV RI,NILAR AUNG,2.237E+15,MRCTBANK,5499,SEIN MITHARSU(2),9740011544,SEIN MITHARSU(2),2.23756E+15,"100,000.00",0,0,0,50,0,0,0,"100,000.00",SUCCESS,,,
20/08/2026 12:23,2.10242E+19,31088K12235202000245,1.22026E+17,MMQR_PAYMENT,2102 - KBZ OI,4203 - MMIV RI,ZAYAR HTUN,2.23737E+15,MRCTBANK,5499,KHIN HNIN WAI,9253007127,KHIN HNIN WAI,2.23756E+15,"4,000.00",0,0,0,2,0,0,0,"4,000.00",SUCCESS,,,
20/08/2026 12:23,2.10142E+19,AYA21016a86966939e516928a2d0075,1.22026E+17,MMQR_PAYMENT,2101 - AYA OI,4203 - MMIV RI,NILAR AUNG,2.237E+15,MRCTBANK,5499,SEIN MITHARSU(2),9740011544,SEIN MITHARSU(2),2.23756E+15,"100,000.00",0,0,0,50,0,0,0,"100,000.00",SUCCESS,,,
20/08/2026 12:23,2.10142E+19,AYA21016a869658aaa2988d4c33012d,1.22026E+17,MMQR_PAYMENT,2101 - AYA OI,4203 - MMIV RI,NILAR AUNG,2.237E+15,MRCTBANK,5499,SEIN MITHARSU(2),9740011544,SEIN MITHARSU(2),2.23756E+15,"200,000.00",0,0,0,100,0,0,0,"200,000.00",SUCCESS,,,
20/08/2026 12:23,2.10142E+19,AYA21016a86964476265033d1eb6e25,1.22026E+17,MMQR_PAYMENT,2101 - AYA OI,4203 - MMIV RI,NILAR AUNG,2.237E+15,MRCTBANK,5499,SEIN MITHARSU(2),9740011544,SEIN MITHARSU(2),2.23756E+15,"100,000.00",0,0,0,50,0,0,0,"100,000.00",SUCCESS,,,
20/08/2026 12:22,2.10142E+19,AYA21016a8696357b34313767f902ae,1.22026E+17,MMQR_PAYMENT,2101 - AYA OI,4203 - MMIV RI,NILAR AUNG,2.237E+15,MRCTBANK,5499,SEIN MITHARSU(2),9740011544,SEIN MITHARSU(2),2.23756E+15,"100,000.00",0,0,0,50,0,0,0,"100,000.00",SUCCESS,,,
20/08/2026 12:22,2.10142E+19,AYA21016a869625f2a892f3703e1f65,1.22026E+17,MMQR_PAYMENT,2101 - AYA OI,4203 - MMIV RI,NILAR AUNG,2.237E+15,MRCTBANK,5499,SEIN MITHARSU(2),9740011544,SEIN MITHARSU(2),2.23756E+15,"150,000.00",0,0,0,75,0,0,0,"150,000.00",SUCCESS,,,
20/08/2026 12:22,2.10142E+19,AYA21016a86961539e516928a2cffea,1.22026E+17,MMQR_PAYMENT,2101 - AYA OI,4203 - MMIV RI,NILAR AUNG,2.237E+15,MRCTBANK,5499,SEIN MITHARSU(2),9740011544,SEIN MITHARSU(2),2.23756E+15,"150,000.00",0,0,0,75,0,0,0,"150,000.00",SUCCESS,,,
20/08/2026 12:22,2.10142E+19,AYA21016a8696043c7d48b5cbdb826b,1.22026E+17,MMQR_PAYMENT,2101 - AYA OI,4203 - MMIV RI,NILAR AUNG,2.237E+15,MRCTBANK,5499,SEIN MITHARSU(2),9740011544,SEIN MITHARSU(2),2.23756E+15,"100,000.00",0,0,0,50,0,0,0,"100,000.00",SUCCESS,,,
20/08/2026 12:18,2.10242E+19,31088K12175989000216,1.22026E+17,MMQR_PAYMENT,2102 - KBZ OI,4203 - MMIV RI,U KYAW SWAR,2.23737E+15,MRCTBANK,5499,JUNCTION PINLAUNG LAPHET,9697999586,JUNCTION PINLAUNG LAPHET,2.23756E+15,"470,000.00",0,0,0,235,0,0,0,"470,000.00",SUCCESS,,,
20/08/2026 12:15,3.10142E+19,wm128278839982062569347,1.22026E+17,MMQR_PAYMENT,3101 - WAVE OI,4203 - MMIV RI,Yin Tun,2.23441E+15,MRCTBANK,5499,Ko Myo,9260360768,Ko Myo,2.23756E+15,"1,000.00",0,0,0,0.5,0,0,0,"1,000.00",SUCCESS,,,
20/08/2026 12:13,2.10242E+19,31088K12130435000111,1.22026E+17,MMQR_PAYMENT,2102 - KBZ OI,4203 - MMIV RI,CHAW KALAYAR MAUNG,2.23737E+15,MRCTBANK,5499,LAMIN THAR,9765787858,LAMIN THAR,2.23756E+15,"3,000.00",0,0,0,1.5,0,0,0,"3,000.00",SUCCESS,,,
20/08/2026 12:10,2.10242E+19,31088K12095335000262,1.22026E+17,MMQR_PAYMENT,2102 - KBZ OI,4203 - MMIV RI,Zin Mar Htike,2.23737E+15,MRCTBANK,5499,Ma Soe Soe Khaing,95059852,Ma Soe Soe Khaing,2.23756E+15,"20,200.00",0,0,0,10.1,0,0,0,"20,200.00",SUCCESS,,,
20/08/2026 12:09,2.10142E+19,AYA21016a8692fe59007c0acda5b9e1,1.22026E+17,MMQR_PAYMENT,2101 - AYA OI,4203 - MMIV RI,WAI LIN,2.237E+15,MRCTBANK,5499,Hla Thidar Aung Store,9795551319,Hla Thidar Aung Store,2.23756E+15,"5,000.00",0,0,0,2.5,0,0,0,"5,000.00",SUCCESS,,,
20/08/2026 12:08,2.10242E+19,31088K12082643000242,1.22026E+17,MMQR_PAYMENT,2102 - KBZ OI,4203 - MMIV RI,Ko Win Htut,2.23737E+15,MRCTBANK,5499,R GYI,9764065087,R GYI,2.23756E+15,"7,200.00",0,0,0,3.6,0,0,0,"7,200.00",SUCCESS,,,
20/08/2026 12:07,2.10242E+19,31088K12073328000137,1.22026E+17,MMQR_PAYMENT,2102 - KBZ OI,4203 - MMIV RI,U Aung Paing Sat,2.23737E+15,MRCTBANK,5499,Moe San,9891371722,Moe San,2.23756E+15,"170,000.00",0,0,0,85,0,0,0,"170,000.00",SUCCESS,,,
20/08/2026 12:01,2.10242E+19,31088K12011728000311,1.22026E+17,MMQR_PAYMENT,2102 - KBZ OI,4203 - MMIV RI,Sett Naing Tun,2.23737E+15,MRCTBANK,5499,DAW KHIN WIN STORE,9979500080,DAW KHIN WIN STORE,2.23756E+15,100,0,0,0,0.05,0,0,0,100,SUCCESS,,,
20/08/2026 11:56,2.10242E+19,31088K11561889000154,1.22026E+17,MMQR_PAYMENT,2102 - KBZ OI,4203 - MMIV RI,zin phyo kyaw,2.23737E+15,MRCTBANK,5499,Thin Store,9420291365,Thin Store,2.23756E+15,100,0,0,0,0.05,0,0,0,100,SUCCESS,,,
20/08/2026 11:56,2.10242E+19,31088K11560589000101,1.22026E+17,MMQR_PAYMENT,2102 - KBZ OI,4203 - MMIV RI,JEREMIAH VAN,2.23737E+15,MRCTBANK,5499,SAI THIHA,9666127440,SAI THIHA,2.23756E+15,"8,000.00",0,0,0,4,0,0,0,"8,000.00",SUCCESS,,,
20/08/2026 11:55,2.10242E+19,31088K11553028000140,1.22026E+17,MMQR_PAYMENT,2102 - KBZ OI,4203 - MMIV RI,Su Yee Nwe,2.23737E+15,MRCTBANK,5499,San Cherry Electronic,9452241144,San Cherry Electronic,2.23756E+15,"101,000.00",0,0,0,50.5,0,0,0,"101,000.00",SUCCESS,,,
20/08/2026 11:55,2.10242E+19,31088K11552735000358,1.22026E+17,MMQR_PAYMENT,2102 - KBZ OI,4203 - MMIV RI,Thiha Tin Soe,2.23737E+15,MRCTBANK,5499,Ma Soe Soe Khaing,95059852,Ma Soe Soe Khaing,2.23756E+15,"200,000.00",0,0,0,100,0,0,0,"200,000.00",SUCCESS,,,
20/08/2026 11:51,2.10142E+19,AYA21016a868ed08cf346824f635860,1.22026E+17,MMQR_PAYMENT,2101 - AYA OI,4203 - MMIV RI,NAN CHAN MYA WIN,2.237E+15,MRCTBANK,5499,PWINT PHYU,9790279491,PWINT PHYU,2.23756E+15,"300,000.00",0,0,0,150,0,0,0,"300,000.00",SUCCESS,,,
20/08/2026 11:50,2.10142E+19,AYA21016a868e93fb29c957f39b1eab,1.22026E+17,MMQR_PAYMENT,2101 - AYA OI,4203 - MMIV RI,NAN CHAN MYA WIN,2.237E+15,MRCTBANK,5499,PWINT PHYU,9790279491,PWINT PHYU,2.23756E+15,"7,000.00",0,0,0,3.5,0,0,0,"7,000.00",SUCCESS,,,
20/08/2026 11:50,2.10142E+19,AYA21016a868e7ed1a35c1430efa486,1.22026E+17,MMQR_PAYMENT,2101 - AYA OI,4203 - MMIV RI,NAN CHAN MYA WIN,2.237E+15,MRCTBANK,5499,PWINT PHYU,9790279491,PWINT PHYU,2.23756E+15,"7,300.00",0,0,0,3.65,0,0,0,"7,300.00",SUCCESS,,,
20/08/2026 11:49,2.10142E+19,AYA21016a868e5d2cc861b9edd090d4,1.22026E+17,MMQR_PAYMENT,2101 - AYA OI,4203 - MMIV RI,NAN CHAN MYA WIN,2.237E+15,MRCTBANK,5499,PWINT PHYU,9790279491,PWINT PHYU,2.23756E+15,"6,800.00",0,0,0,3.4,0,0,0,"6,800.00",SUCCESS,,,
20/08/2026 11:49,2.10142E+19,AYA21016a868e477b96d94ce0379099,1.22026E+17,MMQR_PAYMENT,2101 - AYA OI,4203 - MMIV RI,NAN CHAN MYA WIN,2.237E+15,MRCTBANK,5499,PWINT PHYU,9790279491,PWINT PHYU,2.23756E+15,"9,200.00",0,0,0,4.6,0,0,0,"9,200.00",SUCCESS,,,
20/08/2026 11:48,2.10142E+19,AYA21016a868e348cf346824f63577b,1.22026E+17,MMQR_PAYMENT,2101 - AYA OI,4203 - MMIV RI,NAN CHAN MYA WIN,2.237E+15,MRCTBANK,5499,PWINT PHYU,9790279491,PWINT PHYU,2.23756E+15,"10,000.00",0,0,0,5,0,0,0,"10,000.00",SUCCESS,,,
20/08/2026 11:48,2.10142E+19,AYA21016a868e20cec235d6858de366,1.22026E+17,MMQR_PAYMENT,2101 - AYA OI,4203 - MMIV RI,NAN CHAN MYA WIN,2.237E+15,MRCTBANK,5499,PWINT PHYU,9790279491,PWINT PHYU,2.23756E+15,"10,000.00",0,0,0,5,0,0,0,"10,000.00",SUCCESS,,,
20/08/2026 11:48,2.10142E+19,AYA21016a868e080f4b633307e144b3,1.22026E+17,MMQR_PAYMENT,2101 - AYA OI,4203 - MMIV RI,NAN CHAN MYA WIN,2.237E+15,MRCTBANK,5499,PWINT PHYU,9790279491,PWINT PHYU,2.23756E+15,"7,000.00",0,0,0,3.5,0,0,0,"7,000.00",SUCCESS,,,
20/08/2026 11:47,3.10142E+19,wm128262270468982661753,1.22026E+17,MMQR_PAYMENT,3101 - WAVE OI,4203 - MMIV RI,Heine Htet Soe,2.23441E+15,MRCTBANK,5499,THONE YOUNG CHEL,9685143044,THONE YOUNG CHEL,2.23756E+15,"10,100.00",0,0,0,5.05,0,0,0,"10,100.00",SUCCESS,,,
20/08/2026 11:47,2.10142E+19,AYA21016a868df83e9bb6b54d23f0eb,1.22026E+17,MMQR_PAYMENT,2101 - AYA OI,4203 - MMIV RI,NAN CHAN MYA WIN,2.237E+15,MRCTBANK,5499,PWINT PHYU,9790279491,PWINT PHYU,2.23756E+15,"7,100.00",0,0,0,3.55,0,0,0,"7,100.00",SUCCESS,,,
20/08/2026 11:47,2.10142E+19,AYA21016a868ddfe61fa6340d216284,1.22026E+17,MMQR_PAYMENT,2101 - AYA OI,4203 - MMIV RI,NAN CHAN MYA WIN,2.237E+15,MRCTBANK,5499,PWINT PHYU,9790279491,PWINT PHYU,2.23756E+15,"6,000.00",0,0,0,3,0,0,0,"6,000.00",SUCCESS,,,
20/08/2026 11:47,2.10142E+19,AYA21016a868dcc2cc861b9edd08fd4,1.22026E+17,MMQR_PAYMENT,2101 - AYA OI,4203 - MMIV RI,NAN CHAN MYA WIN,2.237E+15,MRCTBANK,5499,PWINT PHYU,9790279491,PWINT PHYU,2.23756E+15,"9,200.00",0,0,0,4.6,0,0,0,"9,200.00",SUCCESS,,,
20/08/2026 11:46,2.10142E+19,AYA21016a868db50f4b633307e14423,1.22026E+17,MMQR_PAYMENT,2101 - AYA OI,4203 - MMIV RI,NAN CHAN MYA WIN,2.237E+15,MRCTBANK,5499,PWINT PHYU,9790279491,PWINT PHYU,2.23756E+15,"500,000.00",0,0,0,250,0,0,0,"500,000.00",SUCCESS,,,
20/08/2026 11:46,2.10142E+19,AYA21016a868d9f0f4b633307e143f6,1.22026E+17,MMQR_PAYMENT,2101 - AYA OI,4203 - MMIV RI,NAN CHAN MYA WIN,2.237E+15,MRCTBANK,5499,PWINT PHYU,9790279491,PWINT PHYU,2.23756E+15,"8,000.00",0,0,0,4,0,0,0,"8,000.00",SUCCESS,,,
20/08/2026 11:46,2.10142E+19,AYA21016a868d8d1022ebc87bba7c84,1.22026E+17,MMQR_PAYMENT,2101 - AYA OI,4203 - MMIV RI,NAN CHAN MYA WIN,2.237E+15,MRCTBANK,5499,PWINT PHYU,9790279491,PWINT PHYU,2.23756E+15,"5,100.00",0,0,0,2.55,0,0,0,"5,100.00",SUCCESS,,,
20/08/2026 11:45,2.10142E+19,AYA21016a868d74f434082d4b6b595c,1.22026E+17,MMQR_PAYMENT,2101 - AYA OI,4203 - MMIV RI,NAN CHAN MYA WIN,2.237E+15,MRCTBANK,5499,PWINT PHYU,9790279491,PWINT PHYU,2.23756E+15,"6,000.00",0,0,0,3,0,0,0,"6,000.00",SUCCESS,,,
20/08/2026 11:45,2.10142E+19,AYA21016a868d63729d23c92a37ccf2,1.22026E+17,MMQR_PAYMENT,2101 - AYA OI,4203 - MMIV RI,NAN CHAN MYA WIN,2.237E+15,MRCTBANK,5499,PWINT PHYU,9790279491,PWINT PHYU,2.23756E+15,"9,000.00",0,0,0,4.5,0,0,0,"9,000.00",SUCCESS,,,
20/08/2026 11:45,2.10242E+19,31088K11450402000118,1.22026E+17,MMQR_PAYMENT,2102 - KBZ OI,4203 - MMIV RI,Nay Lin Oo,2.23737E+15,MRCTBANK,5499,MKM Fashion,95067514,MKM Fashion,2.23756E+15,"400,000.00",0,0,0,200,0,0,0,"400,000.00",SUCCESS,,,
20/08/2026 11:44,2.10142E+19,AYA21016a868d411022ebc87bba7bf3,1.22026E+17,MMQR_PAYMENT,2101 - AYA OI,4203 - MMIV RI,NAN CHAN MYA WIN,2.237E+15,MRCTBANK,5499,PWINT PHYU,9790279491,PWINT PHYU,2.23756E+15,"5,400.00",0,0,0,2.7,0,0,0,"5,400.00",SUCCESS,,,
20/08/2026 11:44,2.10142E+19,AYA21016a868d17d1a35c1430efa265,1.22026E+17,MMQR_PAYMENT,2101 - AYA OI,4203 - MMIV RI,NAN CHAN MYA WIN,2.237E+15,MRCTBANK,5499,PWINT PHYU,9790279491,PWINT PHYU,2.23756E+15,"6,300.00",0,0,0,3.15,0,0,0,"6,300.00",SUCCESS,,,
20/08/2026 11:35,2.10242E+19,31088K11355235000145,1.22026E+17,MMQR_PAYMENT,2102 - KBZ OI,4203 - MMIV RI,NyeinThar,2.23737E+15,MRCTBANK,5499,IC 2,9959533636,IC 2,2.23756E+15,"23,000.00",0,0,0,11.5,0,0,0,"23,000.00",SUCCESS,,,
20/08/2026 11:35,2.10242E+19,31088K11350035000234,1.22026E+17,MMQR_PAYMENT,2102 - KBZ OI,4203 - MMIV RI,U Zaw win,2.23737E+15,MRCTBANK,5499,Thin Store,9420291365,Thin Store,2.23756E+15,"25,300.00",0,0,0,12.65,0,0,0,"25,300.00",SUCCESS,,,
20/08/2026 11:31,2.10242E+19,31088K11305828000211,1.22026E+17,MMQR_PAYMENT,2102 - KBZ OI,4203 - MMIV RI,Sett Naing Tun,2.23737E+15,MRCTBANK,5499,MR OHN STORE,9979437248,MR OHN STORE,2.23756E+15,100,0,0,0,0.05,0,0,0,100,SUCCESS,,,
20/08/2026 11:29,2.10242E+19,31088K11290789000231,1.22026E+17,MMQR_PAYMENT,2102 - KBZ OI,4203 - MMIV RI,Daw Chaue Kyawt Zin,2.23737E+15,MRCTBANK,5499,IC 2,9959533636,IC 2,2.23756E+15,"20,200.00",0,0,0,10.1,0,0,0,"20,200.00",SUCCESS,,,
20/08/2026 11:28,2.10242E+19,31088K11280089000122,1.22026E+17,MMQR_PAYMENT,2102 - KBZ OI,4203 - MMIV RI,U Nay Myo Aung,2.23737E+15,MRCTBANK,5499,IC 2,9959533636,IC 2,2.23756E+15,"10,100.00",0,0,0,5.05,0,0,0,"10,100.00",SUCCESS,,,
20/08/2026 11:27,3.10142E+19,wm128249958924266733220,1.22026E+17,MMQR_PAYMENT,3101 - WAVE OI,4203 - MMIV RI,Thidar Tun,2.23441E+15,MRCTBANK,5499,AsiaThar 9 mobile,9772072783,AsiaThar 9 mobile,2.23756E+15,"10,000.00",0,0,0,5,0,0,0,"10,000.00",SUCCESS,,,
20/08/2026 11:22,2.10142E+19,AYA21016a8688002044ae9a441b8e9c,1.22026E+17,MMQR_PAYMENT,2101 - AYA OI,4203 - MMIV RI,MOH MOH AUNG,2.237E+15,MRCTBANK,5499,SEIN MITHARSU(2),9740011544,SEIN MITHARSU(2),2.23756E+15,"50,000.00",0,0,0,25,0,0,0,"50,000.00",SUCCESS,,,
20/08/2026 11:22,2.10142E+19,AYA21016a8687ee59007c0acda5a690,1.22026E+17,MMQR_PAYMENT,2101 - AYA OI,4203 - MMIV RI,MOH MOH AUNG,2.237E+15,MRCTBANK,5499,SEIN MITHARSU(2),9740011544,SEIN MITHARSU(2),2.23756E+15,"50,000.00",0,0,0,25,0,0,0,"50,000.00",SUCCESS,,,
20/08/2026 11:21,3.10142E+19,wm128246605178719883448,1.22026E+17,MMQR_PAYMENT,3101 - WAVE OI,4203 - MMIV RI,Thandar Oo,2.23441E+15,MRCTBANK,5499,Ma Tayoke Ma Grocery,9954209541,Ma Tayoke Ma Grocery,2.23756E+15,"1,000.00",0,0,0,0.5,0,0,0,"1,000.00",SUCCESS,,,
20/08/2026 11:21,2.10242E+19,31088K11213289000250,1.22026E+17,MMQR_PAYMENT,2102 - KBZ OI,4203 - MMIV RI,MYAT THU,2.23737E+15,MRCTBANK,5499,Thin Store,9420291365,Thin Store,2.23756E+15,"30,300.00",0,0,0,15.15,0,0,0,"30,300.00",SUCCESS,,,
20/08/2026 11:18,2.10242E+19,31088K11183428000113,1.22026E+17,MMQR_PAYMENT,2102 - KBZ OI,4203 - MMIV RI,Khin Mya Aye,2.23737E+15,MRCTBANK,5812,Eugenia Cafe,943200739,Eugenia Cafe,2.23756E+15,"13,100.00",65.5,30.13,35.37,6.55,0,0,23.58,"13,034.50",SUCCESS,,,
20/08/2026 11:13,2.10242E+19,31088K11135443000101,1.22026E+17,MMQR_PAYMENT,2102 - KBZ OI,4203 - MMIV RI,Shine Ko Ko,2.23737E+15,MRCTBANK,5499,La Woon Store,9763013719,La Woon Store,2.23756E+15,"95,000.00",0,0,0,47.5,0,0,0,"95,000.00",SUCCESS,,,
20/08/2026 11:12,2.10242E+19,31088K11125002000139,1.22026E+17,MMQR_PAYMENT,2102 - KBZ OI,4203 - MMIV RI,KYAW KYAW NYEIN,2.23737E+15,MRCTBANK,5812,Eugenia Cafe,943200739,Eugenia Cafe,2.23756E+15,"40,400.00",202,92.92,109.08,20.2,0,0,72.72,"40,198.00",SUCCESS,,,
20/08/2026 11:11,2.10242E+19,31088K11111728000146,1.22026E+17,MMQR_PAYMENT,2102 - KBZ OI,4203 - MMIV RI,San Ko Aung,2.23737E+15,MRCTBANK,5499,Ko Phone Electronic,95416195,Ko Phone Electronic,2.23756E+15,"160,000.00",0,0,0,80,0,0,0,"160,000.00",SUCCESS,,,
20/08/2026 11:10,2.10242E+19,31088K11103389000114,1.22026E+17,MMQR_PAYMENT,2102 - KBZ OI,4203 - MMIV RI,MG KYAW KYAW HEIN,2.23737E+15,MRCTBANK,5499,PWINT PHYU,9790279491,PWINT PHYU,2.23756E+15,"5,000.00",0,0,0,2.5,0,0,0,"5,000.00",SUCCESS,,,
20/08/2026 11:10,2.10242E+19,31088K11101035000214,1.22026E+17,MMQR_PAYMENT,2102 - KBZ OI,4203 - MMIV RI,MG KYAW KYAW HEIN,2.23737E+15,MRCTBANK,5499,PWINT PHYU,9790279491,PWINT PHYU,2.23756E+15,"80,000.00",0,0,0,40,0,0,0,"80,000.00",SUCCESS,,,
20/08/2026 11:07,2.10142E+19,AYA21016a86849041c022cc4608779f,1.22026E+17,MMQR_PAYMENT,2101 - AYA OI,4203 - MMIV RI,EI EI PYONE,2.237E+15,MRCTBANK,5499,MARIO,9964152596,MARIO,2.23756E+15,"10,000.00",0,0,0,5,0,0,0,"10,000.00",SUCCESS,,,
20/08/2026 11:07,2.10142E+19,AYA21016a86847e0f4b633307e132b5,1.22026E+17,MMQR_PAYMENT,2101 - AYA OI,4203 - MMIV RI,EI EI PYONE,2.237E+15,MRCTBANK,5499,MARIO,9964152596,MARIO,2.23756E+15,"10,000.00",0,0,0,5,0,0,0,"10,000.00",SUCCESS,,,
20/08/2026 11:07,2.10142E+19,AYA21016a86846db279923cc1383797,1.22026E+17,MMQR_PAYMENT,2101 - AYA OI,4203 - MMIV RI,EI EI PYONE,2.237E+15,MRCTBANK,5499,MARIO,9964152596,MARIO,2.23756E+15,"10,000.00",0,0,0,5,0,0,0,"10,000.00",SUCCESS,,,
20/08/2026 11:06,2.10142E+19,AYA21016a8684523ad4efcd9521a027,1.22026E+17,MMQR_PAYMENT,2101 - AYA OI,4203 - MMIV RI,EI EI PYONE,2.237E+15,MRCTBANK,5499,MARIO,9964152596,MARIO,2.23756E+15,"10,000.00",0,0,0,5,0,0,0,"10,000.00",SUCCESS,,,
20/08/2026 11:06,2.10142E+19,AYA21016a86843ac272eabdc6a760db,1.22026E+17,MMQR_PAYMENT,2101 - AYA OI,4203 - MMIV RI,EI EI PYONE,2.237E+15,MRCTBANK,5499,MARIO,9964152596,MARIO,2.23756E+15,"10,000.00",0,0,0,5,0,0,0,"10,000.00",SUCCESS,,,
20/08/2026 11:05,2.10142E+19,AYA21016a86842b9273ab5cac1864d2,1.22026E+17,MMQR_PAYMENT,2101 - AYA OI,4203 - MMIV RI,EI EI PYONE,2.237E+15,MRCTBANK,5499,MARIO,9964152596,MARIO,2.23756E+15,"10,000.00",0,0,0,5,0,0,0,"10,000.00",SUCCESS,,,
20/08/2026 11:05,2.10142E+19,AYA21016a86841badcac309b2599a25,1.22026E+17,MMQR_PAYMENT,2101 - AYA OI,4203 - MMIV RI,EI EI PYONE,2.237E+15,MRCTBANK,5499,MARIO,9964152596,MARIO,2.23756E+15,"10,000.00",0,0,0,5,0,0,0,"10,000.00",SUCCESS,,,
20/08/2026 11:05,2.10142E+19,AYA21016a86840de7aa118e77be6339,1.22026E+17,MMQR_PAYMENT,2101 - AYA OI,4203 - MMIV RI,EI EI PYONE,2.237E+15,MRCTBANK,5499,MARIO,9964152596,MARIO,2.23756E+15,"10,000.00",0,0,0,5,0,0,0,"10,000.00",SUCCESS,,,
20/08/2026 11:05,2.10142E+19,AYA21016a8683ffadcac309b25999fe,1.22026E+17,MMQR_PAYMENT,2101 - AYA OI,4203 - MMIV RI,EI EI PYONE,2.237E+15,MRCTBANK,5499,MARIO,9964152596,MARIO,2.23756E+15,"10,000.00",0,0,0,5,0,0,0,"10,000.00",SUCCESS,,,
20/08/2026 11:03,2.10142E+19,AYA21016a86838172d607bcc1920d04,1.22026E+17,MMQR_PAYMENT,2101 - AYA OI,4203 - MMIV RI,EI EI PYONE,2.237E+15,MRCTBANK,5499,MARIO,9964152596,MARIO,2.23756E+15,"10,000.00",0,0,0,5,0,0,0,"10,000.00",SUCCESS,,,
20/08/2026 11:00,2.10242E+19,31088K11003628000138,1.22026E+17,MMQR_PAYMENT,2102 - KBZ OI,4203 - MMIV RI,U ZAW ZAW,2.23737E+15,MRCTBANK,5499,San Cherry Electronic,9452241144,San Cherry Electronic,2.23756E+15,"200,000.00",0,0,0,100,0,0,0,"200,000.00",SUCCESS,,,
20/08/2026 10:57,2.10242E+19,31088K10570135000206,1.22026E+17,MMQR_PAYMENT,2102 - KBZ OI,4203 - MMIV RI,Mg Pyae Sone Kyaw,2.23737E+15,MRCTBANK,5499,A LINN THIT MOBILE,9898459560,A LINN THIT MOBILE,2.23756E+15,"23,000.00",0,0,0,11.5,0,0,0,"23,000.00",SUCCESS,,,
20/08/2026 10:53,2.10142E+19,AYA21016a86814388b2166462d94632,1.22026E+17,MMQR_PAYMENT,2101 - AYA OI,4203 - MMIV RI,HTET MYAT AUNG,2.237E+15,MRCTBANK,5499,Soe Soe,9691141588,Soe Soe,2.23756E+15,"30,300.00",0,0,0,15.15,0,0,0,"30,300.00",SUCCESS,,,
20/08/2026 10:52,2.10242E+19,31088K10525089000114,1.22026E+17,MMQR_PAYMENT,2102 - KBZ OI,4203 - MMIV RI,ZAW HTET LIN,2.23737E+15,MRCTBANK,5499,SEIN FAMILY,9790178150,SEIN FAMILY,2.23756E+15,"10,000.00",0,0,0,5,0,0,0,"10,000.00",SUCCESS,,,
20/08/2026 10:49,2.10242E+19,31088K10494056000211,1.22026E+17,MMQR_PAYMENT,2102 - KBZ OI,4203 - MMIV RI,Sett Naing Tun,2.23737E+15,MRCTBANK,5499,R GYI,9764065087,R GYI,2.23756E+15,100,0,0,0,0.05,0,0,0,100,SUCCESS,,,
20/08/2026 10:48,3.10142E+19,wm128226389567391886849,1.22026E+17,MMQR_PAYMENT,3101 - WAVE OI,4203 - MMIV RI,Thet Wai Tun,2.23441E+15,MRCTBANK,5499,A.S.K,95156238,A.S.K,2.23756E+15,"101,000.00",0,0,0,50.5,0,0,0,"101,000.00",SUCCESS,,,
20/08/2026 10:47,2.10142E+19,AYA21016a867fdf104c93f7ba3a3075,1.22026E+17,MMQR_PAYMENT,2101 - AYA OI,4203 - MMIV RI,WAI YAN PHYO,2.237E+15,MRCTBANK,5499,Mon Gyi Store,9750990519,Mon Gyi Store,2.23756E+15,"130,000.00",0,0,0,65,0,0,0,"130,000.00",SUCCESS,,,
20/08/2026 10:47,2.10242E+19,31088K10473089000219,1.22026E+17,MMQR_PAYMENT,2102 - KBZ OI,4203 - MMIV RI,DAW KHIN LAY NWE,2.23737E+15,MRCTBANK,5499,Ma Soe Soe Khaing,95059852,Ma Soe Soe Khaing,2.23756E+15,"10,100.00",0,0,0,5.05,0,0,0,"10,100.00",SUCCESS,,,
20/08/2026 10:42,2.10242E+19,31088K10421302000135,1.22026E+17,MMQR_PAYMENT,2102 - KBZ OI,4203 - MMIV RI,Ma Soe Soe Khaing,2.23737E+15,MRCTBANK,5499,Ma Soe Soe Khaing,95059852,Ma Soe Soe Khaing,2.23756E+15,"500,000.00",0,0,0,250,0,0,0,"500,000.00",SUCCESS,,,
20/08/2026 10:40,2.10242E+19,31088K10401843000453,1.22026E+17,MMQR_PAYMENT,2102 - KBZ OI,4203 - MMIV RI,Ma Indatheingi,2.23737E+15,MRCTBANK,5499,Moe San,9891371722,Moe San,2.23756E+15,"100,000.00",0,0,0,50,0,0,0,"100,000.00",SUCCESS,,,
20/08/2026 10:40,2.10342E+19,FT26232V5066,1.22026E+17,MMQR_PAYMENT,2103 - CB OI,4203 - MMIV RI,THEINT PYAE PYAE MAUNG,2.23772E+15,MRCTBANK,5499,ANGEL,9255130944,ANGEL,2.23756E+15,"280,000.00",0,0,0,140,0,0,0,"280,000.00",SUCCESS,,,
20/08/2026 10:36,2.10242E+19,31088K10364102000151,1.22026E+17,MMQR_PAYMENT,2102 - KBZ OI,4203 - MMIV RI,Ei Ei Cho,2.23737E+15,MRCTBANK,5499,May Myanmar,9448098913,May Myanmar,2.23756E+15,"10,000.00",0,0,0,5,0,0,0,"10,000.00",SUCCESS,,,
20/08/2026 10:36,2.10242E+19,31088K10363356000255,1.22026E+17,MMQR_PAYMENT,2102 - KBZ OI,4203 - MMIV RI,KYAW SOE OO,2.23737E+15,MRCTBANK,5542,100 Power 1 -NPT,9988090111,100 Power 1 -NPT,2.23756E+15,"77,600.00",232.8,108.64,124.16,38.8,0,0,69.84,"77,367.20",SUCCESS,,,
20/08/2026 10:36,3.10142E+19,wm128219533574041461033,1.22026E+17,MMQR_PAYMENT,3101 - WAVE OI,4203 - MMIV RI,Ohn Than,2.23441E+15,MRCTBANK,5499,A LINN THIT MOBILE,9898459560,A LINN THIT MOBILE,2.23756E+15,"7,000.00",0,0,0,3.5,0,0,0,"7,000.00",SUCCESS,,,
20/08/2026 10:36,3.10142E+19,wm128219396566011127765,1.22026E+17,MMQR_PAYMENT,3101 - WAVE OI,4203 - MMIV RI,Ohn Than,2.23441E+15,MRCTBANK,5499,A LINN THIT MOBILE,9898459560,A LINN THIT MOBILE,2.23756E+15,"6,000.00",0,0,0,3,0,0,0,"6,000.00",SUCCESS,,,
20/08/2026 10:36,3.10142E+19,wm128219271311673868597,1.22026E+17,MMQR_PAYMENT,3101 - WAVE OI,4203 - MMIV RI,Ohn Than,2.23441E+15,MRCTBANK,5499,A LINN THIT MOBILE,9898459560,A LINN THIT MOBILE,2.23756E+15,"7,000.00",0,0,0,3.5,0,0,0,"7,000.00",SUCCESS,,,
20/08/2026 10:36,2.10242E+19,31088K10355456000155,1.22026E+17,MMQR_PAYMENT,2102 - KBZ OI,4203 - MMIV RI,KYAW SOE OO,2.23737E+15,MRCTBANK,5542,100 Power 1 -NPT,9988090111,100 Power 1 -NPT,2.23756E+15,"300,000.00",900,420,480,150,0,0,270,"299,100.00",SUCCESS,,,
20/08/2026 10:35,3.10142E+19,wm128219128631060222458,1.22026E+17,MMQR_PAYMENT,3101 - WAVE OI,4203 - MMIV RI,Ohn Than,2.23441E+15,MRCTBANK,5499,A LINN THIT MOBILE,9898459560,A LINN THIT MOBILE,2.23756E+15,"6,000.00",0,0,0,3,0,0,0,"6,000.00",SUCCESS,,,
20/08/2026 10:35,2.10242E+19,31088K10353828000201,1.22026E+17,MMQR_PAYMENT,2102 - KBZ OI,4203 - MMIV RI,JEREMIAH VAN,2.23737E+15,MRCTBANK,5499,SAI THIHA,9666127440,SAI THIHA,2.23756E+15,"22,200.00",0,0,0,11.1,0,0,0,"22,200.00",SUCCESS,,,
20/08/2026 10:35,3.10142E+19,wm64451421699243657323,1.22026E+17,MMQR_PAYMENT,3101 - WAVE OI,4203 - MMIV RI,Ohn Than,2.23441E+15,MRCTBANK,5499,A LINN THIT MOBILE,9898459560,A LINN THIT MOBILE,2.23756E+15,"7,000.00",0,0,0,3.5,0,0,0,"7,000.00",SUCCESS,,,
20/08/2026 10:35,3.10142E+19,wm128218867587233965937,1.22026E+17,MMQR_PAYMENT,3101 - WAVE OI,4203 - MMIV RI,Ohn Than,2.23441E+15,MRCTBANK,5499,A LINN THIT MOBILE,9898459560,A LINN THIT MOBILE,2.23756E+15,"6,000.00",0,0,0,3,0,0,0,"6,000.00",SUCCESS,,,
20/08/2026 10:35,3.10142E+19,wm64451158473041267735,1.22026E+17,MMQR_PAYMENT,3101 - WAVE OI,4203 - MMIV RI,Ohn Than,2.23441E+15,MRCTBANK,5499,A LINN THIT MOBILE,9898459560,A LINN THIT MOBILE,2.23756E+15,"7,000.00",0,0,0,3.5,0,0,0,"7,000.00",SUCCESS,,,
20/08/2026 10:35,2.10142E+19,AYA21016a867ced51fa02721520b038,1.22026E+17,MMQR_PAYMENT,2101 - AYA OI,4203 - MMIV RI,EI EI PYONE,2.237E+15,MRCTBANK,5499,MARIO,9964152596,MARIO,2.23756E+15,"10,000.00",0,0,0,5,0,0,0,"10,000.00",SUCCESS,,,
20/08/2026 10:34,2.10142E+19,AYA21016a867ce19273ab5cac1857ce,1.22026E+17,MMQR_PAYMENT,2101 - AYA OI,4203 - MMIV RI,EI EI PYONE,2.237E+15,MRCTBANK,5499,MARIO,9964152596,MARIO,2.23756E+15,"10,000.00",0,0,0,5,0,0,0,"10,000.00",SUCCESS,,,
20/08/2026 10:34,2.10142E+19,AYA21016a867cd455f5c64ce4066947,1.22026E+17,MMQR_PAYMENT,2101 - AYA OI,4203 - MMIV RI,EI EI PYONE,2.237E+15,MRCTBANK,5499,MARIO,9964152596,MARIO,2.23756E+15,"10,000.00",0,0,0,5,0,0,0,"10,000.00",SUCCESS,,,
20/08/2026 10:34,3.10142E+19,wm128218263789409911703,1.22026E+17,MMQR_PAYMENT,3101 - WAVE OI,4203 - MMIV RI,Ohn Than,2.23441E+15,MRCTBANK,5499,A LINN THIT MOBILE,9898459560,A LINN THIT MOBILE,2.23756E+15,"6,000.00",0,0,0,3,0,0,0,"6,000.00",SUCCESS,,,
20/08/2026 10:34,2.10142E+19,AYA21016a867cc9ac660d634ab13085,1.22026E+17,MMQR_PAYMENT,2101 - AYA OI,4203 - MMIV RI,EI EI PYONE,2.237E+15,MRCTBANK,5499,MARIO,9964152596,MARIO,2.23756E+15,"10,000.00",0,0,0,5,0,0,0,"10,000.00",SUCCESS,,,
20/08/2026 10:34,2.10142E+19,AYA21016a867cba79d4edbf8d5a756d,1.22026E+17,MMQR_PAYMENT,2101 - AYA OI,4203 - MMIV RI,EI EI PYONE,2.237E+15,MRCTBANK,5499,MARIO,9964152596,MARIO,2.23756E+15,"5,000.00",0,0,0,2.5,0,0,0,"5,000.00",SUCCESS,,,
20/08/2026 10:34,3.10142E+19,wm128218009139593798239,1.22026E+17,MMQR_PAYMENT,3101 - WAVE OI,4203 - MMIV RI,Ohn Than,2.23441E+15,MRCTBANK,5499,A LINN THIT MOBILE,9898459560,A LINN THIT MOBILE,2.23756E+15,"7,000.00",0,0,0,3.5,0,0,0,"7,000.00",SUCCESS,,,
20/08/2026 10:33,2.10142E+19,AYA21016a867ca779d4edbf8d5a7551,1.22026E+17,MMQR_PAYMENT,2101 - AYA OI,4203 - MMIV RI,EI EI PYONE,2.237E+15,MRCTBANK,5499,MARIO,9964152596,MARIO,2.23756E+15,"5,000.00",0,0,0,2.5,0,0,0,"5,000.00",SUCCESS,,,
20/08/2026 10:33,2.10142E+19,AYA21016a867c98bb8cd5cd4437ba88,1.22026E+17,MMQR_PAYMENT,2101 - AYA OI,4203 - MMIV RI,EI EI PYONE,2.237E+15,MRCTBANK,5499,MARIO,9964152596,MARIO,2.23756E+15,"5,000.00",0,0,0,2.5,0,0,0,"5,000.00",SUCCESS,,,
20/08/2026 10:33,3.10142E+19,wm128217733641000721292,1.22026E+17,MMQR_PAYMENT,3101 - WAVE OI,4203 - MMIV RI,Ohn Than,2.23441E+15,MRCTBANK,5499,A LINN THIT MOBILE,9898459560,A LINN THIT MOBILE,2.23756E+15,"6,000.00",0,0,0,3,0,0,0,"6,000.00",SUCCESS,,,
20/08/2026 10:33,2.10142E+19,AYA21016a867c8c55f5c64ce40668aa,1.22026E+17,MMQR_PAYMENT,2101 - AYA OI,4203 - MMIV RI,EI EI PYONE,2.237E+15,MRCTBANK,5499,MARIO,9964152596,MARIO,2.23756E+15,"5,000.00",0,0,0,2.5,0,0,0,"5,000.00",SUCCESS,,,
20/08/2026 10:33,2.10142E+19,AYA21016a867c7d3ad4efcd952192b2,1.22026E+17,MMQR_PAYMENT,2101 - AYA OI,4203 - MMIV RI,EI EI PYONE,2.237E+15,MRCTBANK,5499,MARIO,9964152596,MARIO,2.23756E+15,"5,000.00",0,0,0,2.5,0,0,0,"5,000.00",SUCCESS,,,
20/08/2026 10:33,2.10242E+19,31088K10330156000111,1.22026E+17,MMQR_PAYMENT,2102 - KBZ OI,4203 - MMIV RI,Sett Naing Tun,2.23737E+15,MRCTBANK,5499,KYAW,9441986339,KYAW,2.23756E+15,100,0,0,0,0.05,0,0,0,100,SUCCESS,,,
20/08/2026 10:32,2.10142E+19,AYA21016a867c6cca509c9b7facfd32,1.22026E+17,MMQR_PAYMENT,2101 - AYA OI,4203 - MMIV RI,EI EI PYONE,2.237E+15,MRCTBANK,5499,MARIO,9964152596,MARIO,2.23756E+15,"5,000.00",0,0,0,2.5,0,0,0,"5,000.00",SUCCESS,,,
20/08/2026 10:32,2.10142E+19,AYA21016a867c5e2044ae9a441b788b,1.22026E+17,MMQR_PAYMENT,2101 - AYA OI,4203 - MMIV RI,EI EI PYONE,2.237E+15,MRCTBANK,5499,MARIO,9964152596,MARIO,2.23756E+15,"5,000.00",0,0,0,2.5,0,0,0,"5,000.00",SUCCESS,,,
20/08/2026 10:32,3.10142E+19,wm64449547138538595345,1.22026E+17,MMQR_PAYMENT,3101 - WAVE OI,4203 - MMIV RI,Ohn Than,2.23441E+15,MRCTBANK,5499,A LINN THIT MOBILE,9898459560,A LINN THIT MOBILE,2.23756E+15,"6,000.00",0,0,0,3,0,0,0,"6,000.00",SUCCESS,,,
20/08/2026 10:32,2.10142E+19,AYA21016a867c5290151e44e6cd0a36,1.22026E+17,MMQR_PAYMENT,2101 - AYA OI,4203 - MMIV RI,EI EI PYONE,2.237E+15,MRCTBANK,5499,MARIO,9964152596,MARIO,2.23756E+15,"5,000.00",0,0,0,2.5,0,0,0,"5,000.00",SUCCESS,,,
20/08/2026 10:32,3.10142E+19,wm128216999130212222049,1.22026E+17,MMQR_PAYMENT,3101 - WAVE OI,4203 - MMIV RI,Ohn Than,2.23441E+15,MRCTBANK,5499,A LINN THIT MOBILE,9898459560,A LINN THIT MOBILE,2.23756E+15,"7,000.00",0,0,0,3.5,0,0,0,"7,000.00",SUCCESS,,,
20/08/2026 10:32,3.10142E+19,wm64449335996816879945,1.22026E+17,MMQR_PAYMENT,3101 - WAVE OI,4203 - MMIV RI,Ohn Than,2.23441E+15,MRCTBANK,5499,A LINN THIT MOBILE,9898459560,A LINN THIT MOBILE,2.23756E+15,"6,000.00",0,0,0,3,0,0,0,"6,000.00",SUCCESS,,,
20/08/2026 10:32,3.10142E+19,wm128216774875681683659,1.22026E+17,MMQR_PAYMENT,3101 - WAVE OI,4203 - MMIV RI,Ohn Than,2.23441E+15,MRCTBANK,5499,A LINN THIT MOBILE,9898459560,A LINN THIT MOBILE,2.23756E+15,"7,000.00",0,0,0,3.5,0,0,0,"7,000.00",SUCCESS,,,
20/08/2026 10:31,3.10142E+19,wm128216670636752974286,1.22026E+17,MMQR_PAYMENT,3101 - WAVE OI,4203 - MMIV RI,Ohn Than,2.23441E+15,MRCTBANK,5499,A LINN THIT MOBILE,9898459560,A LINN THIT MOBILE,2.23756E+15,"6,000.00",0,0,0,3,0,0,0,"6,000.00",SUCCESS,,,
20/08/2026 10:31,3.10142E+19,wm128216571349650985941,1.22026E+17,MMQR_PAYMENT,3101 - WAVE OI,4203 - MMIV RI,Ohn Than,2.23441E+15,MRCTBANK,5499,A LINN THIT MOBILE,9898459560,A LINN THIT MOBILE,2.23756E+15,"7,000.00",0,0,0,3.5,0,0,0,"7,000.00",SUCCESS,,,
20/08/2026 10:31,3.10142E+19,wm128216312078373252739,1.22026E+17,MMQR_PAYMENT,3101 - WAVE OI,4203 - MMIV RI,Ohn Than,2.23441E+15,MRCTBANK,5499,A LINN THIT MOBILE,9898459560,A LINN THIT MOBILE,2.23756E+15,"6,000.00",0,0,0,3,0,0,0,"6,000.00",SUCCESS,,,
20/08/2026 10:31,3.10142E+19,wm128216171945864812164,1.22026E+17,MMQR_PAYMENT,3101 - WAVE OI,4203 - MMIV RI,Ohn Than,2.23441E+15,MRCTBANK,5499,A LINN THIT MOBILE,9898459560,A LINN THIT MOBILE,2.23756E+15,"7,000.00",0,0,0,3.5,0,0,0,"7,000.00",SUCCESS,,,
20/08/2026 10:30,3.10142E+19,wm64448540598894391945,1.22026E+17,MMQR_PAYMENT,3101 - WAVE OI,4203 - MMIV RI,Ohn Than,2.23441E+15,MRCTBANK,5499,A LINN THIT MOBILE,9898459560,A LINN THIT MOBILE,2.23756E+15,"6,000.00",0,0,0,3,0,0,0,"6,000.00",SUCCESS,,,
20/08/2026 10:30,3.10142E+19,wm128215964658460877788,1.22026E+17,MMQR_PAYMENT,3101 - WAVE OI,4203 - MMIV RI,Ohn Than,2.23441E+15,MRCTBANK,5499,A LINN THIT MOBILE,9898459560,A LINN THIT MOBILE,2.23756E+15,"7,000.00",0,0,0,3.5,0,0,0,"7,000.00",SUCCESS,,,
20/08/2026 10:30,3.10142E+19,wm128215858202192406519,1.22026E+17,MMQR_PAYMENT,3101 - WAVE OI,4203 - MMIV RI,Ohn Than,2.23441E+15,MRCTBANK,5499,A LINN THIT MOBILE,9898459560,A LINN THIT MOBILE,2.23756E+15,"6,000.00",0,0,0,3,0,0,0,"6,000.00",SUCCESS,,,
20/08/2026 10:30,3.10142E+19,wm64448206045657384460,1.22026E+17,MMQR_PAYMENT,3101 - WAVE OI,4203 - MMIV RI,Ohn Than,2.23441E+15,MRCTBANK,5499,A LINN THIT MOBILE,9898459560,A LINN THIT MOBILE,2.23756E+15,"7,000.00",0,0,0,3.5,0,0,0,"7,000.00",SUCCESS,,,
20/08/2026 10:30,3.10142E+19,wm128215652816365936930,1.22026E+17,MMQR_PAYMENT,3101 - WAVE OI,4203 - MMIV RI,Ohn Than,2.23441E+15,MRCTBANK,5499,A LINN THIT MOBILE,9898459560,A LINN THIT MOBILE,2.23756E+15,"6,000.00",0,0,0,3,0,0,0,"6,000.00",SUCCESS,,,
20/08/2026 10:29,3.10142E+19,wm128215549739639737619,1.22026E+17,MMQR_PAYMENT,3101 - WAVE OI,4203 - MMIV RI,Ohn Than,2.23441E+15,MRCTBANK,5499,A LINN THIT MOBILE,9898459560,A LINN THIT MOBILE,2.23756E+15,"7,000.00",0,0,0,3.5,0,0,0,"7,000.00",SUCCESS,,,
20/08/2026 10:29,3.10142E+19,wm128215438850008515742,1.22026E+17,MMQR_PAYMENT,3101 - WAVE OI,4203 - MMIV RI,Ohn Than,2.23441E+15,MRCTBANK,5499,A LINN THIT MOBILE,9898459560,A LINN THIT MOBILE,2.23756E+15,"6,000.00",0,0,0,3,0,0,0,"6,000.00",SUCCESS,,,
20/08/2026 10:29,3.10142E+19,wm64447752962806249415,1.22026E+17,MMQR_PAYMENT,3101 - WAVE OI,4203 - MMIV RI,Ohn Than,2.23441E+15,MRCTBANK,5499,A LINN THIT MOBILE,9898459560,A LINN THIT MOBILE,2.23756E+15,"7,000.00",0,0,0,3.5,0,0,0,"7,000.00",SUCCESS,,,
20/08/2026 10:29,2.10142E+19,AYA21016a867b9493cf2357a1873c21,1.22026E+17,MMQR_PAYMENT,2101 - AYA OI,4203 - MMIV RI,EI EI PYONE,2.237E+15,MRCTBANK,5499,MARIO,9964152596,MARIO,2.23756E+15,"10,000.00",0,0,0,5,0,0,0,"10,000.00",SUCCESS,,,
20/08/2026 10:29,3.10142E+19,wm128215134667440447534,1.22026E+17,MMQR_PAYMENT,3101 - WAVE OI,4203 - MMIV RI,Ohn Than,2.23441E+15,MRCTBANK,5499,A LINN THIT MOBILE,9898459560,A LINN THIT MOBILE,2.23756E+15,"6,000.00",0,0,0,3,0,0,0,"6,000.00",SUCCESS,,,
20/08/2026 10:29,2.10142E+19,AYA21016a867b8272e95792fca3d88d,1.22026E+17,MMQR_PAYMENT,2101 - AYA OI,4203 - MMIV RI,EI EI PYONE,2.237E+15,MRCTBANK,5499,MARIO,9964152596,MARIO,2.23756E+15,"10,000.00",0,0,0,5,0,0,0,"10,000.00",SUCCESS,,,
20/08/2026 10:28,3.10142E+19,wm128214741734349776850,1.22026E+17,MMQR_PAYMENT,3101 - WAVE OI,4203 - MMIV RI,Ohn Than,2.23441E+15,MRCTBANK,5499,A LINN THIT MOBILE,9898459560,A LINN THIT MOBILE,2.23756E+15,"7,000.00",0,0,0,3.5,0,0,0,"7,000.00",SUCCESS,,,
20/08/2026 10:28,3.10142E+19,wm64447086794723772705,1.22026E+17,MMQR_PAYMENT,3101 - WAVE OI,4203 - MMIV RI,Ohn Than,2.23441E+15,MRCTBANK,5499,A LINN THIT MOBILE,9898459560,A LINN THIT MOBILE,2.23756E+15,"6,000.00",0,0,0,3,0,0,0,"6,000.00",SUCCESS,,,
20/08/2026 10:28,3.10142E+19,wm128214535439418545269,1.22026E+17,MMQR_PAYMENT,3101 - WAVE OI,4203 - MMIV RI,Ohn Than,2.23441E+15,MRCTBANK,5499,A LINN THIT MOBILE,9898459560,A LINN THIT MOBILE,2.23756E+15,"7,000.00",0,0,0,3.5,0,0,0,"7,000.00",SUCCESS,,,
20/08/2026 10:27,2.10242E+19,31088K10271902000256,1.22026E+17,MMQR_PAYMENT,2102 - KBZ OI,4203 - MMIV RI,Khin Khin Swe,2.23737E+15,MRCTBANK,5499,Moe San,9891371722,Moe San,2.23756E+15,"300,000.00",0,0,0,150,0,0,0,"300,000.00",SUCCESS,,,
20/08/2026 10:26,2.10342E+19,FT26232GQSML,1.22026E+17,MMQR_PAYMENT,2103 - CB OI,4203 - MMIV RI,U AYE  CHAN MAUNG,2.23772E+15,MRCTBANK,5499,San Thit,9772869401,San Thit,2.23756E+15,"5,500.00",0,0,0,2.75,0,0,0,"5,500.00",SUCCESS,,,
20/08/2026 10:26,3.10142E+19,wm128213421393453272035,1.22026E+17,MMQR_PAYMENT,3101 - WAVE OI,4203 - MMIV RI,Zaw Zaw Aung,2.23441E+15,MRCTBANK,5499,A.S.K,95156238,A.S.K,2.23756E+15,"10,000.00",0,0,0,5,0,0,0,"10,000.00",SUCCESS,,,
20/08/2026 10:26,2.10242E+19,31088K10260956000155,1.22026E+17,MMQR_PAYMENT,2102 - KBZ OI,4203 - MMIV RI,KYAW SOE OO,2.23737E+15,MRCTBANK,5542,100 Power 1 -NPT,9988090111,100 Power 1 -NPT,2.23756E+15,"200,000.00",600,280,320,100,0,0,180,"199,400.00",SUCCESS,,,
20/08/2026 10:25,3.10142E+19,wm128212862073318384616,1.22026E+17,MMQR_PAYMENT,3101 - WAVE OI,4203 - MMIV RI,Saw Pearl Thwe,2.23441E+15,MRCTBANK,5499,A LINN THIT MOBILE,9898459560,A LINN THIT MOBILE,2.23756E+15,100,0,0,0,0.05,0,0,0,100,SUCCESS,,,
20/08/2026 10:25,2.10242E+19,31088K10250256000255,1.22026E+17,MMQR_PAYMENT,2102 - KBZ OI,4203 - MMIV RI,KYAW SOE OO,2.23737E+15,MRCTBANK,5542,100 Power 1 -NPT,9988090111,100 Power 1 -NPT,2.23756E+15,"164,000.00",492,229.6,262.4,82,0,0,147.6,"163,508.00",SUCCESS,,,
20/08/2026 10:25,2.10242E+19,31088K10245602000128,1.22026E+17,MMQR_PAYMENT,2102 - KBZ OI,4203 - MMIV RI,U Aye Cho,2.23737E+15,MRCTBANK,5499,A LINN THIT MOBILE,9898459560,A LINN THIT MOBILE,2.23756E+15,"10,000.00",0,0,0,5,0,0,0,"10,000.00",SUCCESS,,,
20/08/2026 10:23,2.10242E+19,31088K10231628000163,1.22026E+17,MMQR_PAYMENT,2102 - KBZ OI,4203 - MMIV RI,U Ohn Than,2.23737E+15,MRCTBANK,5499,A LINN THIT MOBILE,9898459560,A LINN THIT MOBILE,2.23756E+15,"6,000.00",0,0,0,3,0,0,0,"6,000.00",SUCCESS,,,
20/08/2026 10:23,2.10242E+19,31088K10230089000163,1.22026E+17,MMQR_PAYMENT,2102 - KBZ OI,4203 - MMIV RI,U Ohn Than,2.23737E+15,MRCTBANK,5499,A LINN THIT MOBILE,9898459560,A LINN THIT MOBILE,2.23756E+15,"7,000.00",0,0,0,3.5,0,0,0,"7,000.00",SUCCESS,,,
20/08/2026 10:22,2.10242E+19,31088K10223928000163,1.22026E+17,MMQR_PAYMENT,2102 - KBZ OI,4203 - MMIV RI,U Ohn Than,2.23737E+15,MRCTBANK,5499,A LINN THIT MOBILE,9898459560,A LINN THIT MOBILE,2.23756E+15,"6,000.00",0,0,0,3,0,0,0,"6,000.00",SUCCESS,,,
20/08/2026 10:22,2.10242E+19,31088K10222302000163,1.22026E+17,MMQR_PAYMENT,2102 - KBZ OI,4203 - MMIV RI,U Ohn Than,2.23737E+15,MRCTBANK,5499,A LINN THIT MOBILE,9898459560,A LINN THIT MOBILE,2.23756E+15,"7,000.00",0,0,0,3.5,0,0,0,"7,000.00",SUCCESS,,,
20/08/2026 10:22,2.10242E+19,31088K10220602000163,1.22026E+17,MMQR_PAYMENT,2102 - KBZ OI,4203 - MMIV RI,U Ohn Than,2.23737E+15,MRCTBANK,5499,A LINN THIT MOBILE,9898459560,A LINN THIT MOBILE,2.23756E+15,"6,000.00",0,0,0,3,0,0,0,"6,000.00",SUCCESS,,,
20/08/2026 10:21,2.10242E+19,31088K10214943000263,1.22026E+17,MMQR_PAYMENT,2102 - KBZ OI,4203 - MMIV RI,U Ohn Than,2.23737E+15,MRCTBANK,5499,A LINN THIT MOBILE,9898459560,A LINN THIT MOBILE,2.23756E+15,"7,000.00",0,0,0,3.5,0,0,0,"7,000.00",SUCCESS,,,
20/08/2026 10:21,2.10242E+19,31088K10213335000263,1.22026E+17,MMQR_PAYMENT,2102 - KBZ OI,4203 - MMIV RI,U Ohn Than,2.23737E+15,MRCTBANK,5499,A LINN THIT MOBILE,9898459560,A LINN THIT MOBILE,2.23756E+15,"6,000.00",0,0,0,3,0,0,0,"6,000.00",SUCCESS,,,
20/08/2026 10:21,2.10242E+19,31088K10211889000163,1.22026E+17,MMQR_PAYMENT,2102 - KBZ OI,4203 - MMIV RI,U Ohn Than,2.23737E+15,MRCTBANK,5499,A LINN THIT MOBILE,9898459560,A LINN THIT MOBILE,2.23756E+15,"7,000.00",0,0,0,3.5,0,0,0,"7,000.00",SUCCESS,,,
20/08/2026 10:21,2.10242E+19,31088K10210235000163,1.22026E+17,MMQR_PAYMENT,2102 - KBZ OI,4203 - MMIV RI,U Ohn Than,2.23737E+15,MRCTBANK,5499,A LINN THIT MOBILE,9898459560,A LINN THIT MOBILE,2.23756E+15,"6,000.00",0,0,0,3,0,0,0,"6,000.00",SUCCESS,,,
20/08/2026 10:20,2.10242E+19,31088K10204643000263,1.22026E+17,MMQR_PAYMENT,2102 - KBZ OI,4203 - MMIV RI,U Ohn Than,2.23737E+15,MRCTBANK,5499,A LINN THIT MOBILE,9898459560,A LINN THIT MOBILE,2.23756E+15,"7,000.00",0,0,0,3.5,0,0,0,"7,000.00",SUCCESS,,,
20/08/2026 10:20,2.10242E+19,31088K10202928000163,1.22026E+17,MMQR_PAYMENT,2102 - KBZ OI,4203 - MMIV RI,U Ohn Than,2.23737E+15,MRCTBANK,5499,A LINN THIT MOBILE,9898459560,A LINN THIT MOBILE,2.23756E+15,"6,000.00",0,0,0,3,0,0,0,"6,000.00",SUCCESS,,,
20/08/2026 10:20,2.10242E+19,31088K10201128000263,1.22026E+17,MMQR_PAYMENT,2102 - KBZ OI,4203 - MMIV RI,U Ohn Than,2.23737E+15,MRCTBANK,5499,A LINN THIT MOBILE,9898459560,A LINN THIT MOBILE,2.23756E+15,"7,000.00",0,0,0,3.5,0,0,0,"7,000.00",SUCCESS,,,
20/08/2026 10:20,2.10242E+19,31088K10195028000263,1.22026E+17,MMQR_PAYMENT,2102 - KBZ OI,4203 - MMIV RI,U Ohn Than,2.23737E+15,MRCTBANK,5499,A LINN THIT MOBILE,9898459560,A LINN THIT MOBILE,2.23756E+15,"6,000.00",0,0,0,3,0,0,0,"6,000.00",SUCCESS,,,
20/08/2026 10:19,2.10242E+19,31088K10193156000263,1.22026E+17,MMQR_PAYMENT,2102 - KBZ OI,4203 - MMIV RI,U Ohn Than,2.23737E+15,MRCTBANK,5499,A LINN THIT MOBILE,9898459560,A LINN THIT MOBILE,2.23756E+15,"7,000.00",0,0,0,3.5,0,0,0,"7,000.00",SUCCESS,,,
20/08/2026 10:18,2.10242E+19,31088K10183143000254,1.22026E+17,MMQR_PAYMENT,2102 - KBZ OI,4203 - MMIV RI,MA THIN LAE LAE OO,2.23737E+15,MRCTBANK,5499,LAMIN THAR,9765787858,LAMIN THAR,2.23756E+15,"8,800.00",0,0,0,4.4,0,0,0,"8,800.00",SUCCESS,,,
20/08/2026 10:16,2.10242E+19,31088K10162002000210,1.22026E+17,MMQR_PAYMENT,2102 - KBZ OI,4203 - MMIV RI,Nyein chan saw lwin,2.23737E+15,MRCTBANK,5499,PWINT PHYU,9790279491,PWINT PHYU,2.23756E+15,"10,000.00",0,0,0,5,0,0,0,"10,000.00",SUCCESS,,,
20/08/2026 10:16,2.10242E+19,31088K10155989000110,1.22026E+17,MMQR_PAYMENT,2102 - KBZ OI,4203 - MMIV RI,Nyein chan saw lwin,2.23737E+15,MRCTBANK,5499,PWINT PHYU,9790279491,PWINT PHYU,2.23756E+15,"7,300.00",0,0,0,3.65,0,0,0,"7,300.00",SUCCESS,,,
20/08/2026 10:15,2.10242E+19,31088K10153728000110,1.22026E+17,MMQR_PAYMENT,2102 - KBZ OI,4203 - MMIV RI,Nyein chan saw lwin,2.23737E+15,MRCTBANK,5499,PWINT PHYU,9790279491,PWINT PHYU,2.23756E+15,"6,700.00",0,0,0,3.35,0,0,0,"6,700.00",SUCCESS,,,
20/08/2026 10:15,2.10242E+19,31088K10151802000110,1.22026E+17,MMQR_PAYMENT,2102 - KBZ OI,4203 - MMIV RI,Nyein chan saw lwin,2.23737E+15,MRCTBANK,5499,PWINT PHYU,9790279491,PWINT PHYU,2.23756E+15,"5,900.00",0,0,0,2.95,0,0,0,"5,900.00",SUCCESS,,,
20/08/2026 10:15,2.10242E+19,31088K10145602000110,1.22026E+17,MMQR_PAYMENT,2102 - KBZ OI,4203 - MMIV RI,Nyein chan saw lwin,2.23737E+15,MRCTBANK,5499,PWINT PHYU,9790279491,PWINT PHYU,2.23756E+15,"400,000.00",0,0,0,200,0,0,0,"400,000.00",SUCCESS,,,
20/08/2026 10:14,2.10142E+19,AYA21016a867832e7c4c97a5cacb2dc,1.22026E+17,MMQR_PAYMENT,2101 - AYA OI,4203 - MMIV RI,EI SHWE SIN,2.237E+15,MRCTBANK,5499,A.S.K,95156238,A.S.K,2.23756E+15,"240,000.00",0,0,0,120,0,0,0,"240,000.00",SUCCESS,,,
20/08/2026 10:14,2.10242E+19,31088K10143735000410,1.22026E+17,MMQR_PAYMENT,2102 - KBZ OI,4203 - MMIV RI,Nyein chan saw lwin,2.23737E+15,MRCTBANK,5499,PWINT PHYU,9790279491,PWINT PHYU,2.23756E+15,"6,000.00",0,0,0,3,0,0,0,"6,000.00",SUCCESS,,,
20/08/2026 10:14,2.10242E+19,31088K10142089000110,1.22026E+17,MMQR_PAYMENT,2102 - KBZ OI,4203 - MMIV RI,Nyein chan saw lwin,2.23737E+15,MRCTBANK,5499,PWINT PHYU,9790279491,PWINT PHYU,2.23756E+15,"5,100.00",0,0,0,2.55,0,0,0,"5,100.00",SUCCESS,,,
20/08/2026 10:14,2.10242E+19,31088K10140235000246,1.22026E+17,MMQR_PAYMENT,2102 - KBZ OI,4203 - MMIV RI,Lynn Htet Ko,2.23737E+15,MRCTBANK,5499,A.S.K,95156238,A.S.K,2.23756E+15,"50,000.00",0,0,0,25,0,0,0,"50,000.00",SUCCESS,,,
20/08/2026 10:13,2.10242E+19,31088K10135302000110,1.22026E+17,MMQR_PAYMENT,2102 - KBZ OI,4203 - MMIV RI,Nyein chan saw lwin,2.23737E+15,MRCTBANK,5499,PWINT PHYU,9790279491,PWINT PHYU,2.23756E+15,"8,100.00",0,0,0,4.05,0,0,0,"8,100.00",SUCCESS,,,
20/08/2026 10:13,2.10242E+19,31088K10132835000154,1.22026E+17,MMQR_PAYMENT,2102 - KBZ OI,4203 - MMIV RI,KAUNG  HTET OO,2.23737E+15,MRCTBANK,5499,THONE YOUNG CHEL,9685143044,THONE YOUNG CHEL,2.23756E+15,"15,200.00",0,0,0,7.6,0,0,0,"15,200.00",SUCCESS,,,
20/08/2026 10:13,2.10242E+19,31088K10131956000110,1.22026E+17,MMQR_PAYMENT,2102 - KBZ OI,4203 - MMIV RI,Nyein chan saw lwin,2.23737E+15,MRCTBANK,5499,PWINT PHYU,9790279491,PWINT PHYU,2.23756E+15,"7,200.00",0,0,0,3.6,0,0,0,"7,200.00",SUCCESS,,,
20/08/2026 10:12,2.10242E+19,31088K10123028000210,1.22026E+17,MMQR_PAYMENT,2102 - KBZ OI,4203 - MMIV RI,Nyein chan saw lwin,2.23737E+15,MRCTBANK,5499,PWINT PHYU,9790279491,PWINT PHYU,2.23756E+15,"14,000.00",0,0,0,7,0,0,0,"14,000.00",SUCCESS,,,
20/08/2026 10:12,2.10242E+19,31088K10120843000310,1.22026E+17,MMQR_PAYMENT,2102 - KBZ OI,4203 - MMIV RI,Nyein chan saw lwin,2.23737E+15,MRCTBANK,5499,PWINT PHYU,9790279491,PWINT PHYU,2.23756E+15,"8,900.00",0,0,0,4.45,0,0,0,"8,900.00",SUCCESS,,,
20/08/2026 10:11,2.10242E+19,31088K10112456000110,1.22026E+17,MMQR_PAYMENT,2102 - KBZ OI,4203 - MMIV RI,Nyein chan saw lwin,2.23737E+15,MRCTBANK,5499,PWINT PHYU,9790279491,PWINT PHYU,2.23756E+15,"9,700.00",0,0,0,4.85,0,0,0,"9,700.00",SUCCESS,,,
20/08/2026 10:11,2.10242E+19,31088K10110328000210,1.22026E+17,MMQR_PAYMENT,2102 - KBZ OI,4203 - MMIV RI,Nyein chan saw lwin,2.23737E+15,MRCTBANK,5499,PWINT PHYU,9790279491,PWINT PHYU,2.23756E+15,"12,000.00",0,0,0,6,0,0,0,"12,000.00",SUCCESS,,,
20/08/2026 10:10,2.10242E+19,31088K10104243000310,1.22026E+17,MMQR_PAYMENT,2102 - KBZ OI,4203 - MMIV RI,Nyein chan saw lwin,2.23737E+15,MRCTBANK,5499,PWINT PHYU,9790279491,PWINT PHYU,2.23756E+15,"500,000.00",0,0,0,250,0,0,0,"500,000.00",SUCCESS,,,
20/08/2026 10:09,2.10242E+19,31088K10094228000158,1.22026E+17,MMQR_PAYMENT,2102 - KBZ OI,4203 - MMIV RI,SA TUN LIN,2.23737E+15,MRCTBANK,5499,THONE YOUNG CHEL,9685143044,THONE YOUNG CHEL,2.23756E+15,"10,100.00",0,0,0,5.05,0,0,0,"10,100.00",SUCCESS,,,
20/08/2026 10:03,2.10242E+19,31088K10032102000214,1.22026E+17,MMQR_PAYMENT,2102 - KBZ OI,4203 - MMIV RI,Nainglintun,2.23737E+15,MRCTBANK,5499,Aung Si Cafe,9766060565,Aung Si Cafe,2.23756E+15,"2,700.00",0,0,0,1.35,0,0,0,"2,700.00",SUCCESS,,,
20/08/2026 10:02,2.10242E+19,31088K10020702000250,1.22026E+17,MMQR_PAYMENT,2102 - KBZ OI,4203 - MMIV RI,U Yan Aung Phyo,2.23737E+15,MRCTBANK,5499,Khin Min Thu Store,9961091599,Khin Min Thu Store,2.23756E+15,"151,000.00",0,0,0,75.5,0,0,0,"151,000.00",SUCCESS,,,
20/08/2026 10:01,2.10242E+19,31088K10013635000337,1.22026E+17,MMQR_PAYMENT,2102 - KBZ OI,4203 - MMIV RI,Kaung Sett Paing,2.23737E+15,MRCTBANK,5499,THONE YOUNG CHEL,9685143044,THONE YOUNG CHEL,2.23756E+15,"1,000.00",0,0,0,0.5,0,0,0,"1,000.00",SUCCESS,,,
20/08/2026 10:01,2.10242E+19,31088K10012928000162,1.22026E+17,MMQR_PAYMENT,2102 - KBZ OI,4203 - MMIV RI,Soe Thu,2.23737E+15,MRCTBANK,5499,Shan Lay Store,9972000766,Shan Lay Store,2.23756E+15,"101,000.00",0,0,0,50.5,0,0,0,"101,000.00",SUCCESS,,,
20/08/2026 9:59,2.10242E+19,31088K09590543000108,1.22026E+17,MMQR_PAYMENT,2102 - KBZ OI,4203 - MMIV RI,nang sam hom,2.23737E+15,MRCTBANK,5499,JUNCTION PINLAUNG LAPHET,9697999586,JUNCTION PINLAUNG LAPHET,2.23756E+15,"55,800.00",0,0,0,27.9,0,0,0,"55,800.00",SUCCESS,,,
20/08/2026 9:53,3.10142E+19,wm128193723643105446787,1.22026E+17,MMQR_PAYMENT,3101 - WAVE OI,4203 - MMIV RI,Ohnmar Aye,2.23441E+15,MRCTBANK,5499,Pa Hta Wi Ar Kar,9420558864,Pa Hta Wi Ar Kar,2.23756E+15,"50,000.00",0,0,0,25,0,0,0,"50,000.00",SUCCESS,,,
20/08/2026 9:47,2.10242E+19,31088K09471602000162,1.22026E+17,MMQR_PAYMENT,2102 - KBZ OI,4203 - MMIV RI,Daw Nwe Nwe Soe,2.23737E+15,MRCTBANK,5499,A.S.K,95156238,A.S.K,2.23756E+15,"50,500.00",0,0,0,25.25,0,0,0,"50,500.00",SUCCESS,,,
20/08/2026 9:44,2.10242E+19,31088K09445489000163,1.22026E+17,MMQR_PAYMENT,2102 - KBZ OI,4203 - MMIV RI,Sit Naing Naing,2.23737E+15,MRCTBANK,5499,Moe San,9891371722,Moe San,2.23756E+15,"101,000.00",0,0,0,50.5,0,0,0,"101,000.00",SUCCESS,,,
20/08/2026 9:42,2.10142E+19,AYA21016a86709e4a2ec7a759cc6451,1.22026E+17,MMQR_PAYMENT,2101 - AYA OI,4203 - MMIV RI,YE LIN KYAW,2.237E+15,MRCTBANK,5499,TAUNG PAW THU,9762613396,TAUNG PAW THU,2.23756E+15,"400,000.00",0,0,0,200,0,0,0,"400,000.00",SUCCESS,,,
20/08/2026 9:42,2.10142E+19,AYA21016a86707df5476cf1b576b0da,1.22026E+17,MMQR_PAYMENT,2101 - AYA OI,4203 - MMIV RI,YE LIN KYAW,2.237E+15,MRCTBANK,5499,TAUNG PAW THU,9762613396,TAUNG PAW THU,2.23756E+15,"500,000.00",0,0,0,250,0,0,0,"500,000.00",SUCCESS,,,
20/08/2026 9:40,2.10142E+19,AYA21016a86701d8f47c15aabc4c925,1.22026E+17,MMQR_PAYMENT,2101 - AYA OI,4203 - MMIV RI,YE LIN KYAW,2.237E+15,MRCTBANK,5499,TAUNG PAW THU,9762613396,TAUNG PAW THU,2.23756E+15,"1,000.00",0,0,0,0.5,0,0,0,"1,000.00",SUCCESS,,,
20/08/2026 9:38,2.10242E+19,31088K09384228000163,1.22026E+17,MMQR_PAYMENT,2102 - KBZ OI,4203 - MMIV RI,U Ohn Than,2.23737E+15,MRCTBANK,5499,A LINN THIT MOBILE,9898459560,A LINN THIT MOBILE,2.23756E+15,"6,000.00",0,0,0,3,0,0,0,"6,000.00",SUCCESS,,,
20/08/2026 9:38,2.10242E+19,31088K09382589000163,1.22026E+17,MMQR_PAYMENT,2102 - KBZ OI,4203 - MMIV RI,U Ohn Than,2.23737E+15,MRCTBANK,5499,A LINN THIT MOBILE,9898459560,A LINN THIT MOBILE,2.23756E+15,"7,000.00",0,0,0,3.5,0,0,0,"7,000.00",SUCCESS,,,
20/08/2026 9:38,2.10242E+19,31088K09380643000163,1.22026E+17,MMQR_PAYMENT,2102 - KBZ OI,4203 - MMIV RI,U Ohn Than,2.23737E+15,MRCTBANK,5499,A LINN THIT MOBILE,9898459560,A LINN THIT MOBILE,2.23756E+15,"6,000.00",0,0,0,3,0,0,0,"6,000.00",SUCCESS,,,
20/08/2026 9:37,2.10242E+19,31088K09374628000263,1.22026E+17,MMQR_PAYMENT,2102 - KBZ OI,4203 - MMIV RI,U Ohn Than,2.23737E+15,MRCTBANK,5499,A LINN THIT MOBILE,9898459560,A LINN THIT MOBILE,2.23756E+15,"7,000.00",0,0,0,3.5,0,0,0,"7,000.00",SUCCESS,,,
20/08/2026 9:37,2.10242E+19,31088K09371835000163,1.22026E+17,MMQR_PAYMENT,2102 - KBZ OI,4203 - MMIV RI,U Ohn Than,2.23737E+15,MRCTBANK,5499,A LINN THIT MOBILE,9898459560,A LINN THIT MOBILE,2.23756E+15,"6,000.00",0,0,0,3,0,0,0,"6,000.00",SUCCESS,,,
20/08/2026 9:37,2.10242E+19,31088K09371489000109,1.22026E+17,MMQR_PAYMENT,2102 - KBZ OI,4203 - MMIV RI,U ZAW MIN HEIN,2.23737E+15,MRCTBANK,5499,LAMIN THAR,9765787858,LAMIN THAR,2.23756E+15,"4,400.00",0,0,0,2.2,0,0,0,"4,400.00",SUCCESS,,,
20/08/2026 9:37,2.10242E+19,31088K09370135000163,1.22026E+17,MMQR_PAYMENT,2102 - KBZ OI,4203 - MMIV RI,U Ohn Than,2.23737E+15,MRCTBANK,5499,A LINN THIT MOBILE,9898459560,A LINN THIT MOBILE,2.23756E+15,"7,000.00",0,0,0,3.5,0,0,0,"7,000.00",SUCCESS,,,
20/08/2026 9:36,2.10242E+19,31088K09364556000163,1.22026E+17,MMQR_PAYMENT,2102 - KBZ OI,4203 - MMIV RI,U Ohn Than,2.23737E+15,MRCTBANK,5499,A LINN THIT MOBILE,9898459560,A LINN THIT MOBILE,2.23756E+15,"6,000.00",0,0,0,3,0,0,0,"6,000.00",SUCCESS,,,
20/08/2026 9:36,2.10242E+19,31088K09362728000163,1.22026E+17,MMQR_PAYMENT,2102 - KBZ OI,4203 - MMIV RI,U Ohn Than,2.23737E+15,MRCTBANK,5499,A LINN THIT MOBILE,9898459560,A LINN THIT MOBILE,2.23756E+15,"7,000.00",0,0,0,3.5,0,0,0,"7,000.00",SUCCESS,,,
20/08/2026 9:36,2.10242E+19,31088K09360843000163,1.22026E+17,MMQR_PAYMENT,2102 - KBZ OI,4203 - MMIV RI,U Ohn Than,2.23737E+15,MRCTBANK,5499,A LINN THIT MOBILE,9898459560,A LINN THIT MOBILE,2.23756E+15,"6,000.00",0,0,0,3,0,0,0,"6,000.00",SUCCESS,,,
20/08/2026 9:36,2.10242E+19,31088K09360302000253,1.22026E+17,MMQR_PAYMENT,2102 - KBZ OI,4203 - MMIV RI,Yan Lin Aung,2.23737E+15,MRCTBANK,5499,LAMIN THAR,9765787858,LAMIN THAR,2.23756E+15,"25,300.00",0,0,0,12.65,0,0,0,"25,300.00",SUCCESS,,,
20/08/2026 9:35,2.10242E+19,31088K09354989000163,1.22026E+17,MMQR_PAYMENT,2102 - KBZ OI,4203 - MMIV RI,U Ohn Than,2.23737E+15,MRCTBANK,5499,A LINN THIT MOBILE,9898459560,A LINN THIT MOBILE,2.23756E+15,"7,000.00",0,0,0,3.5,0,0,0,"7,000.00",SUCCESS,,,
20/08/2026 9:35,2.10242E+19,31088K09353228000163,1.22026E+17,MMQR_PAYMENT,2102 - KBZ OI,4203 - MMIV RI,U Ohn Than,2.23737E+15,MRCTBANK,5499,A LINN THIT MOBILE,9898459560,A LINN THIT MOBILE,2.23756E+15,"6,000.00",0,0,0,3,0,0,0,"6,000.00",SUCCESS,,,
20/08/2026 9:35,2.10242E+19,31088K09350928000263,1.22026E+17,MMQR_PAYMENT,2102 - KBZ OI,4203 - MMIV RI,U Ohn Than,2.23737E+15,MRCTBANK,5499,A LINN THIT MOBILE,9898459560,A LINN THIT MOBILE,2.23756E+15,"7,000.00",0,0,0,3.5,0,0,0,"7,000.00",SUCCESS,,,
20/08/2026 9:35,2.10242E+19,31088K09345389000163,1.22026E+17,MMQR_PAYMENT,2102 - KBZ OI,4203 - MMIV RI,U Ohn Than,2.23737E+15,MRCTBANK,5499,A LINN THIT MOBILE,9898459560,A LINN THIT MOBILE,2.23756E+15,"6,000.00",0,0,0,3,0,0,0,"6,000.00",SUCCESS,,,
20/08/2026 9:34,2.10242E+19,31088K09343828000163,1.22026E+17,MMQR_PAYMENT,2102 - KBZ OI,4203 - MMIV RI,U Ohn Than,2.23737E+15,MRCTBANK,5499,A LINN THIT MOBILE,9898459560,A LINN THIT MOBILE,2.23756E+15,"7,000.00",0,0,0,3.5,0,0,0,"7,000.00",SUCCESS,,,
20/08/2026 9:34,2.10242E+19,31088K09342256000163,1.22026E+17,MMQR_PAYMENT,2102 - KBZ OI,4203 - MMIV RI,U Ohn Than,2.23737E+15,MRCTBANK,5499,A LINN THIT MOBILE,9898459560,A LINN THIT MOBILE,2.23756E+15,"6,000.00",0,0,0,3,0,0,0,"6,000.00",SUCCESS,,,
20/08/2026 9:34,2.10242E+19,31088K09340628000263,1.22026E+17,MMQR_PAYMENT,2102 - KBZ OI,4203 - MMIV RI,U Ohn Than,2.23737E+15,MRCTBANK,5499,A LINN THIT MOBILE,9898459560,A LINN THIT MOBILE,2.23756E+15,"7,000.00",0,0,0,3.5,0,0,0,"7,000.00",SUCCESS,,,
20/08/2026 9:32,2.10242E+19,31088K09321943000228,1.22026E+17,MMQR_PAYMENT,2102 - KBZ OI,4203 - MMIV RI,Mg Ko Ko Win,2.23737E+15,MRCTBANK,5499,La Woon Store,9763013719,La Woon Store,2.23756E+15,"14,000.00",0,0,0,7,0,0,0,"14,000.00",SUCCESS,,,
20/08/2026 9:22,2.10242E+19,31088K09223556000248,1.22026E+17,MMQR_PAYMENT,2102 - KBZ OI,4203 - MMIV RI,Thet Naing Kyaw,2.23737E+15,MRCTBANK,5499,San Cherry Electronic,9452241144,San Cherry Electronic,2.23756E+15,"150,000.00",0,0,0,75,0,0,0,"150,000.00",SUCCESS,,,
20/08/2026 9:21,2.10242E+19,31088K09211389000201,1.22026E+17,MMQR_PAYMENT,2102 - KBZ OI,4203 - MMIV RI,U Wai Yan Min,2.23737E+15,MRCTBANK,5499,LAMIN THAR,9765787858,LAMIN THAR,2.23756E+15,"20,000.00",0,0,0,10,0,0,0,"20,000.00",SUCCESS,,,
20/08/2026 9:21,2.10242E+19,31088K09210835000118,1.22026E+17,MMQR_PAYMENT,2102 - KBZ OI,4203 - MMIV RI,THIN THIN KHAING,2.23737E+15,MRCTBANK,5499,SEIN FAMILY,9790178150,SEIN FAMILY,2.23756E+15,"45,800.00",0,0,0,22.9,0,0,0,"45,800.00",SUCCESS,,,
20/08/2026 9:13,2.10242E+19,31088K09134589000162,1.22026E+17,MMQR_PAYMENT,2102 - KBZ OI,4203 - MMIV RI,Pyae Phyo Zin Min,2.23737E+15,MRCTBANK,5499,A.S.K,95156238,A.S.K,2.23756E+15,"230,000.00",0,0,0,115,0,0,0,"230,000.00",SUCCESS,,,
20/08/2026 9:12,3.10142E+19,wm128169183895025921978,1.22026E+17,MMQR_PAYMENT,3101 - WAVE OI,4203 - MMIV RI,Mi Cho Win,2.23441E+15,MRCTBANK,5499,Pa Hta Wi Ar Kar,9420558864,Pa Hta Wi Ar Kar,2.23756E+15,"73,000.00",0,0,0,36.5,0,0,0,"73,000.00",SUCCESS,,,
20/08/2026 9:11,2.10242E+19,31088K09114102000150,1.22026E+17,MMQR_PAYMENT,2102 - KBZ OI,4203 - MMIV RI,DAW YAN SENG YAW,2.23737E+15,MRCTBANK,5812,Eugenia Cafe,943200739,Eugenia Cafe,2.23756E+15,"10,500.00",52.5,24.15,28.35,5.25,0,0,18.9,"10,447.50",SUCCESS,,,
20/08/2026 9:09,2.10242E+19,31088K09085602000150,1.22026E+17,MMQR_PAYMENT,2102 - KBZ OI,4203 - MMIV RI,Kyaw Khaing Oo,2.23737E+15,MRCTBANK,5499,LAMIN THAR,9765787858,LAMIN THAR,2.23756E+15,"200,000.00",0,0,0,100,0,0,0,"200,000.00",SUCCESS,,,
20/08/2026 9:06,2.10142E+19,AYA21016a86683e26f5a8989c1f3c2d,1.22026E+17,MMQR_PAYMENT,2101 - AYA OI,4203 - MMIV RI,WIN AUNG,2.237E+15,MRCTBANK,5499,TAUNG PAW THU,9762613396,TAUNG PAW THU,2.23756E+15,"150,000.00",0,0,0,75,0,0,0,"150,000.00",SUCCESS,,,
20/08/2026 9:06,2.10242E+19,31088K09063128000125,1.22026E+17,MMQR_PAYMENT,2102 - KBZ OI,4203 - MMIV RI,Daw Kyi Kyi San,2.23737E+15,MRCTBANK,5499,Pa Hta Wi Ar Kar,9420558864,Pa Hta Wi Ar Kar,2.23756E+15,"303,000.00",0,0,0,151.5,0,0,0,"303,000.00",SUCCESS,,,
20/08/2026 9:06,2.10242E+19,31088K09062435000139,1.22026E+17,MMQR_PAYMENT,2102 - KBZ OI,4203 - MMIV RI,Daw Khin khin Tint,2.23737E+15,MRCTBANK,5499,La Woon Store,9763013719,La Woon Store,2.23756E+15,"179,000.00",0,0,0,89.5,0,0,0,"179,000.00",SUCCESS,,,
20/08/2026 9:05,3.10142E+19,wm128165146950010696050,1.22026E+17,MMQR_PAYMENT,3101 - WAVE OI,4203 - MMIV RI,Kyi Kyi San,2.23441E+15,MRCTBANK,5499,Pa Hta Wi Ar Kar,9420558864,Pa Hta Wi Ar Kar,2.23756E+15,"300,000.00",0,0,0,150,0,0,0,"300,000.00",SUCCESS,,,
20/08/2026 9:04,2.10242E+19,31088K09042243000128,1.22026E+17,MMQR_PAYMENT,2102 - KBZ OI,4203 - MMIV RI,Min Khant Naing,2.23737E+15,MRCTBANK,5499,San Cherry Electronic,9452241144,San Cherry Electronic,2.23756E+15,"10,000.00",0,0,0,5,0,0,0,"10,000.00",SUCCESS,,,
20/08/2026 8:56,2.10242E+19,31088K08560556000305,1.22026E+17,MMQR_PAYMENT,2102 - KBZ OI,4203 - MMIV RI,U ZAW LIN TUN,2.23737E+15,MRCTBANK,5499,San Cherry Electronic,9452241144,San Cherry Electronic,2.23756E+15,"60,600.00",0,0,0,30.3,0,0,0,"60,600.00",SUCCESS,,,
20/08/2026 8:52,2.10242E+19,31088K08523543000146,1.22026E+17,MMQR_PAYMENT,2102 - KBZ OI,4203 - MMIV RI,Daw Thet Thet Hnin,2.23737E+15,MRCTBANK,5499,Pa Hta Wi Ar Kar,9420558864,Pa Hta Wi Ar Kar,2.23756E+15,"50,000.00",0,0,0,25,0,0,0,"50,000.00",SUCCESS,,,
20/08/2026 8:52,3.10142E+19,wm128157108542799391936,1.22026E+17,MMQR_PAYMENT,3101 - WAVE OI,4203 - MMIV RI,Win Zaw,2.23441E+15,MRCTBANK,5499,Moe San,9891371722,Moe San,2.23756E+15,"100,000.00",0,0,0,50,0,0,0,"100,000.00",SUCCESS,,,
20/08/2026 8:42,2.10242E+19,31088K08421135000153,1.22026E+17,MMQR_PAYMENT,2102 - KBZ OI,4203 - MMIV RI,Wai Lin,2.23737E+15,MRCTBANK,5499,La Woon Store,9763013719,La Woon Store,2.23756E+15,"17,000.00",0,0,0,8.5,0,0,0,"17,000.00",SUCCESS,,,
20/08/2026 8:41,2.10242E+19,31088K08414489000151,1.22026E+17,MMQR_PAYMENT,2102 - KBZ OI,4203 - MMIV RI,Ma Shwe Sin Htun,2.23737E+15,MRCTBANK,5499,Pa Hta Wi Ar Kar,9420558864,Pa Hta Wi Ar Kar,2.23756E+15,"20,200.00",0,0,0,10.1,0,0,0,"20,200.00",SUCCESS,,,
20/08/2026 8:35,2.10242E+19,31088K08350635000125,1.22026E+17,MMQR_PAYMENT,2102 - KBZ OI,4203 - MMIV RI,Daw Kyi Kyi San,2.23737E+15,MRCTBANK,5499,Pa Hta Wi Ar Kar,9420558864,Pa Hta Wi Ar Kar,2.23756E+15,"20,100.00",0,0,0,10.05,0,0,0,"20,100.00",SUCCESS,,,
20/08/2026 8:29,2.10242E+19,31088K08295143000106,1.22026E+17,MMQR_PAYMENT,2102 - KBZ OI,4203 - MMIV RI,YuWarHlaing,2.23737E+15,MRCTBANK,5499,La Woon Store,9763013719,La Woon Store,2.23756E+15,"15,000.00",0,0,0,7.5,0,0,0,"15,000.00",SUCCESS,,,
20/08/2026 8:28,3.10142E+19,wm128142960824627298385,1.22026E+17,MMQR_PAYMENT,3101 - WAVE OI,4203 - MMIV RI,Yu War Hlaing,2.23441E+15,MRCTBANK,5499,La Woon Store,9763013719,La Woon Store,2.23756E+15,"100,000.00",0,0,0,50,0,0,0,"100,000.00",SUCCESS,,,
20/08/2026 8:28,2.10242E+19,31088K08283843000145,1.22026E+17,MMQR_PAYMENT,2102 - KBZ OI,4203 - MMIV RI,Nilar Thwin,2.23737E+15,MRCTBANK,5499,ANGEL,9968970070,ANGEL,2.23756E+15,"20,000.00",0,0,0,10,0,0,0,"20,000.00",SUCCESS,,,
20/08/2026 8:28,3.10142E+19,wm128142476945696548416,1.22026E+17,MMQR_PAYMENT,3101 - WAVE OI,4203 - MMIV RI,Lin Htal War,2.23441E+15,MRCTBANK,5499,Pa Hta Wi Ar Kar,9420558864,Pa Hta Wi Ar Kar,2.23756E+15,"60,000.00",0,0,0,30,0,0,0,"60,000.00",SUCCESS,,,
20/08/2026 8:23,2.10242E+19,31088K08232102000147,1.22026E+17,MMQR_PAYMENT,2102 - KBZ OI,4203 - MMIV RI,Yan Win Aung,2.23737E+15,MRCTBANK,5499,Hla Thidar Aung Store,9795551319,Hla Thidar Aung Store,2.23756E+15,"20,200.00",0,0,0,10.1,0,0,0,"20,200.00",SUCCESS,,,
20/08/2026 8:05,3.10142E+19,wm128128974818198753694,1.22026E+17,MMQR_PAYMENT,3101 - WAVE OI,4203 - MMIV RI,Zin Mar Naing,2.23441E+15,MRCTBANK,5499,Pa Hta Wi Ar Kar,9420558864,Pa Hta Wi Ar Kar,2.23756E+15,"30,000.00",0,0,0,15,0,0,0,"30,000.00",SUCCESS,,,
20/08/2026 7:59,2.10242E+19,31088K07595343000260,1.22026E+17,MMQR_PAYMENT,2102 - KBZ OI,4203 - MMIV RI,YEE YEE MON,2.23737E+15,MRCTBANK,5499,A LINN THIT MOBILE,9898459560,A LINN THIT MOBILE,2.23756E+15,"10,200.00",0,0,0,5.1,0,0,0,"10,200.00",SUCCESS,,,
20/08/2026 7:54,2.10242E+19,31088K07541043000140,1.22026E+17,MMQR_PAYMENT,2102 - KBZ OI,4203 - MMIV RI,Aye Min Aung,2.23737E+15,MRCTBANK,5499,Moe San,9891371722,Moe San,2.23756E+15,"80,000.00",0,0,0,40,0,0,0,"80,000.00",SUCCESS,,,
20/08/2026 7:46,2.10242E+19,31088K07461643000243,1.22026E+17,MMQR_PAYMENT,2102 - KBZ OI,4203 - MMIV RI,ZAW MIN THU,2.23737E+15,MRCTBANK,5499,Pa Hta Wi Ar Kar,9420558864,Pa Hta Wi Ar Kar,2.23756E+15,"30,000.00",0,0,0,15,0,0,0,"30,000.00",SUCCESS,,,
20/08/2026 7:35,2.10242E+19,31088K07350435000108,1.22026E+17,MMQR_PAYMENT,2102 - KBZ OI,4203 - MMIV RI,Kyaw Naing Soe,2.23737E+15,MRCTBANK,5499,KHIT YOE YAR,9792262224,KHIT YOE YAR,2.23756E+15,"34,000.00",0,0,0,17,0,0,0,"34,000.00",SUCCESS,,,
20/08/2026 7:35,2.10242E+19,31088K07345243000110,1.22026E+17,MMQR_PAYMENT,2102 - KBZ OI,4203 - MMIV RI,NAW MARLAR WIN,2.23737E+15,MRCTBANK,5499,Kyauk Taung Gyi,9799958230,Kyauk Taung Gyi,2.23756E+15,"56,000.00",0,0,0,28,0,0,0,"56,000.00",SUCCESS,,,
20/08/2026 7:32,2.10242E+19,31088K07322256000110,1.22026E+17,MMQR_PAYMENT,2102 - KBZ OI,4203 - MMIV RI,NAW MARLAR WIN,2.23737E+15,MRCTBANK,5499,Kyauk Taung Gyi,9799958230,Kyauk Taung Gyi,2.23756E+15,"500,000.00",0,0,0,250,0,0,0,"500,000.00",SUCCESS,,,
20/08/2026 7:31,2.10242E+19,31088K07315035000110,1.22026E+17,MMQR_PAYMENT,2102 - KBZ OI,4203 - MMIV RI,NAW MARLAR WIN,2.23737E+15,MRCTBANK,5499,Kyauk Taung Gyi,9799958230,Kyauk Taung Gyi,2.23756E+15,"500,000.00",0,0,0,250,0,0,0,"500,000.00",SUCCESS,,,
20/08/2026 7:31,2.10242E+19,31088K07312143000110,1.22026E+17,MMQR_PAYMENT,2102 - KBZ OI,4203 - MMIV RI,NAW MARLAR WIN,2.23737E+15,MRCTBANK,5499,Kyauk Taung Gyi,9799958230,Kyauk Taung Gyi,2.23756E+15,"500,000.00",0,0,0,250,0,0,0,"500,000.00",SUCCESS,,,
20/08/2026 7:31,2.10242E+19,31088K07305656000110,1.22026E+17,MMQR_PAYMENT,2102 - KBZ OI,4203 - MMIV RI,NAW MARLAR WIN,2.23737E+15,MRCTBANK,5499,Kyauk Taung Gyi,9799958230,Kyauk Taung Gyi,2.23756E+15,"500,000.00",0,0,0,250,0,0,0,"500,000.00",SUCCESS,,,
20/08/2026 7:30,2.10242E+19,31088K07303156000110,1.22026E+17,MMQR_PAYMENT,2102 - KBZ OI,4203 - MMIV RI,NAW MARLAR WIN,2.23737E+15,MRCTBANK,5499,Kyauk Taung Gyi,9799958230,Kyauk Taung Gyi,2.23756E+15,"500,000.00",0,0,0,250,0,0,0,"500,000.00",SUCCESS,,,
20/08/2026 7:30,2.10242E+19,31088K07300656000110,1.22026E+17,MMQR_PAYMENT,2102 - KBZ OI,4203 - MMIV RI,NAW MARLAR WIN,2.23737E+15,MRCTBANK,5499,Kyauk Taung Gyi,9799958230,Kyauk Taung Gyi,2.23756E+15,"500,000.00",0,0,0,250,0,0,0,"500,000.00",SUCCESS,,,
20/08/2026 7:29,2.10242E+19,31088K07293702000110,1.22026E+17,MMQR_PAYMENT,2102 - KBZ OI,4203 - MMIV RI,NAW MARLAR WIN,2.23737E+15,MRCTBANK,5499,Kyauk Taung Gyi,9799958230,Kyauk Taung Gyi,2.23756E+15,"500,000.00",0,0,0,250,0,0,0,"500,000.00",SUCCESS,,,
20/08/2026 7:29,2.10242E+19,31088K07290743000110,1.22026E+17,MMQR_PAYMENT,2102 - KBZ OI,4203 - MMIV RI,NAW MARLAR WIN,2.23737E+15,MRCTBANK,5499,Kyauk Taung Gyi,9799958230,Kyauk Taung Gyi,2.23756E+15,"500,000.00",0,0,0,250,0,0,0,"500,000.00",SUCCESS,,,
20/08/2026 6:58,3.10142E+19,wm128088680277658427768,1.22026E+17,MMQR_PAYMENT,3101 - WAVE OI,4203 - MMIV RI,Nwe Nwe Oo,2.23441E+15,MRCTBANK,5499,KHINE MYITTER,9789470438,KHINE MYITTER,2.23756E+15,"10,000.00",0,0,0,5,0,0,0,"10,000.00",SUCCESS,,,
20/08/2026 6:53,2.10242E+19,31088K06530428000124,1.22026E+17,MMQR_PAYMENT,2102 - KBZ OI,4203 - MMIV RI,THAN HTUT AUNG,2.23737E+15,MRCTBANK,5499,SEIN MITHARSU(2),9740011544,SEIN MITHARSU(2),2.23756E+15,"101,400.00",0,0,0,50.7,0,0,0,"101,400.00",SUCCESS,,,
20/08/2026 6:45,2.10242E+19,31088K06453143000129,1.22026E+17,MMQR_PAYMENT,2102 - KBZ OI,4203 - MMIV RI,ZAW HTOO AUNG,2.23737E+15,MRCTBANK,5499,AK Store,9402737790,AK Store,2.23756E+15,"3,000.00",0,0,0,1.5,0,0,0,"3,000.00",SUCCESS,,,
20/08/2026 0:25,2.10242E+19,31088K00253643000161,1.22026E+17,MMQR_PAYMENT,2102 - KBZ OI,4203 - MMIV RI,Theimt Nandar Aung,2.23737E+15,MRCTBANK,5499,Lucky Store,9795553574,Lucky Store,2.23756E+15,"388,800.00",0,0,0,194.4,0,0,0,"388,800.00",SUCCESS,,,
20/08/2026 0:23,2.10142E+19,AYA21016a85ed9a70a0ce059a9a1385,1.22026E+17,MMQR_PAYMENT,2101 - AYA OI,4203 - MMIV RI,THEINT NANDAR AUNG,2.237E+15,MRCTBANK,5499,Lucky Store,9795553574,Lucky Store,2.23756E+15,"200,000.00",0,0,0,100,0,0,0,"200,000.00",SUCCESS,,,
20/08/2026 0:20,2.10242E+19,31088K00202243000161,1.22026E+17,MMQR_PAYMENT,2102 - KBZ OI,4203 - MMIV RI,Theimt Nandar Aung,2.23737E+15,MRCTBANK,5499,Lucky Store,9795553574,Lucky Store,2.23756E+15,"500,000.00",0,0,0,250,0,0,0,"500,000.00",SUCCESS,,,
20/08/2026 0:20,2.10242E+19,31088K00200056000161,1.22026E+17,MMQR_PAYMENT,2102 - KBZ OI,4203 - MMIV RI,Theimt Nandar Aung,2.23737E+15,MRCTBANK,5499,Lucky Store,9795553574,Lucky Store,2.23756E+15,"500,000.00",0,0,0,250,0,0,0,"500,000.00",SUCCESS,,,
20/08/2026 0:19,2.10242E+19,31088K00192228000161,1.22026E+17,MMQR_PAYMENT,2102 - KBZ OI,4203 - MMIV RI,Theimt Nandar Aung,2.23737E+15,MRCTBANK,5499,Lucky Store,9795553574,Lucky Store,2.23756E+15,"500,000.00",0,0,0,250,0,0,0,"500,000.00",SUCCESS,,,
20/08/2026 0:19,2.10242E+19,31088K00185802000161,1.22026E+17,MMQR_PAYMENT,2102 - KBZ OI,4203 - MMIV RI,Theimt Nandar Aung,2.23737E+15,MRCTBANK,5499,Lucky Store,9795553574,Lucky Store,2.23756E+15,"500,000.00",0,0,0,250,0,0,0,"500,000.00",SUCCESS,,,
20/08/2026 0:18,2.10242E+19,31088K00180828000161,1.22026E+17,MMQR_PAYMENT,2102 - KBZ OI,4203 - MMIV RI,Theimt Nandar Aung,2.23737E+15,MRCTBANK,5499,Lucky Store,9795553574,Lucky Store,2.23756E+15,"500,000.00",0,0,0,250,0,0,0,"500,000.00",SUCCESS,,,
20/08/2026 0:17,2.10242E+19,31088K00172302000161,1.22026E+17,MMQR_PAYMENT,2102 - KBZ OI,4203 - MMIV RI,Theimt Nandar Aung,2.23737E+15,MRCTBANK,5499,Lucky Store,9795553574,Lucky Store,2.23756E+15,"500,000.00",0,0,0,250,0,0,0,"500,000.00",SUCCESS,,,
20/08/2026 0:17,2.10242E+19,31088K00165728000161,1.22026E+17,MMQR_PAYMENT,2102 - KBZ OI,4203 - MMIV RI,Theimt Nandar Aung,2.23737E+15,MRCTBANK,5499,Lucky Store,9795553574,Lucky Store,2.23756E+15,"500,000.00",0,0,0,250,0,0,0,"500,000.00",SUCCESS,,,
20/08/2026 0:16,2.10242E+19,31088K00163135000161,1.22026E+17,MMQR_PAYMENT,2102 - KBZ OI,4203 - MMIV RI,Theimt Nandar Aung,2.23737E+15,MRCTBANK,5499,Lucky Store,9795553574,Lucky Store,2.23756E+15,"500,000.00",0,0,0,250,0,0,0,"500,000.00",SUCCESS,,,
19/08/2026 23:15,2.10242E+19,31088J23155002000162,1.22026E+17,MMQR_PAYMENT,2102 - KBZ OI,4203 - MMIV RI,Shine Kyaw Kyaw Bo,2.23737E+15,MRCTBANK,5499,SAN THIT LWIN,9966431676,SAN THIT LWIN,2.23756E+15,"10,000.00",0,0,0,5,0,0,0,"10,000.00",SUCCESS,,,
19/08/2026 22:38,2.10242E+19,31088J22381828000244,1.22026E+17,MMQR_PAYMENT,2102 - KBZ OI,4203 - MMIV RI,U Tun Myint Kyaw,2.23737E+15,MRCTBANK,5499,Lucky Store,9795553574,Lucky Store,2.23756E+15,"7,600.00",0,0,0,3.8,0,0,0,"7,600.00",SUCCESS,,,
19/08/2026 22:28,2.10242E+19,31088J22281989000100,1.22026E+17,MMQR_PAYMENT,2102 - KBZ OI,4203 - MMIV RI,Mg Soe Thiha,2.23737E+15,MRCTBANK,5499,Lucky Store,9795553574,Lucky Store,2.23756E+15,"85,000.00",0,0,0,42.5,0,0,0,"85,000.00",SUCCESS,,,
19/08/2026 22:15,2.10242E+19,31088J22154435000132,1.22026E+17,MMQR_PAYMENT,2102 - KBZ OI,4203 - MMIV RI,Zwe Phone Lin,2.23737E+15,MRCTBANK,5499,Lucky Store,9795553574,Lucky Store,2.23756E+15,"4,500.00",0,0,0,2.25,0,0,0,"4,500.00",SUCCESS,,,
19/08/2026 21:32,2.10542E+19,E2E223767202608192132359927783594,1.22026E+17,MMQR_PAYMENT,2105 - UAB OI,4203 - MMIV RI,Htet Htet,2.23768E+15,MRCTBANK,5499,Lucky Store,9795553574,Lucky Store,2.23756E+15,"4,000.00",0,0,0,2,0,0,0,"4,000.00",SUCCESS,,,
19/08/2026 21:27,2.10242E+19,31088J21273743000121,1.22026E+17,MMQR_PAYMENT,2102 - KBZ OI,4203 - MMIV RI,Chan Myae Ko Ko,2.23737E+15,MRCTBANK,5499,Lucky Store,9795553574,Lucky Store,2.23756E+15,"4,100.00",0,0,0,2.05,0,0,0,"4,100.00",SUCCESS,,,
19/08/2026 21:16,2.10242E+19,31088J21163728000100,1.22026E+17,MMQR_PAYMENT,2102 - KBZ OI,4203 - MMIV RI,Kaung Khant Kyaw,2.23737E+15,MRCTBANK,5499,KHIN HNIN WAI,9253007127,KHIN HNIN WAI,2.23756E+15,"2,000.00",0,0,0,1,0,0,0,"2,000.00",SUCCESS,,,
19/08/2026 21:12,2.10142E+19,AYA21016a85c0d19c64c6abc94af752,1.22026E+17,MMQR_PAYMENT,2101 - AYA OI,4203 - MMIV RI,WAI YAN TUN,2.237E+15,MRCTBANK,5499,SAN THIT LWIN,9966431676,SAN THIT LWIN,2.23756E+15,"29,800.00",0,0,0,14.9,0,0,0,"29,800.00",SUCCESS,,,
19/08/2026 21:07,2.10242E+19,31088J21070689000148,1.22026E+17,MMQR_PAYMENT,2102 - KBZ OI,4203 - MMIV RI,Maung Maung Tun,2.23737E+15,MRCTBANK,5499,Pa Hta Wi Ar Kar,9420558864,Pa Hta Wi Ar Kar,2.23756E+15,"425,600.00",0,0,0,212.8,0,0,0,"425,600.00",SUCCESS,,,
19/08/2026 21:05,2.10242E+19,31088J21053935000144,1.22026E+17,MMQR_PAYMENT,2102 - KBZ OI,4203 - MMIV RI,ma mi cho win,2.23737E+15,MRCTBANK,5499,Pa Hta Wi Ar Kar,9420558864,Pa Hta Wi Ar Kar,2.23756E+15,"419,500.00",0,0,0,209.75,0,0,0,"419,500.00",SUCCESS,,,
19/08/2026 21:05,2.10242E+19,31088J21045589000159,1.22026E+17,MMQR_PAYMENT,2102 - KBZ OI,4203 - MMIV RI,Mg Zay Yar  Tun,2.23737E+15,MRCTBANK,5499,Pa Hta Wi Ar Kar,9420558864,Pa Hta Wi Ar Kar,2.23756E+15,"20,000.00",0,0,0,10,0,0,0,"20,000.00",SUCCESS,,,
19/08/2026 21:03,2.10242E+19,31088J21032535000301,1.22026E+17,MMQR_PAYMENT,2102 - KBZ OI,4203 - MMIV RI,Ma hnin Hnin wai,2.23737E+15,MRCTBANK,5499,LAMIN THAR,9765787858,LAMIN THAR,2.23756E+15,"8,200.00",0,0,0,4.1,0,0,0,"8,200.00",SUCCESS,,,
19/08/2026 20:50,3.10142E+19,wm127723590646434685801,1.22026E+17,MMQR_PAYMENT,3101 - WAVE OI,4203 - MMIV RI,Wai Yan Phyo,2.23441E+15,MRCTBANK,5499,LAMIN THAR,9765787858,LAMIN THAR,2.23756E+15,100,0,0,0,0.05,0,0,0,100,SUCCESS,,,
19/08/2026 20:49,3.10142E+19,wm63955676733964639535,1.22026E+17,MMQR_PAYMENT,3101 - WAVE OI,4203 - MMIV RI,Wai Yan Phyo,2.23441E+15,MRCTBANK,5499,LAMIN THAR,9765787858,LAMIN THAR,2.23756E+15,"5,000.00",0,0,0,2.5,0,0,0,"5,000.00",SUCCESS,,,
19/08/2026 20:35,2.10242E+19,31088J20350335000148,1.22026E+17,MMQR_PAYMENT,2102 - KBZ OI,4203 - MMIV RI,Phyo Thet Khaing,2.23737E+15,MRCTBANK,5499,ANGEL,9968970070,ANGEL,2.23756E+15,"7,600.00",0,0,0,3.8,0,0,0,"7,600.00",SUCCESS,,,
19/08/2026 20:24,2.10242E+19,31088J20244389000231,1.22026E+17,MMQR_PAYMENT,2102 - KBZ OI,4203 - MMIV RI,Mya Wut Yee,2.23737E+15,MRCTBANK,5812,Eugenia Cafe,943200739,Eugenia Cafe,2.23756E+15,"59,300.00",296.5,136.39,160.11,29.65,0,0,106.74,"59,003.50",SUCCESS,,,
19/08/2026 20:19,2.10242E+19,31088J20190402000145,1.22026E+17,MMQR_PAYMENT,2102 - KBZ OI,4203 - MMIV RI,Dar Li Pont Pont,2.23737E+15,MRCTBANK,5812,Eugenia Cafe,943200739,Eugenia Cafe,2.23756E+15,"44,100.00",220.5,101.43,119.07,22.05,0,0,79.38,"43,879.50",SUCCESS,,,
19/08/2026 20:10,2.10242E+19,31088J20103056000228,1.22026E+17,MMQR_PAYMENT,2102 - KBZ OI,4203 - MMIV RI,PYAE WON ZAW,2.23737E+15,MRCTBANK,5812,Eugenia Cafe,943200739,Eugenia Cafe,2.23756E+15,"51,400.00",257,118.22,138.78,25.7,0,0,92.52,"51,143.00",SUCCESS,,,
19/08/2026 20:04,2.10542E+19,E2E223767202608192004546281287886,1.22026E+17,MMQR_PAYMENT,2105 - UAB OI,4203 - MMIV RI,Yu Yu Naing,2.23768E+15,MRCTBANK,5499,IC 2,9959533636,IC 2,2.23756E+15,"70,000.00",0,0,0,35,0,0,0,"70,000.00",SUCCESS,,,
19/08/2026 20:04,3.10142E+19,wm127696213871228622706,1.22026E+17,MMQR_PAYMENT,3101 - WAVE OI,4203 - MMIV RI,Myat Myat Soe,2.23441E+15,MRCTBANK,5499,PYI SONE WIN PHONE STORE,9770050552,PYI SONE WIN PHONE STORE,2.23756E+15,"34,000.00",0,0,0,17,0,0,0,"34,000.00",SUCCESS,,,
19/08/2026 20:03,2.10342E+19,FT262321D08P,1.22026E+17,MMQR_PAYMENT,2103 - CB OI,4203 - MMIV RI,HTET MYAT AUNG,2.23772E+15,MRCTBANK,5812,Eugenia Cafe,943200739,Eugenia Cafe,2.23756E+15,"64,050.00",320.25,147.31,172.94,32.03,0,0,115.28,"63,729.75",SUCCESS,,,
19/08/2026 20:02,2.10542E+19,E2E223767202608192002096542052224,1.22026E+17,MMQR_PAYMENT,2105 - UAB OI,4203 - MMIV RI,Yu Yu Naing,2.23768E+15,MRCTBANK,5499,IC 2,9959533636,IC 2,2.23756E+15,"220,000.00",0,0,0,110,0,0,0,"220,000.00",SUCCESS,,,
19/08/2026 19:56,2.10242E+19,31088J19555656000115,1.22026E+17,MMQR_PAYMENT,2102 - KBZ OI,4203 - MMIV RI,U PHONE THITSAR MIN,2.23737E+15,MRCTBANK,5499,KHIN HNIN WAI,9253007127,KHIN HNIN WAI,2.23756E+15,"11,800.00",0,0,0,5.9,0,0,0,"11,800.00",SUCCESS,,,
19/08/2026 19:55,2.10242E+19,31088J19552243000117,1.22026E+17,MMQR_PAYMENT,2102 - KBZ OI,4203 - MMIV RI,Thandar Aung,2.23737E+15,MRCTBANK,5499,SOUL COFFEE STUDIO,9421128983,SOUL COFFEE STUDIO,2.23756E+15,"4,500.00",0,0,0,2.25,0,0,0,"4,500.00",SUCCESS,,,
19/08/2026 19:53,2.10242E+19,31088J19532202000133,1.22026E+17,MMQR_PAYMENT,2102 - KBZ OI,4203 - MMIV RI,Mg Myo Thant,2.23737E+15,MRCTBANK,5499,A.S.K,95156238,A.S.K,2.23756E+15,"78,900.00",0,0,0,39.45,0,0,0,"78,900.00",SUCCESS,,,
19/08/2026 19:53,2.10242E+19,31088J19531602000144,1.22026E+17,MMQR_PAYMENT,2102 - KBZ OI,4203 - MMIV RI,Nyi Nyi Aung,2.23737E+15,MRCTBANK,5812,Eugenia Cafe,943200739,Eugenia Cafe,2.23756E+15,"47,250.00",236.25,108.67,127.58,23.63,0,0,85.04,"47,013.75",SUCCESS,,,
19/08/2026 19:50,2.10242E+19,31088J19504035000205,1.22026E+17,MMQR_PAYMENT,2102 - KBZ OI,4203 - MMIV RI,Daw Zar Chi Thaung,2.23737E+15,MRCTBANK,5499,A.S.K,95156238,A.S.K,2.23756E+15,"62,500.00",0,0,0,31.25,0,0,0,"62,500.00",SUCCESS,,,
19/08/2026 19:49,2.10242E+19,31088J19492789000113,1.22026E+17,MMQR_PAYMENT,2102 - KBZ OI,4203 - MMIV RI,Myint Hein Kyaw,2.23737E+15,MRCTBANK,5499,SOUL COFFEE STUDIO,9421128983,SOUL COFFEE STUDIO,2.23756E+15,"15,000.00",0,0,0,7.5,0,0,0,"15,000.00",SUCCESS,,,
19/08/2026 19:48,3.10142E+19,wm127686834929910483766,1.22026E+17,MMQR_PAYMENT,3101 - WAVE OI,4203 - MMIV RI,Zin Thu Kyaw Khine,2.23441E+15,MRCTBANK,5499,DAW KYIN SHWE,95151480,DAW KYIN SHWE,2.23756E+15,"30,000.00",0,0,0,15,0,0,0,"30,000.00",SUCCESS,,,
19/08/2026 19:45,2.10242E+19,31088J19451235000243,1.22026E+17,MMQR_PAYMENT,2102 - KBZ OI,4203 - MMIV RI,WAI KHANT AUNG,2.23737E+15,MRCTBANK,5499,La Woon Store,9763013719,La Woon Store,2.23756E+15,700,0,0,0,0.35,0,0,0,700,SUCCESS,,,
19/08/2026 19:45,2.10242E+19,31088J19445835000305,1.22026E+17,MMQR_PAYMENT,2102 - KBZ OI,4203 - MMIV RI,Myo Kyaw Myint,2.23737E+15,MRCTBANK,5812,Eugenia Cafe,943200739,Eugenia Cafe,2.23756E+15,"109,700.00",548.5,252.31,296.19,54.85,0,0,197.46,"109,151.50",SUCCESS,,,
19/08/2026 19:44,2.10242E+19,31088J19443756000243,1.22026E+17,MMQR_PAYMENT,2102 - KBZ OI,4203 - MMIV RI,WAI KHANT AUNG,2.23737E+15,MRCTBANK,5499,La Woon Store,9763013719,La Woon Store,2.23756E+15,"20,200.00",0,0,0,10.1,0,0,0,"20,200.00",SUCCESS,,,
19/08/2026 19:44,2.10242E+19,31088J19443043000132,1.22026E+17,MMQR_PAYMENT,2102 - KBZ OI,4203 - MMIV RI,Kaung Myint Wai Yan,2.23737E+15,MRCTBANK,5499,SOUL COFFEE STUDIO,9421128983,SOUL COFFEE STUDIO,2.23756E+15,"13,000.00",0,0,0,6.5,0,0,0,"13,000.00",SUCCESS,,,
19/08/2026 19:43,3.10142E+19,wm127683645833479586022,1.22026E+17,MMQR_PAYMENT,3101 - WAVE OI,4203 - MMIV RI,Aung Kyaw Zin,2.23441E+15,MRCTBANK,5499,PYI SONE WIN PHONE STORE,9770050552,PYI SONE WIN PHONE STORE,2.23756E+15,"59,000.00",0,0,0,29.5,0,0,0,"59,000.00",SUCCESS,,,
19/08/2026 19:37,2.10242E+19,31088J19373828000233,1.22026E+17,MMQR_PAYMENT,2102 - KBZ OI,4203 - MMIV RI,Daw Si Si Win,2.23737E+15,MRCTBANK,5499,ANGEL,9968970070,ANGEL,2.23756E+15,"2,500.00",0,0,0,1.25,0,0,0,"2,500.00",SUCCESS,,,
19/08/2026 19:37,3.10142E+19,wm127679842534077993391,1.22026E+17,MMQR_PAYMENT,3101 - WAVE OI,4203 - MMIV RI,Kyi Kyi Ohn,2.23441E+15,MRCTBANK,5499,PYI SONE WIN PHONE STORE,9770050552,PYI SONE WIN PHONE STORE,2.23756E+15,"30,000.00",0,0,0,15,0,0,0,"30,000.00",SUCCESS,,,
19/08/2026 19:34,2.10242E+19,31088J19341002000259,1.22026E+17,MMQR_PAYMENT,2102 - KBZ OI,4203 - MMIV RI,DAW YOI JE,2.23737E+15,MRCTBANK,5499,ANGEL,9968970070,ANGEL,2.23756E+15,"19,200.00",0,0,0,9.6,0,0,0,"19,200.00",SUCCESS,,,
19/08/2026 19:28,2.10242E+19,31088J19282756000124,1.22026E+17,MMQR_PAYMENT,2102 - KBZ OI,4203 - MMIV RI,U YE YINT HTUN,2.23737E+15,MRCTBANK,5499,LAMIN THAR,9765787858,LAMIN THAR,2.23756E+15,"50,500.00",0,0,0,25.25,0,0,0,"50,500.00",SUCCESS,,,
19/08/2026 19:25,2.10142E+19,AYA21016a85a7cad9af72a66537fbba,1.22026E+17,MMQR_PAYMENT,2101 - AYA OI,4203 - MMIV RI,YE LIN KYAW,2.237E+15,MRCTBANK,5499,TAUNG PAW THU,9762613396,TAUNG PAW THU,2.23756E+15,"15,000.00",0,0,0,7.5,0,0,0,"15,000.00",SUCCESS,,,
19/08/2026 19:25,2.10242E+19,31088J19250089000102,1.22026E+17,MMQR_PAYMENT,2102 - KBZ OI,4203 - MMIV RI,DAW EI EI PHYU,2.23737E+15,MRCTBANK,5499,SOE THIT SAN MOBILE SHOP,9790712555,SOE THIT SAN MOBILE SHOP,2.23756E+15,"5,000.00",0,0,0,2.5,0,0,0,"5,000.00",SUCCESS,,,
19/08/2026 19:24,2.10242E+19,31088J19244856000102,1.22026E+17,MMQR_PAYMENT,2102 - KBZ OI,4203 - MMIV RI,DAW EI EI PHYU,2.23737E+15,MRCTBANK,5499,SOE THIT SAN MOBILE SHOP,9790712555,SOE THIT SAN MOBILE SHOP,2.23756E+15,"5,000.00",0,0,0,2.5,0,0,0,"5,000.00",SUCCESS,,,
19/08/2026 19:24,2.10242E+19,31088J19243643000202,1.22026E+17,MMQR_PAYMENT,2102 - KBZ OI,4203 - MMIV RI,DAW EI EI PHYU,2.23737E+15,MRCTBANK,5499,SOE THIT SAN MOBILE SHOP,9790712555,SOE THIT SAN MOBILE SHOP,2.23756E+15,"5,000.00",0,0,0,2.5,0,0,0,"5,000.00",SUCCESS,,,
19/08/2026 19:24,2.10242E+19,31088J19242428000102,1.22026E+17,MMQR_PAYMENT,2102 - KBZ OI,4203 - MMIV RI,DAW EI EI PHYU,2.23737E+15,MRCTBANK,5499,SOE THIT SAN MOBILE SHOP,9790712555,SOE THIT SAN MOBILE SHOP,2.23756E+15,"5,000.00",0,0,0,2.5,0,0,0,"5,000.00",SUCCESS,,,
19/08/2026 19:24,2.10242E+19,31088J19240835000202,1.22026E+17,MMQR_PAYMENT,2102 - KBZ OI,4203 - MMIV RI,DAW EI EI PHYU,2.23737E+15,MRCTBANK,5499,SOE THIT SAN MOBILE SHOP,9790712555,SOE THIT SAN MOBILE SHOP,2.23756E+15,"5,000.00",0,0,0,2.5,0,0,0,"5,000.00",SUCCESS,,,
19/08/2026 19:24,2.10242E+19,31088J19235189000102,1.22026E+17,MMQR_PAYMENT,2102 - KBZ OI,4203 - MMIV RI,DAW EI EI PHYU,2.23737E+15,MRCTBANK,5499,SOE THIT SAN MOBILE SHOP,9790712555,SOE THIT SAN MOBILE SHOP,2.23756E+15,"5,000.00",0,0,0,2.5,0,0,0,"5,000.00",SUCCESS,,,
19/08/2026 19:22,2.10242E+19,31088J19221628000140,1.22026E+17,MMQR_PAYMENT,2102 - KBZ OI,4203 - MMIV RI,U Zaw Toe,2.23737E+15,MRCTBANK,5812,Eugenia Cafe,943200739,Eugenia Cafe,2.23756E+15,"29,400.00",147,67.62,79.38,14.7,0,0,52.92,"29,253.00",SUCCESS,,,
19/08/2026 19:18,2.10242E+19,31088J19181889000129,1.22026E+17,MMQR_PAYMENT,2102 - KBZ OI,4203 - MMIV RI,may zin oo,2.23737E+15,MRCTBANK,5499,SEIN MITHARSU(2),9740011544,SEIN MITHARSU(2),2.23756E+15,"6,000.00",0,0,0,3,0,0,0,"6,000.00",SUCCESS,,,
19/08/2026 19:18,2.10342E+19,FT26231DQTCX,1.22026E+17,MMQR_PAYMENT,2103 - CB OI,4203 - MMIV RI,DAW AYE MYAT NWE,2.23772E+15,MRCTBANK,5499,SOE THIT SAN MOBILE SHOP,9790712555,SOE THIT SAN MOBILE SHOP,2.23756E+15,"51,000.00",0,0,0,25.5,0,0,0,"51,000.00",SUCCESS,,,
19/08/2026 19:17,2.10342E+19,FT262315V649,1.22026E+17,MMQR_PAYMENT,2103 - CB OI,4203 - MMIV RI,DAW AYE MYAT NWE,2.23772E+15,MRCTBANK,5499,SOE THIT SAN MOBILE SHOP,9790712555,SOE THIT SAN MOBILE SHOP,2.23756E+15,"50,000.00",0,0,0,25,0,0,0,"50,000.00",SUCCESS,,,
19/08/2026 19:17,2.10342E+19,FT26231QNZ9Q,1.22026E+17,MMQR_PAYMENT,2103 - CB OI,4203 - MMIV RI,DAW AYE MYAT NWE,2.23772E+15,MRCTBANK,5499,SOE THIT SAN MOBILE SHOP,9790712555,SOE THIT SAN MOBILE SHOP,2.23756E+15,"50,000.00",0,0,0,25,0,0,0,"50,000.00",SUCCESS,,,
19/08/2026 19:10,2.10242E+19,31088J19095702000149,1.22026E+17,MMQR_PAYMENT,2102 - KBZ OI,4203 - MMIV RI,Thae Phyu Win,2.23737E+15,MRCTBANK,5499,Moe San,9891371722,Moe San,2.23756E+15,"210,000.00",0,0,0,105,0,0,0,"210,000.00",SUCCESS,,,
19/08/2026 19:09,2.10242E+19,31088J19091028000261,1.22026E+17,MMQR_PAYMENT,2102 - KBZ OI,4203 - MMIV RI,Yan Naing Tun,2.23737E+15,MRCTBANK,5499,CNT Tech,9457773200,CNT Tech,2.23756E+15,"30,500.00",0,0,0,15.25,0,0,0,"30,500.00",SUCCESS,,,
19/08/2026 19:09,3.10142E+19,wm127663001850049286955,1.22026E+17,MMQR_PAYMENT,3101 - WAVE OI,4203 - MMIV RI,Aung Kyaw Zin,2.23441E+15,MRCTBANK,5499,PYI SONE WIN PHONE STORE,9770050552,PYI SONE WIN PHONE STORE,2.23756E+15,"50,000.00",0,0,0,25,0,0,0,"50,000.00",SUCCESS,,,
19/08/2026 19:08,2.10242E+19,31088J19082989000233,1.22026E+17,MMQR_PAYMENT,2102 - KBZ OI,4203 - MMIV RI,Myat Bhone Hlyan Khant,2.23737E+15,MRCTBANK,5499,ANGEL,9968970070,ANGEL,2.23756E+15,"2,600.00",0,0,0,1.3,0,0,0,"2,600.00",SUCCESS,,,
19/08/2026 19:05,2.10242E+19,31088J19044928000310,1.22026E+17,MMQR_PAYMENT,2102 - KBZ OI,4203 - MMIV RI,swam htet kyaw,2.23737E+15,MRCTBANK,5499,LAMIN THAR,9765787858,LAMIN THAR,2.23756E+15,"100,000.00",0,0,0,50,0,0,0,"100,000.00",SUCCESS,,,
19/08/2026 19:04,3.10142E+19,wm127660432647101962026,1.22026E+17,MMQR_PAYMENT,3101 - WAVE OI,4203 - MMIV RI,Lu Min Htet,2.23441E+15,MRCTBANK,5499,LAMIN THAR,9765787858,LAMIN THAR,2.23756E+15,"80,000.00",0,0,0,40,0,0,0,"80,000.00",SUCCESS,,,
19/08/2026 19:03,2.10742E+19,210720260819190329051692991a3883289,1.22026E+17,MMQR_PAYMENT,2107 - YOMA OI,4203 - MMIV RI,U SAW HTET NAY LIN KYAW,2.23699E+15,MRCTBANK,5499,Johnnie Liquor Store,9782540815,Johnnie Liquor Store,2.23756E+15,"7,500.00",0,0,0,3.75,0,0,0,"7,500.00",SUCCESS,,,
19/08/2026 19:02,2.10242E+19,31088J19020256000227,1.22026E+17,MMQR_PAYMENT,2102 - KBZ OI,4203 - MMIV RI,Lei Yee Hlaing,2.23737E+15,MRCTBANK,5812,Eugenia Cafe,943200739,Eugenia Cafe,2.23756E+15,"17,300.00",86.5,39.79,46.71,8.65,0,0,31.14,"17,213.50",SUCCESS,,,
19/08/2026 18:58,3.10142E+19,wm127656665398065101432,1.22026E+17,MMQR_PAYMENT,3101 - WAVE OI,4203 - MMIV RI,Eaindray Moe,2.23441E+15,MRCTBANK,5499,SHE 29,9440083844,SHE 29,2.23756E+15,"74,500.00",0,0,0,37.25,0,0,0,"74,500.00",SUCCESS,,,
19/08/2026 18:56,2.10142E+19,AYA21016a85a0eabc9615a25ff662c3,1.22026E+17,MMQR_PAYMENT,2101 - AYA OI,4203 - MMIV RI,YAMIN OHN MYINT,2.237E+15,MRCTBANK,5812,Eugenia Cafe,943200739,Eugenia Cafe,2.23756E+15,"35,550.00",177.75,81.76,95.99,17.78,0,0,63.98,"35,372.25",SUCCESS,,,
19/08/2026 18:56,3.10142E+19,wm127655282377445493027,1.22026E+17,MMQR_PAYMENT,3101 - WAVE OI,4203 - MMIV RI,Tin Khine Khine Oo,2.23441E+15,MRCTBANK,5499,Moe San,9891371722,Moe San,2.23756E+15,"350,000.00",0,0,0,175,0,0,0,"350,000.00",SUCCESS,,,
19/08/2026 18:50,2.10242E+19,31088J18505389000111,1.22026E+17,MMQR_PAYMENT,2102 - KBZ OI,4203 - MMIV RI,Aung Pyae Sone,2.23737E+15,MRCTBANK,5499,SOUL COFFEE STUDIO,9421128983,SOUL COFFEE STUDIO,2.23756E+15,"10,000.00",0,0,0,5,0,0,0,"10,000.00",SUCCESS,,,
19/08/2026 18:50,2.10242E+19,31088J18501428000134,1.22026E+17,MMQR_PAYMENT,2102 - KBZ OI,4203 - MMIV RI,Zwe Khant Naing,2.23737E+15,MRCTBANK,5499,La Woon Store,9763013719,La Woon Store,2.23756E+15,"10,100.00",0,0,0,5.05,0,0,0,"10,100.00",SUCCESS,,,
19/08/2026 18:46,2.10242E+19,31088J18464443000107,1.22026E+17,MMQR_PAYMENT,2102 - KBZ OI,4203 - MMIV RI,Naing Lin Aung,2.23737E+15,MRCTBANK,5499,Pa Hta Wi Ar Kar,9420558864,Pa Hta Wi Ar Kar,2.23756E+15,"50,000.00",0,0,0,25,0,0,0,"50,000.00",SUCCESS,,,
19/08/2026 18:43,3.10142E+19,wm63880117824321418286,1.22026E+17,MMQR_PAYMENT,3101 - WAVE OI,4203 - MMIV RI,Yamone Lwin,2.23441E+15,MRCTBANK,5499,PYI SONE WIN PHONE STORE,9770050552,PYI SONE WIN PHONE STORE,2.23756E+15,"45,000.00",0,0,0,22.5,0,0,0,"45,000.00",SUCCESS,,,
19/08/2026 18:37,2.10142E+19,AYA21016a859c8d838e2fe9958cbac8,1.22026E+17,MMQR_PAYMENT,2101 - AYA OI,4203 - MMIV RI,LA MIN KO KO,2.237E+15,MRCTBANK,5499,ANGEL,9968970070,ANGEL,2.23756E+15,"20,000.00",0,0,0,10,0,0,0,"20,000.00",SUCCESS,,,
19/08/2026 18:37,2.10242E+19,31088J18373828000118,1.22026E+17,MMQR_PAYMENT,2102 - KBZ OI,4203 - MMIV RI,MgMinKhantKyaw,2.23737E+15,MRCTBANK,5499,Pyoe Mini Mart,9421083972,Pyoe Mini Mart,2.23756E+15,"15,000.00",0,0,0,7.5,0,0,0,"15,000.00",SUCCESS,,,
19/08/2026 18:37,2.10142E+19,AYA21016a859c80d9aca6ec94badf17,1.22026E+17,MMQR_PAYMENT,2101 - AYA OI,4203 - MMIV RI,LA MIN KO KO,2.237E+15,MRCTBANK,5499,ANGEL,9968970070,ANGEL,2.23756E+15,"10,000.00",0,0,0,5,0,0,0,"10,000.00",SUCCESS,,,
19/08/2026 18:37,2.10142E+19,AYA21016a859c72d108187d1c61aec0,1.22026E+17,MMQR_PAYMENT,2101 - AYA OI,4203 - MMIV RI,LA MIN KO KO,2.237E+15,MRCTBANK,5499,ANGEL,9968970070,ANGEL,2.23756E+15,"5,000.00",0,0,0,2.5,0,0,0,"5,000.00",SUCCESS,,,
19/08/2026 18:36,2.10142E+19,AYA21016a859c5ca6d58b9633858c5e,1.22026E+17,MMQR_PAYMENT,2101 - AYA OI,4203 - MMIV RI,LA MIN KO KO,2.237E+15,MRCTBANK,5499,ANGEL,9968970070,ANGEL,2.23756E+15,"5,000.00",0,0,0,2.5,0,0,0,"5,000.00",SUCCESS,,,
19/08/2026 18:36,2.10142E+19,AYA21016a859c519c64c6abc94accb8,1.22026E+17,MMQR_PAYMENT,2101 - AYA OI,4203 - MMIV RI,LA MIN KO KO,2.237E+15,MRCTBANK,5499,ANGEL,9968970070,ANGEL,2.23756E+15,"5,000.00",0,0,0,2.5,0,0,0,"5,000.00",SUCCESS,,,
19/08/2026 18:36,2.10142E+19,AYA21016a859c461929d7cb169a5e85,1.22026E+17,MMQR_PAYMENT,2101 - AYA OI,4203 - MMIV RI,LA MIN KO KO,2.237E+15,MRCTBANK,5499,ANGEL,9968970070,ANGEL,2.23756E+15,"5,000.00",0,0,0,2.5,0,0,0,"5,000.00",SUCCESS,,,
19/08/2026 18:36,2.10142E+19,AYA21016a859c3bdb962c953544d9f7,1.22026E+17,MMQR_PAYMENT,2101 - AYA OI,4203 - MMIV RI,LA MIN KO KO,2.237E+15,MRCTBANK,5499,ANGEL,9968970070,ANGEL,2.23756E+15,"5,000.00",0,0,0,2.5,0,0,0,"5,000.00",SUCCESS,,,
19/08/2026 18:36,2.10142E+19,AYA21016a859c309c64c6abc94acc85,1.22026E+17,MMQR_PAYMENT,2101 - AYA OI,4203 - MMIV RI,LA MIN KO KO,2.237E+15,MRCTBANK,5499,ANGEL,9968970070,ANGEL,2.23756E+15,"5,000.00",0,0,0,2.5,0,0,0,"5,000.00",SUCCESS,,,
19/08/2026 18:35,2.10142E+19,AYA21016a859c22d108187d1c61ae6d,1.22026E+17,MMQR_PAYMENT,2101 - AYA OI,4203 - MMIV RI,LA MIN KO KO,2.237E+15,MRCTBANK,5499,ANGEL,9968970070,ANGEL,2.23756E+15,"5,000.00",0,0,0,2.5,0,0,0,"5,000.00",SUCCESS,,,
19/08/2026 18:35,2.10142E+19,AYA21016a859c18ce694c36f743e703,1.22026E+17,MMQR_PAYMENT,2101 - AYA OI,4203 - MMIV RI,LA MIN KO KO,2.237E+15,MRCTBANK,5499,ANGEL,9968970070,ANGEL,2.23756E+15,"5,000.00",0,0,0,2.5,0,0,0,"5,000.00",SUCCESS,,,
19/08/2026 18:33,2.10242E+19,31088J18334628000158,1.22026E+17,MMQR_PAYMENT,2102 - KBZ OI,4203 - MMIV RI,Nyan Nyein Chan Kyaw,2.23737E+15,MRCTBANK,5812,Eugenia Cafe,943200739,Eugenia Cafe,2.23756E+15,"34,100.00",170.5,78.43,92.07,17.05,0,0,61.38,"33,929.50",SUCCESS,,,
19/08/2026 18:29,3.10142E+19,wm127639468454867436688,1.22026E+17,MMQR_PAYMENT,3101 - WAVE OI,4203 - MMIV RI,Yin Yin Aye,2.23441E+15,MRCTBANK,5499,Moe San,9891371722,Moe San,2.23756E+15,"110,000.00",0,0,0,55,0,0,0,"110,000.00",SUCCESS,,,
19/08/2026 18:25,2.10242E+19,31088J18251743000156,1.22026E+17,MMQR_PAYMENT,2102 - KBZ OI,4203 - MMIV RI,NAN AYE AYE KHINE,2.23737E+15,MRCTBANK,5499,SEIN MITHARSU(2),9740011544,SEIN MITHARSU(2),2.23756E+15,"39,500.00",0,0,0,19.75,0,0,0,"39,500.00",SUCCESS,,,
19/08/2026 18:22,2.10142E+19,AYA21016a859902e781ddbd26c44031,1.22026E+17,MMQR_PAYMENT,2101 - AYA OI,4203 - MMIV RI,YE LIN KYAW,2.237E+15,MRCTBANK,5499,TAUNG PAW THU,9762613396,TAUNG PAW THU,2.23756E+15,"50,000.00",0,0,0,25,0,0,0,"50,000.00",SUCCESS,,,
19/08/2026 18:22,2.10242E+19,31088J18221489000160,1.22026E+17,MMQR_PAYMENT,2102 - KBZ OI,4203 - MMIV RI,Khin pyae pyae soe,2.23737E+15,MRCTBANK,5499,PYI SONE WIN PHONE STORE,9770050552,PYI SONE WIN PHONE STORE,2.23756E+15,"20,000.00",0,0,0,10,0,0,0,"20,000.00",SUCCESS,,,
19/08/2026 18:20,3.10142E+19,wm63866237347848354108,1.22026E+17,MMQR_PAYMENT,3101 - WAVE OI,4203 - MMIV RI,Phyo Maung Maung,2.23441E+15,MRCTBANK,5499,Shan Lay Store,9972000766,Shan Lay Store,2.23756E+15,"16,000.00",0,0,0,8,0,0,0,"16,000.00",SUCCESS,,,
19/08/2026 18:18,2.10242E+19,31088J18175928000227,1.22026E+17,MMQR_PAYMENT,2102 - KBZ OI,4203 - MMIV RI,Sandar Win,2.23737E+15,MRCTBANK,5812,Eugenia Cafe,943200739,Eugenia Cafe,2.23756E+15,"61,950.00",309.75,142.48,167.27,30.98,0,0,111.5,"61,640.25",SUCCESS,,,
19/08/2026 18:06,2.10542E+19,E2E223767202608191806119337037281,1.22026E+17,MMQR_PAYMENT,2105 - UAB OI,4203 - MMIV RI,SOE THAN,2.23768E+15,MRCTBANK,5499,Soe Soe,9691141588,Soe Soe,2.23756E+15,"50,000.00",0,0,0,25,0,0,0,"50,000.00",SUCCESS,,,
19/08/2026 18:01,2.10242E+19,31088J18014635000108,1.22026E+17,MMQR_PAYMENT,2102 - KBZ OI,4203 - MMIV RI,Zin Mar Win,2.23737E+15,MRCTBANK,5499,Shan Lay Store,9972000766,Shan Lay Store,2.23756E+15,"60,000.00",0,0,0,30,0,0,0,"60,000.00",SUCCESS,,,
19/08/2026 18:00,2.10242E+19,31088J18002056000100,1.22026E+17,MMQR_PAYMENT,2102 - KBZ OI,4203 - MMIV RI,Ma Yu Yu Naing,2.23737E+15,MRCTBANK,5499,Aye Yeik Mon Store,9790197623,Aye Yeik Mon Store,2.23756E+15,"25,200.00",0,0,0,12.6,0,0,0,"25,200.00",SUCCESS,,,
19/08/2026 17:56,2.10242E+19,31088J17555502000359,1.22026E+17,MMQR_PAYMENT,2102 - KBZ OI,4203 - MMIV RI,Shwe Sin Hein,2.23737E+15,MRCTBANK,5812,Eugenia Cafe,943200739,Eugenia Cafe,2.23756E+15,"25,200.00",126,57.96,68.04,12.6,0,0,45.36,"25,074.00",SUCCESS,,,
19/08/2026 17:55,2.10242E+19,31088J17554643000108,1.22026E+17,MMQR_PAYMENT,2102 - KBZ OI,4203 - MMIV RI,Bhone thet paing,2.23737E+15,MRCTBANK,5499,SOE THIT SAN MOBILE SHOP,9790712555,SOE THIT SAN MOBILE SHOP,2.23756E+15,"7,000.00",0,0,0,3.5,0,0,0,"7,000.00",SUCCESS,,,
19/08/2026 17:55,2.10242E+19,31088J17550335000108,1.22026E+17,MMQR_PAYMENT,2102 - KBZ OI,4203 - MMIV RI,Bhone thet paing,2.23737E+15,MRCTBANK,5499,SOE THIT SAN MOBILE SHOP,9790712555,SOE THIT SAN MOBILE SHOP,2.23756E+15,"5,000.00",0,0,0,2.5,0,0,0,"5,000.00",SUCCESS,,,
19/08/2026 17:54,2.10242E+19,31088J17545135000208,1.22026E+17,MMQR_PAYMENT,2102 - KBZ OI,4203 - MMIV RI,Bhone thet paing,2.23737E+15,MRCTBANK,5499,SOE THIT SAN MOBILE SHOP,9790712555,SOE THIT SAN MOBILE SHOP,2.23756E+15,"5,000.00",0,0,0,2.5,0,0,0,"5,000.00",SUCCESS,,,
19/08/2026 17:54,2.10242E+19,31088J17540628000208,1.22026E+17,MMQR_PAYMENT,2102 - KBZ OI,4203 - MMIV RI,Bhone thet paing,2.23737E+15,MRCTBANK,5499,SOE THIT SAN MOBILE SHOP,9790712555,SOE THIT SAN MOBILE SHOP,2.23756E+15,"5,000.00",0,0,0,2.5,0,0,0,"5,000.00",SUCCESS,,,
19/08/2026 17:54,2.10242E+19,31088J17535435000108,1.22026E+17,MMQR_PAYMENT,2102 - KBZ OI,4203 - MMIV RI,Bhone thet paing,2.23737E+15,MRCTBANK,5499,SOE THIT SAN MOBILE SHOP,9790712555,SOE THIT SAN MOBILE SHOP,2.23756E+15,"5,000.00",0,0,0,2.5,0,0,0,"5,000.00",SUCCESS,,,
19/08/2026 17:52,2.10242E+19,31088J17522156000101,1.22026E+17,MMQR_PAYMENT,2102 - KBZ OI,4203 - MMIV RI,U Min Theint,2.23737E+15,MRCTBANK,5499,La Woon Store,9763013719,La Woon Store,2.23756E+15,"100,800.00",0,0,0,50.4,0,0,0,"100,800.00",SUCCESS,,,
19/08/2026 17:49,2.10242E+19,31088J17491535000135,1.22026E+17,MMQR_PAYMENT,2102 - KBZ OI,4203 - MMIV RI,Win Win Than,2.23737E+15,MRCTBANK,5499,PO PO PHARMACY,9266367096,PO PO PHARMACY,2.23756E+15,"5,500.00",0,0,0,2.75,0,0,0,"5,500.00",SUCCESS,,,
19/08/2026 17:47,2.10242E+19,31088J17471943000121,1.22026E+17,MMQR_PAYMENT,2102 - KBZ OI,4203 - MMIV RI,Ye Mann Hein,2.23737E+15,MRCTBANK,5499,SOUL COFFEE STUDIO,9421128983,SOUL COFFEE STUDIO,2.23756E+15,"8,000.00",0,0,0,4,0,0,0,"8,000.00",SUCCESS,,,
19/08/2026 17:45,2.10242E+19,31088J17454102000124,1.22026E+17,MMQR_PAYMENT,2102 - KBZ OI,4203 - MMIV RI,Ye Win Aung,2.23737E+15,MRCTBANK,5499,PYI SONE WIN PHONE STORE,9770050552,PYI SONE WIN PHONE STORE,2.23756E+15,"20,000.00",0,0,0,10,0,0,0,"20,000.00",SUCCESS,,,
19/08/2026 17:44,3.10142E+19,wm127612304856354763014,1.22026E+17,MMQR_PAYMENT,3101 - WAVE OI,4203 - MMIV RI,Kyawt Kay Khaing,2.23441E+15,MRCTBANK,5499,PYI SONE WIN PHONE STORE,9770050552,PYI SONE WIN PHONE STORE,2.23756E+15,"10,000.00",0,0,0,5,0,0,0,"10,000.00",SUCCESS,,,
19/08/2026 17:41,2.10242E+19,31088J17412956000308,1.22026E+17,MMQR_PAYMENT,2102 - KBZ OI,4203 - MMIV RI,Zin Mar Win,2.23737E+15,MRCTBANK,5499,Shan Lay Store,9972000766,Shan Lay Store,2.23756E+15,"6,800.00",0,0,0,3.4,0,0,0,"6,800.00",SUCCESS,,,
19/08/2026 17:38,2.10242E+19,31088J17375743000110,1.22026E+17,MMQR_PAYMENT,2102 - KBZ OI,4203 - MMIV RI,Aung myo san,2.23737E+15,MRCTBANK,5812,Eugenia Cafe,943200739,Eugenia Cafe,2.23756E+15,"44,600.00",223,102.58,120.42,22.3,0,0,80.28,"44,377.00",SUCCESS,,,
19/08/2026 17:36,2.10242E+19,31088J17361556000103,1.22026E+17,MMQR_PAYMENT,2102 - KBZ OI,4203 - MMIV RI,SAW KENNETH HTOO,2.23737E+15,MRCTBANK,5499,Pa Hta Wi Ar Kar,9420558864,Pa Hta Wi Ar Kar,2.23756E+15,"34,300.00",0,0,0,17.15,0,0,0,"34,300.00",SUCCESS,,,
19/08/2026 17:35,2.10242E+19,31088J17354202000157,1.22026E+17,MMQR_PAYMENT,2102 - KBZ OI,4203 - MMIV RI,Shine Min Htut,2.23737E+15,MRCTBANK,5499,Lucky Store,9795553574,Lucky Store,2.23756E+15,"2,500.00",0,0,0,1.25,0,0,0,"2,500.00",SUCCESS,,,
19/08/2026 17:33,2.10242E+19,31088J17334756000157,1.22026E+17,MMQR_PAYMENT,2102 - KBZ OI,4203 - MMIV RI,Shine Min Htut,2.23737E+15,MRCTBANK,5499,Lucky Store,9795553574,Lucky Store,2.23756E+15,"50,300.00",0,0,0,25.15,0,0,0,"50,300.00",SUCCESS,,,
19/08/2026 17:33,2.10242E+19,31088J17334189000152,1.22026E+17,MMQR_PAYMENT,2102 - KBZ OI,4203 - MMIV RI,Da Xi Kao Nan,2.23737E+15,MRCTBANK,5499,ANGEL,9968970070,ANGEL,2.23756E+15,"37,000.00",0,0,0,18.5,0,0,0,"37,000.00",SUCCESS,,,
19/08/2026 17:32,2.10142E+19,AYA21016a858d4ea472aebe5ea9c7c1,1.22026E+17,MMQR_PAYMENT,2101 - AYA OI,4203 - MMIV RI,SAW YAN NAUNG,2.237E+15,MRCTBANK,5499,KHINE MYITTER,9789470438,KHINE MYITTER,2.23756E+15,"25,300.00",0,0,0,12.65,0,0,0,"25,300.00",SUCCESS,,,
19/08/2026 17:32,2.10242E+19,31088J17322228000256,1.22026E+17,MMQR_PAYMENT,2102 - KBZ OI,4203 - MMIV RI,Min myat phyo,2.23737E+15,MRCTBANK,5499,San Photo,9790134066,San Photo,2.23756E+15,"50,000.00",0,0,0,25,0,0,0,"50,000.00",SUCCESS,,,
19/08/2026 17:32,2.10242E+19,31088J17321728000115,1.22026E+17,MMQR_PAYMENT,2102 - KBZ OI,4203 - MMIV RI,MIN THANT KYAW ZIN,2.23737E+15,MRCTBANK,5499,Lucky Store,9795553574,Lucky Store,2.23756E+15,"151,000.00",0,0,0,75.5,0,0,0,"151,000.00",SUCCESS,,,
19/08/2026 17:29,3.10142E+19,wm127603465770533055857,1.22026E+17,MMQR_PAYMENT,3101 - WAVE OI,4203 - MMIV RI,Ni Ni Lwin,2.23441E+15,MRCTBANK,5499,PYI SONE WIN PHONE STORE,9770050552,PYI SONE WIN PHONE STORE,2.23756E+15,"400,000.00",0,0,0,200,0,0,0,"400,000.00",SUCCESS,,,
19/08/2026 17:26,2.10242E+19,31088J17263835000237,1.22026E+17,MMQR_PAYMENT,2102 - KBZ OI,4203 - MMIV RI,Hnin Yu Wai,2.23737E+15,MRCTBANK,5499,IC 2,9959533636,IC 2,2.23756E+15,"15,200.00",0,0,0,7.6,0,0,0,"15,200.00",SUCCESS,,,
19/08/2026 17:25,2.10242E+19,31088J17251735000111,1.22026E+17,MMQR_PAYMENT,2102 - KBZ OI,4203 - MMIV RI,Aung Pyae Sone,2.23737E+15,MRCTBANK,5499,SOUL COFFEE STUDIO,9421128983,SOUL COFFEE STUDIO,2.23756E+15,"8,000.00",0,0,0,4,0,0,0,"8,000.00",SUCCESS,,,
19/08/2026 17:22,2.10242E+19,31088J17221143000446,1.22026E+17,MMQR_PAYMENT,2102 - KBZ OI,4203 - MMIV RI,CHAW CHAW THU TA,2.23737E+15,MRCTBANK,5499,KHIN HNIN WAI,9253007127,KHIN HNIN WAI,2.23756E+15,"10,000.00",0,0,0,5,0,0,0,"10,000.00",SUCCESS,,,
19/08/2026 17:22,2.10242E+19,31088J17220428000206,1.22026E+17,MMQR_PAYMENT,2102 - KBZ OI,4203 - MMIV RI,Ja Htoi Pan,2.23737E+15,MRCTBANK,5499,A.S.K,95156238,A.S.K,2.23756E+15,"213,500.00",0,0,0,106.75,0,0,0,"213,500.00",SUCCESS,,,
19/08/2026 17:21,2.10242E+19,31088J17210735000116,1.22026E+17,MMQR_PAYMENT,2102 - KBZ OI,4203 - MMIV RI,U KYAW SWAR,2.23737E+15,MRCTBANK,5499,JUNCTION PINLAUNG LAPHET,9697999586,JUNCTION PINLAUNG LAPHET,2.23756E+15,"114,390.00",0,0,0,57.2,0,0,0,"114,390.00",SUCCESS,,,
19/08/2026 17:18,2.10242E+19,31088J17180456000123,1.22026E+17,MMQR_PAYMENT,2102 - KBZ OI,4203 - MMIV RI,U Khaing Tun,2.23737E+15,MRCTBANK,5499,San Thit,9772869401,San Thit,2.23756E+15,"50,000.00",0,0,0,25,0,0,0,"50,000.00",SUCCESS,,,
19/08/2026 17:14,2.10242E+19,31088J17142402000163,1.22026E+17,MMQR_PAYMENT,2102 - KBZ OI,4203 - MMIV RI,Swe Aung,2.23737E+15,MRCTBANK,5499,DAW KYIN SHWE,95151480,DAW KYIN SHWE,2.23756E+15,"30,800.00",0,0,0,15.4,0,0,0,"30,800.00",SUCCESS,,,
19/08/2026 17:07,3.10142E+19,wm127590054642692294245,1.22026E+17,MMQR_PAYMENT,3101 - WAVE OI,4203 - MMIV RI,Zwe Htet Aung,2.23441E+15,MRCTBANK,5499,Taw Win Store,9443031700,Taw Win Store,2.23756E+15,"1,000.00",0,0,0,0.5,0,0,0,"1,000.00",SUCCESS,,,
19/08/2026 17:07,3.10142E+19,wm127590078764371955152,1.22026E+17,MMQR_PAYMENT,3101 - WAVE OI,4203 - MMIV RI,Kyaw Win,2.23441E+15,MRCTBANK,5499,Moe San,9891371722,Moe San,2.23756E+15,"50,000.00",0,0,0,25,0,0,0,"50,000.00",SUCCESS,,,
19/08/2026 17:07,2.10242E+19,31088J17070235000156,1.22026E+17,MMQR_PAYMENT,2102 - KBZ OI,4203 - MMIV RI,Min Thein Lin Oo,2.23737E+15,MRCTBANK,5499,PYI SONE WIN PHONE STORE,9770050552,PYI SONE WIN PHONE STORE,2.23756E+15,"60,000.00",0,0,0,30,0,0,0,"60,000.00",SUCCESS,,,
19/08/2026 17:04,2.10242E+19,31088J17042843000205,1.22026E+17,MMQR_PAYMENT,2102 - KBZ OI,4203 - MMIV RI,YIN YIN KYI,2.23737E+15,MRCTBANK,5499,ANGEL,9968970070,ANGEL,2.23756E+15,"6,500.00",0,0,0,3.25,0,0,0,"6,500.00",SUCCESS,,,
19/08/2026 16:59,2.10242E+19,31088J16592789000159,1.22026E+17,MMQR_PAYMENT,2102 - KBZ OI,4203 - MMIV RI,Ar Kar Htet,2.23737E+15,MRCTBANK,5499,Lucky Store,9795553574,Lucky Store,2.23756E+15,"8,500.00",0,0,0,4.25,0,0,0,"8,500.00",SUCCESS,,,
19/08/2026 16:57,2.10242E+19,31088J16573802000158,1.22026E+17,MMQR_PAYMENT,2102 - KBZ OI,4203 - MMIV RI,Aye Chan Aung,2.23737E+15,MRCTBANK,5499,Shan Lay Store,9972000766,Shan Lay Store,2.23756E+15,"50,000.00",0,0,0,25,0,0,0,"50,000.00",SUCCESS,,,
19/08/2026 16:52,2.10242E+19,31088J16515889000113,1.22026E+17,MMQR_PAYMENT,2102 - KBZ OI,4203 - MMIV RI,kyaw lin soe,2.23737E+15,MRCTBANK,5499,A.S.K,95156238,A.S.K,2.23756E+15,"15,000.00",0,0,0,7.5,0,0,0,"15,000.00",SUCCESS,,,
19/08/2026 16:48,2.10242E+19,31088J16475156000210,1.22026E+17,MMQR_PAYMENT,2102 - KBZ OI,4203 - MMIV RI,Daw Me Ko Oo,2.23737E+15,MRCTBANK,5499,La Woon Store,9763013719,La Woon Store,2.23756E+15,"50,500.00",0,0,0,25.25,0,0,0,"50,500.00",SUCCESS,,,
19/08/2026 16:46,2.10242E+19,31088J16462728000360,1.22026E+17,MMQR_PAYMENT,2102 - KBZ OI,4203 - MMIV RI,U ZINE NYI,2.23737E+15,MRCTBANK,5542,100 Power 4 -NYU,9664540527,100 Power 4 -NYU,2.23756E+15,"100,000.00",300,140,160,50,0,0,90,"99,700.00",SUCCESS,,,
19/08/2026 16:44,2.10142E+19,AYA21016a85820e0761b78ce5555bf5,1.22026E+17,MMQR_PAYMENT,2101 - AYA OI,4203 - MMIV RI,PHYO HNIN HTET,2.237E+15,MRCTBANK,5499,A.S.K,95156238,A.S.K,2.23756E+15,"150,000.00",0,0,0,75,0,0,0,"150,000.00",SUCCESS,,,
19/08/2026 16:38,3.10142E+19,wm127572651780502828514,1.22026E+17,MMQR_PAYMENT,3101 - WAVE OI,4203 - MMIV RI,Aye Aye Lwin,2.23441E+15,MRCTBANK,5499,Ko Soe Paing,9770660365,Ko Soe Paing,2.23756E+15,"20,000.00",0,0,0,10,0,0,0,"20,000.00",SUCCESS,,,
19/08/2026 16:35,3.10142E+19,wm127571001163891692877,1.22026E+17,MMQR_PAYMENT,3101 - WAVE OI,4203 - MMIV RI,Aung Zaw Min,2.23441E+15,MRCTBANK,5499,LAMIN THAR,9765787858,LAMIN THAR,2.23756E+15,"30,300.00",0,0,0,15.15,0,0,0,"30,300.00",SUCCESS,,,
19/08/2026 16:34,2.10242E+19,31088J16342989000138,1.22026E+17,MMQR_PAYMENT,2102 - KBZ OI,4203 - MMIV RI,San Myan Naing,2.23737E+15,MRCTBANK,5499,SOUL COFFEE STUDIO,9421128983,SOUL COFFEE STUDIO,2.23756E+15,"25,000.00",0,0,0,12.5,0,0,0,"25,000.00",SUCCESS,,,
19/08/2026 16:25,2.10242E+19,31088J16252156000306,1.22026E+17,MMQR_PAYMENT,2102 - KBZ OI,4203 - MMIV RI,Khant Min Htike,2.23737E+15,MRCTBANK,5499,SEIN FAMILY,9790178150,SEIN FAMILY,2.23756E+15,"205,000.00",0,0,0,102.5,0,0,0,"205,000.00",SUCCESS,,,
19/08/2026 16:23,2.10242E+19,31088J16224556000132,1.22026E+17,MMQR_PAYMENT,2102 - KBZ OI,4203 - MMIV RI,Tint Htoo Aung,2.23737E+15,MRCTBANK,5499,Thin Store,9420291365,Thin Store,2.23756E+15,"50,500.00",0,0,0,25.25,0,0,0,"50,500.00",SUCCESS,,,
19/08/2026 16:19,2.10242E+19,31088J16185835000128,1.22026E+17,MMQR_PAYMENT,2102 - KBZ OI,4203 - MMIV RI,Shein Zeya,2.23737E+15,MRCTBANK,5499,DAW KYIN SHWE,95151480,DAW KYIN SHWE,2.23756E+15,"100,000.00",0,0,0,50,0,0,0,"100,000.00",SUCCESS,,,
19/08/2026 16:11,2.10242E+19,31088J16112143000203,1.22026E+17,MMQR_PAYMENT,2102 - KBZ OI,4203 - MMIV RI,HEIN HTET AUNG,2.23737E+15,MRCTBANK,5499,Ko Phone Electronic,95416195,Ko Phone Electronic,2.23756E+15,"250,000.00",0,0,0,125,0,0,0,"250,000.00",SUCCESS,,,
19/08/2026 16:05,2.10242E+19,31088J16055235000236,1.22026E+17,MMQR_PAYMENT,2102 - KBZ OI,4203 - MMIV RI,AUNG THU PHYO,2.23737E+15,MRCTBANK,5499,Myo Gyi Bar Bar Shop,9268054853,Myo Gyi Bar Bar Shop,2.23756E+15,100,0,0,0,0.05,0,0,0,100,SUCCESS,,,
19/08/2026 16:05,3.10142E+19,wm127552812514796613682,1.22026E+17,MMQR_PAYMENT,3101 - WAVE OI,4203 - MMIV RI,San Lin Thu,2.23441E+15,MRCTBANK,5499,PYI SONE WIN PHONE STORE,9770050552,PYI SONE WIN PHONE STORE,2.23756E+15,"70,000.00",0,0,0,35,0,0,0,"70,000.00",SUCCESS,,,
19/08/2026 16:05,3.10142E+19,wm127552694882840956549,1.22026E+17,MMQR_PAYMENT,3101 - WAVE OI,4203 - MMIV RI,Naing Naing Oo,2.23441E+15,MRCTBANK,5499,LAMIN THAR,9765787858,LAMIN THAR,2.23756E+15,"20,000.00",0,0,0,10,0,0,0,"20,000.00",SUCCESS,,,
19/08/2026 16:00,3.10142E+19,wm127549823835799545102,1.22026E+17,MMQR_PAYMENT,3101 - WAVE OI,4203 - MMIV RI,Hlaing Mar San,2.23441E+15,MRCTBANK,5499,PYI SONE WIN PHONE STORE,9770050552,PYI SONE WIN PHONE STORE,2.23756E+15,"10,000.00",0,0,0,5,0,0,0,"10,000.00",SUCCESS,,,
19/08/2026 16:00,2.10242E+19,31088J16001535000133,1.22026E+17,MMQR_PAYMENT,2102 - KBZ OI,4203 - MMIV RI,Toe Aung San,2.23737E+15,MRCTBANK,5812,Eugenia Cafe,943200739,Eugenia Cafe,2.23756E+15,"48,300.00",241.5,111.09,130.41,24.15,0,0,86.94,"48,058.50",SUCCESS,,,
19/08/2026 15:58,3.10142E+19,wm63780889150226962934,1.22026E+17,MMQR_PAYMENT,3101 - WAVE OI,4203 - MMIV RI,Ye Yint Naing,2.23441E+15,MRCTBANK,5499,ANGEL,9968970070,ANGEL,2.23756E+15,"1,200.00",0,0,0,0.6,0,0,0,"1,200.00",SUCCESS,,,
19/08/2026 15:55,2.10242E+19,31088J15550043000220,1.22026E+17,MMQR_PAYMENT,2102 - KBZ OI,4203 - MMIV RI,Moe Thu Khine,2.23737E+15,MRCTBANK,5499,Ko Phone Electronic,95416195,Ko Phone Electronic,2.23756E+15,"12,000.00",0,0,0,6,0,0,0,"12,000.00",SUCCESS,,,
19/08/2026 15:49,3.10142E+19,wm127542988892176335388,1.22026E+17,MMQR_PAYMENT,3101 - WAVE OI,4203 - MMIV RI,La Min Ko Ko,2.23441E+15,MRCTBANK,5499,A.S.K,95156238,A.S.K,2.23756E+15,"90,000.00",0,0,0,45,0,0,0,"90,000.00",SUCCESS,,,
19/08/2026 15:46,2.10242E+19,31088J15464328000136,1.22026E+17,MMQR_PAYMENT,2102 - KBZ OI,4203 - MMIV RI,Pyi Thein Kyaw,2.23737E+15,MRCTBANK,5499,Myo Gyi Bar Bar Shop,9268054853,Myo Gyi Bar Bar Shop,2.23756E+15,100,0,0,0,0.05,0,0,0,100,SUCCESS,,,
19/08/2026 15:44,2.10242E+19,31088J15440135000109,1.22026E+17,MMQR_PAYMENT,2102 - KBZ OI,4203 - MMIV RI,HTUT ARKAR PHYO,2.23737E+15,MRCTBANK,5499,REFINE GARAGE,9940853998,REFINE GARAGE,2.23756E+15,"130,000.00",0,0,0,65,0,0,0,"130,000.00",SUCCESS,,,
19/08/2026 15:42,2.10242E+19,31088J15422402000145,1.22026E+17,MMQR_PAYMENT,2102 - KBZ OI,4203 - MMIV RI,Tin Tin Aye,2.23737E+15,MRCTBANK,5812,Eugenia Cafe,943200739,Eugenia Cafe,2.23756E+15,"29,400.00",147,67.62,79.38,14.7,0,0,52.92,"29,253.00",SUCCESS,,,
19/08/2026 15:35,2.10242E+19,31088J15354128000202,1.22026E+17,MMQR_PAYMENT,2102 - KBZ OI,4203 - MMIV RI,UHtay Lwin,2.23737E+15,MRCTBANK,5499,SEIN FAMILY,9790178150,SEIN FAMILY,2.23756E+15,"10,000.00",0,0,0,5,0,0,0,"10,000.00",SUCCESS,,,
19/08/2026 15:35,3.10142E+19,wm127534635689411505514,1.22026E+17,MMQR_PAYMENT,3101 - WAVE OI,4203 - MMIV RI,Htay Lwin,2.23441E+15,MRCTBANK,5499,SEIN FAMILY,9790178150,SEIN FAMILY,2.23756E+15,"10,000.00",0,0,0,5,0,0,0,"10,000.00",SUCCESS,,,
19/08/2026 15:34,2.10242E+19,31088J15335628000157,1.22026E+17,MMQR_PAYMENT,2102 - KBZ OI,4203 - MMIV RI,Paing Soe Thu,2.23737E+15,MRCTBANK,5499,La Woon Store,9763013719,La Woon Store,2.23756E+15,"80,000.00",0,0,0,40,0,0,0,"80,000.00",SUCCESS,,,
19/08/2026 15:28,3.10142E+19,wm127530866274974985523,1.22026E+17,MMQR_PAYMENT,3101 - WAVE OI,4203 - MMIV RI,Waww Ma Hsar,2.23441E+15,MRCTBANK,5499,A.S.K,95156238,A.S.K,2.23756E+15,"45,000.00",0,0,0,22.5,0,0,0,"45,000.00",SUCCESS,,,
19/08/2026 15:27,2.10242E+19,31088J15273256000236,1.22026E+17,MMQR_PAYMENT,2102 - KBZ OI,4203 - MMIV RI,Pyi Thein Kyaw,2.23737E+15,MRCTBANK,5499,KT Family (Nawarat),95144424,KT Family (Nawarat),2.23756E+15,100,0,0,0,0.05,0,0,0,100,SUCCESS,,,
19/08/2026 15:26,2.10242E+19,31088J15265002000160,1.22026E+17,MMQR_PAYMENT,2102 - KBZ OI,4203 - MMIV RI,Daw san san oo,2.23737E+15,MRCTBANK,5499,PYI SONE WIN PHONE STORE,9770050552,PYI SONE WIN PHONE STORE,2.23756E+15,"402,000.00",0,0,0,201,0,0,0,"402,000.00",SUCCESS,,,
19/08/2026 15:14,2.10242E+19,31088J15135589000139,1.22026E+17,MMQR_PAYMENT,2102 - KBZ OI,4203 - MMIV RI,Mg nyi nyi,2.23737E+15,MRCTBANK,5499,Kaung Myat,9964406962,Kaung Myat,2.23756E+15,"3,000.00",0,0,0,1.5,0,0,0,"3,000.00",SUCCESS,,,
19/08/2026 15:10,2.10242E+19,31088J15100802000116,1.22026E+17,MMQR_PAYMENT,2102 - KBZ OI,4203 - MMIV RI,U KYAW SWAR,2.23737E+15,MRCTBANK,5499,JUNCTION PINLAUNG LAPHET,9697999586,JUNCTION PINLAUNG LAPHET,2.23756E+15,"6,000.00",0,0,0,3,0,0,0,"6,000.00",SUCCESS,,,
19/08/2026 15:08,2.10242E+19,31088J15084989000222,1.22026E+17,MMQR_PAYMENT,2102 - KBZ OI,4203 - MMIV RI,Mayaminmoe,2.23737E+15,MRCTBANK,5499,IC 2,9959533636,IC 2,2.23756E+15,"10,100.00",0,0,0,5.05,0,0,0,"10,100.00",SUCCESS,,,
19/08/2026 15:08,3.10142E+19,wm63750902402354783400,1.22026E+17,MMQR_PAYMENT,3101 - WAVE OI,4203 - MMIV RI,Tin Naing,2.23441E+15,MRCTBANK,5499,KHINE MYITTER,9789470438,KHINE MYITTER,2.23756E+15,"7,000.00",0,0,0,3.5,0,0,0,"7,000.00",SUCCESS,,,
19/08/2026 15:07,3.10142E+19,wm127517740841679936992,1.22026E+17,MMQR_PAYMENT,3101 - WAVE OI,4203 - MMIV RI,Thu Zar Htwe,2.23441E+15,MRCTBANK,5499,SEIN FAMILY,9790178150,SEIN FAMILY,2.23756E+15,"10,000.00",0,0,0,5,0,0,0,"10,000.00",SUCCESS,,,
19/08/2026 14:59,2.10242E+19,31088J14593043000136,1.22026E+17,MMQR_PAYMENT,2102 - KBZ OI,4203 - MMIV RI,Pyi Thein Kyaw,2.23737E+15,MRCTBANK,5499,Kaung Myat,9964406962,Kaung Myat,2.23756E+15,100,0,0,0,0.05,0,0,0,100,SUCCESS,,,
19/08/2026 14:59,2.10242E+19,31088J14590789000217,1.22026E+17,MMQR_PAYMENT,2102 - KBZ OI,4203 - MMIV RI,U Soe Thu Tun,2.23737E+15,MRCTBANK,5499,Moe San,9891371722,Moe San,2.23756E+15,"50,000.00",0,0,0,25,0,0,0,"50,000.00",SUCCESS,,,
19/08/2026 14:48,2.10242E+19,31088J14480835000236,1.22026E+17,MMQR_PAYMENT,2102 - KBZ OI,4203 - MMIV RI,Pyi Thein Kyaw,2.23737E+15,MRCTBANK,5499,Ko Soe Paing,9770660365,Ko Soe Paing,2.23756E+15,100,0,0,0,0.05,0,0,0,100,SUCCESS,,,
19/08/2026 14:42,3.10142E+19,wm127502973462894579225,1.22026E+17,MMQR_PAYMENT,3101 - WAVE OI,4203 - MMIV RI,Thae Nu Khaing,2.23441E+15,MRCTBANK,5499,Su,9751309804,Su,2.23756E+15,500,0,0,0,0.25,0,0,0,500,SUCCESS,,,
19/08/2026 14:40,4.2032E+29,wm127499394918100992245,1.22026E+17,MMQR_REFUND,4203 - MMIV RI,3101 - WAVE OI,Su,2.23756E+15,MRCTBANK,5499,Su,9751309804,Tin Tun Aung,2.23441E+15,"10,000.00",0,0,0,0,5,0,0,"10,000.00",SUCCESS,3.10142E+19,DS28,Cash
19/08/2026 14:39,2.10242E+19,31088J14392335000354,1.22026E+17,MMQR_PAYMENT,2102 - KBZ OI,4203 - MMIV RI,SUI ZA LIAN,2.23737E+15,MRCTBANK,5812,Eugenia Cafe,943200739,Eugenia Cafe,2.23756E+15,"219,950.00","1,099.75",505.88,593.87,109.98,0,0,395.9,"218,850.25",SUCCESS,,,
19/08/2026 14:39,2.10242E+19,31088J14390228000204,1.22026E+17,MMQR_PAYMENT,2102 - KBZ OI,4203 - MMIV RI,EiEiPhyo,2.23737E+15,MRCTBANK,5499,KHIN HNIN WAI,9253007127,KHIN HNIN WAI,2.23756E+15,"60,500.00",0,0,0,30.25,0,0,0,"60,500.00",SUCCESS,,,
19/08/2026 14:36,3.10142E+19,wm127499394918100992245,1.22026E+17,MMQR_PAYMENT,3101 - WAVE OI,4203 - MMIV RI,Tin Tun Aung,2.23441E+15,MRCTBANK,5499,Su,9751309804,Su,2.23756E+15,"10,000.00",0,0,0,5,0,0,0,"10,000.00",SUCCESS,,,
19/08/2026 14:28,2.10242E+19,31088J14282556000209,1.22026E+17,MMQR_PAYMENT,2102 - KBZ OI,4203 - MMIV RI,Nang Phoo Hom,2.23737E+15,MRCTBANK,5812,Eugenia Cafe,943200739,Eugenia Cafe,2.23756E+15,"28,850.00",144.25,66.35,77.9,14.43,0,0,51.92,"28,705.75",SUCCESS,,,
19/08/2026 14:22,2.10242E+19,31088J14221402000120,1.22026E+17,MMQR_PAYMENT,2102 - KBZ OI,4203 - MMIV RI,KALAYAR NWE,2.23737E+15,MRCTBANK,5499,ANGEL,9968970070,ANGEL,2.23756E+15,"52,500.00",0,0,0,26.25,0,0,0,"52,500.00",SUCCESS,,,
19/08/2026 14:20,3.10142E+19,wm127490122332520254671,1.22026E+17,MMQR_PAYMENT,3101 - WAVE OI,4203 - MMIV RI,Ko Naing,2.23441E+15,MRCTBANK,5499,U Tin Aye Store,9423535225,U Tin Aye Store,2.23756E+15,"3,000.00",0,0,0,1.5,0,0,0,"3,000.00",SUCCESS,,,
19/08/2026 14:20,2.10242E+19,31088J14201828000126,1.22026E+17,MMQR_PAYMENT,2102 - KBZ OI,4203 - MMIV RI,Sandar Rar,2.23737E+15,MRCTBANK,5499,A.S.K,95156238,A.S.K,2.23756E+15,"50,000.00",0,0,0,25,0,0,0,"50,000.00",SUCCESS,,,
19/08/2026 14:20,2.10242E+19,31088J14201089000157,1.22026E+17,MMQR_PAYMENT,2102 - KBZ OI,4203 - MMIV RI,Aung Than Oo,2.23737E+15,MRCTBANK,5812,Eugenia Cafe,943200739,Eugenia Cafe,2.23756E+15,"52,000.00",260,119.6,140.4,26,0,0,93.6,"51,740.00",SUCCESS,,,
19/08/2026 14:20,2.10242E+19,31088J14200028000227,1.22026E+17,MMQR_PAYMENT,2102 - KBZ OI,4203 - MMIV RI,Nyein Chan,2.23737E+15,MRCTBANK,5499,IC 2,9959533636,IC 2,2.23756E+15,"10,000.00",0,0,0,5,0,0,0,"10,000.00",SUCCESS,,,
19/08/2026 14:17,2.10242E+19,31088J14172089000107,1.22026E+17,MMQR_PAYMENT,2102 - KBZ OI,4203 - MMIV RI,U Ma Na Naing,2.23737E+15,MRCTBANK,5499,SEIN FAMILY,9790178150,SEIN FAMILY,2.23756E+15,"28,300.00",0,0,0,14.15,0,0,0,"28,300.00",SUCCESS,,,
19/08/2026 14:15,2.10242E+19,31088J14155102000236,1.22026E+17,MMQR_PAYMENT,2102 - KBZ OI,4203 - MMIV RI,Pyi Thein Kyaw,2.23737E+15,MRCTBANK,5499,K Hal Thar,9776494502,K Hal Thar,2.23756E+15,100,0,0,0,0.05,0,0,0,100,SUCCESS,,,
19/08/2026 14:08,2.10242E+19,31088J14084689000320,1.22026E+17,MMQR_PAYMENT,2102 - KBZ OI,4203 - MMIV RI,Moe Thu Khine,2.23737E+15,MRCTBANK,5499,Ko Phone Electronic,95416195,Ko Phone Electronic,2.23756E+15,"87,000.00",0,0,0,43.5,0,0,0,"87,000.00",SUCCESS,,,
19/08/2026 14:08,2.10242E+19,31088J14074735000148,1.22026E+17,MMQR_PAYMENT,2102 - KBZ OI,4203 - MMIV RI,Naing Lin Moe,2.23737E+15,MRCTBANK,5499,Shan Lay Store,9972000766,Shan Lay Store,2.23756E+15,"85,000.00",0,0,0,42.5,0,0,0,"85,000.00",SUCCESS,,,
19/08/2026 14:07,4.10442E+19,SNO410442031787125074317,1.22026E+17,MMQR_PAYMENT,4104 - Shwe Bill Pay OI,4203 - MMIV RI,Aung Khaing Khant,2.23792E+15,MRCTBANK,5963,Pilot Test 1,9257579429,Pilot Test 1,2.23756E+15,100,0.5,0.23,0.27,0.05,0,0,0.18,99.5,SUCCESS,,,
19/08/2026 14:07,2.10242E+19,31088J14065028000163,1.22026E+17,MMQR_PAYMENT,2102 - KBZ OI,4203 - MMIV RI,MYO THAZIN AUNG,2.23737E+15,MRCTBANK,5542,100 Power 2 -YMT,9681976325,100 Power 2 -YMT,2.23756E+15,"134,000.00",402,187.6,214.4,67,0,0,120.6,"133,598.00",SUCCESS,,,
19/08/2026 14:06,2.10242E+19,31088J14062143000257,1.22026E+17,MMQR_PAYMENT,2102 - KBZ OI,4203 - MMIV RI,Thar Lay,2.23737E+15,MRCTBANK,5499,DAW KYIN SHWE,95151480,DAW KYIN SHWE,2.23756E+15,"4,000.00",0,0,0,2,0,0,0,"4,000.00",SUCCESS,,,
19/08/2026 14:03,2.10242E+19,31088J14032728000105,1.22026E+17,MMQR_PAYMENT,2102 - KBZ OI,4203 - MMIV RI,KHAING KHAING WAI,2.23737E+15,MRCTBANK,5542,100 Power 2 -YMT,9681976325,100 Power 2 -YMT,2.23756E+15,"147,000.00",441,205.8,235.2,73.5,0,0,132.3,"146,559.00",SUCCESS,,,
19/08/2026 13:59,2.10142E+19,AYA21016a855b4e65f36c1dbba8b9ab,1.22026E+17,MMQR_PAYMENT,2101 - AYA OI,4203 - MMIV RI,EI EI PYONE,2.237E+15,MRCTBANK,5499,MARIO,9964152596,MARIO,2.23756E+15,"5,000.00",0,0,0,2.5,0,0,0,"5,000.00",SUCCESS,,,
19/08/2026 13:59,2.10142E+19,AYA21016a855b43f37085d5ef16a7ab,1.22026E+17,MMQR_PAYMENT,2101 - AYA OI,4203 - MMIV RI,EI EI PYONE,2.237E+15,MRCTBANK,5499,MARIO,9964152596,MARIO,2.23756E+15,"10,000.00",0,0,0,5,0,0,0,"10,000.00",SUCCESS,,,
19/08/2026 13:58,2.10142E+19,AYA21016a855b360a575aa9220ef8bd,1.22026E+17,MMQR_PAYMENT,2101 - AYA OI,4203 - MMIV RI,EI EI PYONE,2.237E+15,MRCTBANK,5499,MARIO,9964152596,MARIO,2.23756E+15,"10,000.00",0,0,0,5,0,0,0,"10,000.00",SUCCESS,,,
19/08/2026 13:58,2.10142E+19,AYA21016a855b29593d554aed70d904,1.22026E+17,MMQR_PAYMENT,2101 - AYA OI,4203 - MMIV RI,EI EI PYONE,2.237E+15,MRCTBANK,5499,MARIO,9964152596,MARIO,2.23756E+15,"10,000.00",0,0,0,5,0,0,0,"10,000.00",SUCCESS,,,
19/08/2026 13:55,2.10242E+19,31088J13554628000120,1.22026E+17,MMQR_PAYMENT,2102 - KBZ OI,4203 - MMIV RI,khinethinmon,2.23737E+15,MRCTBANK,5542,100 Power 4 -NYU,9664540527,100 Power 4 -NYU,2.23756E+15,"646,000.00","1,938.00",904.4,"1,033.60",323,0,0,581.4,"644,062.00",SUCCESS,,,
19/08/2026 13:55,2.10542E+19,E2E223767202608191355482262785823,1.22026E+17,MMQR_PAYMENT,2105 - UAB OI,4203 - MMIV RI,EI EI PYONE,2.23768E+15,MRCTBANK,5499,MARIO,9964152596,MARIO,2.23756E+15,"7,000.00",0,0,0,3.5,0,0,0,"7,000.00",SUCCESS,,,
19/08/2026 13:55,2.10342E+19,FT26231Y6DCL,1.22026E+17,MMQR_PAYMENT,2103 - CB OI,4203 - MMIV RI,U ZIN MIN SHEIN,2.23772E+15,MRCTBANK,5812,Eugenia Cafe,943200739,Eugenia Cafe,2.23756E+15,"69,800.00",349,160.54,188.46,34.9,0,0,125.64,"69,451.00",SUCCESS,,,
19/08/2026 13:55,2.10542E+19,E2E223767202608191355350489323874,1.22026E+17,MMQR_PAYMENT,2105 - UAB OI,4203 - MMIV RI,EI EI PYONE,2.23768E+15,MRCTBANK,5499,MARIO,9964152596,MARIO,2.23756E+15,"10,000.00",0,0,0,5,0,0,0,"10,000.00",SUCCESS,,,
19/08/2026 13:55,2.10542E+19,E2E223767202608191355233641025537,1.22026E+17,MMQR_PAYMENT,2105 - UAB OI,4203 - MMIV RI,EI EI PYONE,2.23768E+15,MRCTBANK,5499,MARIO,9964152596,MARIO,2.23756E+15,"10,000.00",0,0,0,5,0,0,0,"10,000.00",SUCCESS,,,
19/08/2026 13:55,2.10542E+19,E2E223767202608191355117143812936,1.22026E+17,MMQR_PAYMENT,2105 - UAB OI,4203 - MMIV RI,EI EI PYONE,2.23768E+15,MRCTBANK,5499,MARIO,9964152596,MARIO,2.23756E+15,"10,000.00",0,0,0,5,0,0,0,"10,000.00",SUCCESS,,,
19/08/2026 13:55,2.10542E+19,E2E223767202608191354590036618274,1.22026E+17,MMQR_PAYMENT,2105 - UAB OI,4203 - MMIV RI,EI EI PYONE,2.23768E+15,MRCTBANK,5499,MARIO,9964152596,MARIO,2.23756E+15,"10,000.00",0,0,0,5,0,0,0,"10,000.00",SUCCESS,,,
19/08/2026 13:54,2.10542E+19,E2E223767202608191354445328566048,1.22026E+17,MMQR_PAYMENT,2105 - UAB OI,4203 - MMIV RI,EI EI PYONE,2.23768E+15,MRCTBANK,5499,MARIO,9964152596,MARIO,2.23756E+15,"10,000.00",0,0,0,5,0,0,0,"10,000.00",SUCCESS,,,
19/08/2026 13:54,2.10542E+19,E2E223767202608191354306739403886,1.22026E+17,MMQR_PAYMENT,2105 - UAB OI,4203 - MMIV RI,EI EI PYONE,2.23768E+15,MRCTBANK,5499,MARIO,9964152596,MARIO,2.23756E+15,"10,000.00",0,0,0,5,0,0,0,"10,000.00",SUCCESS,,,
19/08/2026 13:54,2.10542E+19,E2E223767202608191354186407903027,1.22026E+17,MMQR_PAYMENT,2105 - UAB OI,4203 - MMIV RI,EI EI PYONE,2.23768E+15,MRCTBANK,5499,MARIO,9964152596,MARIO,2.23756E+15,"10,000.00",0,0,0,5,0,0,0,"10,000.00",SUCCESS,,,
19/08/2026 13:54,2.10542E+19,E2E223767202608191354055896065148,1.22026E+17,MMQR_PAYMENT,2105 - UAB OI,4203 - MMIV RI,EI EI PYONE,2.23768E+15,MRCTBANK,5499,MARIO,9964152596,MARIO,2.23756E+15,"10,000.00",0,0,0,5,0,0,0,"10,000.00",SUCCESS,,,
19/08/2026 13:53,2.10542E+19,E2E223767202608191353506667087283,1.22026E+17,MMQR_PAYMENT,2105 - UAB OI,4203 - MMIV RI,EI EI PYONE,2.23768E+15,MRCTBANK,5499,MARIO,9964152596,MARIO,2.23756E+15,"10,000.00",0,0,0,5,0,0,0,"10,000.00",SUCCESS,,,
19/08/2026 13:53,2.10542E+19,E2E223767202608191353383731290255,1.22026E+17,MMQR_PAYMENT,2105 - UAB OI,4203 - MMIV RI,EI EI PYONE,2.23768E+15,MRCTBANK,5499,MARIO,9964152596,MARIO,2.23756E+15,"10,000.00",0,0,0,5,0,0,0,"10,000.00",SUCCESS,,,
19/08/2026 13:53,2.10542E+19,E2E223767202608191353263167458655,1.22026E+17,MMQR_PAYMENT,2105 - UAB OI,4203 - MMIV RI,EI EI PYONE,2.23768E+15,MRCTBANK,5499,MARIO,9964152596,MARIO,2.23756E+15,"10,000.00",0,0,0,5,0,0,0,"10,000.00",SUCCESS,,,
19/08/2026 13:53,2.10542E+19,E2E223767202608191353146662798713,1.22026E+17,MMQR_PAYMENT,2105 - UAB OI,4203 - MMIV RI,EI EI PYONE,2.23768E+15,MRCTBANK,5499,MARIO,9964152596,MARIO,2.23756E+15,"10,000.00",0,0,0,5,0,0,0,"10,000.00",SUCCESS,,,
19/08/2026 13:53,2.10542E+19,E2E223767202608191353028184813572,1.22026E+17,MMQR_PAYMENT,2105 - UAB OI,4203 - MMIV RI,EI EI PYONE,2.23768E+15,MRCTBANK,5499,MARIO,9964152596,MARIO,2.23756E+15,"10,000.00",0,0,0,5,0,0,0,"10,000.00",SUCCESS,,,
19/08/2026 13:52,2.10542E+19,E2E223767202608191352516617305782,1.22026E+17,MMQR_PAYMENT,2105 - UAB OI,4203 - MMIV RI,EI EI PYONE,2.23768E+15,MRCTBANK,5499,MARIO,9964152596,MARIO,2.23756E+15,"10,000.00",0,0,0,5,0,0,0,"10,000.00",SUCCESS,,,
19/08/2026 13:52,2.10542E+19,E2E223767202608191352385049209180,1.22026E+17,MMQR_PAYMENT,2105 - UAB OI,4203 - MMIV RI,EI EI PYONE,2.23768E+15,MRCTBANK,5499,MARIO,9964152596,MARIO,2.23756E+15,"10,000.00",0,0,0,5,0,0,0,"10,000.00",SUCCESS,,,
19/08/2026 13:52,3.10142E+19,wm127473101093786954379,1.22026E+17,MMQR_PAYMENT,3101 - WAVE OI,4203 - MMIV RI,Moh Moh Aung,2.23441E+15,MRCTBANK,5499,SEIN MITHARSU(2),9740011544,SEIN MITHARSU(2),2.23756E+15,"5,000.00",0,0,0,2.5,0,0,0,"5,000.00",SUCCESS,,,
19/08/2026 13:52,2.10542E+19,E2E223767202608191352256574863756,1.22026E+17,MMQR_PAYMENT,2105 - UAB OI,4203 - MMIV RI,EI EI PYONE,2.23768E+15,MRCTBANK,5499,MARIO,9964152596,MARIO,2.23756E+15,"10,000.00",0,0,0,5,0,0,0,"10,000.00",SUCCESS,,,
19/08/2026 13:52,2.10542E+19,E2E223767202608191352142729711537,1.22026E+17,MMQR_PAYMENT,2105 - UAB OI,4203 - MMIV RI,EI EI PYONE,2.23768E+15,MRCTBANK,5499,MARIO,9964152596,MARIO,2.23756E+15,"10,000.00",0,0,0,5,0,0,0,"10,000.00",SUCCESS,,,
19/08/2026 13:52,2.10542E+19,E2E223767202608191352011396697275,1.22026E+17,MMQR_PAYMENT,2105 - UAB OI,4203 - MMIV RI,EI EI PYONE,2.23768E+15,MRCTBANK,5499,MARIO,9964152596,MARIO,2.23756E+15,"10,000.00",0,0,0,5,0,0,0,"10,000.00",SUCCESS,,,
19/08/2026 13:51,2.10542E+19,E2E223767202608191351487076378857,1.22026E+17,MMQR_PAYMENT,2105 - UAB OI,4203 - MMIV RI,EI EI PYONE,2.23768E+15,MRCTBANK,5499,MARIO,9964152596,MARIO,2.23756E+15,"10,000.00",0,0,0,5,0,0,0,"10,000.00",SUCCESS,,,
19/08/2026 13:51,2.10242E+19,31088J13512135000218,1.22026E+17,MMQR_PAYMENT,2102 - KBZ OI,4203 - MMIV RI,U Aung Win Myat,2.23737E+15,MRCTBANK,5812,Eugenia Cafe,943200739,Eugenia Cafe,2.23756E+15,"51,450.00",257.25,118.33,138.92,25.73,0,0,92.6,"51,192.75",SUCCESS,,,
19/08/2026 13:51,2.10542E+19,E2E223767202608191351061267566019,1.22026E+17,MMQR_PAYMENT,2105 - UAB OI,4203 - MMIV RI,EI EI PYONE,2.23768E+15,MRCTBANK,5499,MARIO,9964152596,MARIO,2.23756E+15,"10,000.00",0,0,0,5,0,0,0,"10,000.00",SUCCESS,,,
19/08/2026 13:50,2.10542E+19,E2E223767202608191350509431865013,1.22026E+17,MMQR_PAYMENT,2105 - UAB OI,4203 - MMIV RI,EI EI PYONE,2.23768E+15,MRCTBANK,5499,MARIO,9964152596,MARIO,2.23756E+15,"20,000.00",0,0,0,10,0,0,0,"20,000.00",SUCCESS,,,
19/08/2026 13:50,2.10542E+19,E2E223767202608191350202215494203,1.22026E+17,MMQR_PAYMENT,2105 - UAB OI,4203 - MMIV RI,EI EI PYONE,2.23768E+15,MRCTBANK,5499,MARIO,9964152596,MARIO,2.23756E+15,"10,000.00",0,0,0,5,0,0,0,"10,000.00",SUCCESS,,,
19/08/2026 13:50,2.10542E+19,E2E223767202608191350086587226847,1.22026E+17,MMQR_PAYMENT,2105 - UAB OI,4203 - MMIV RI,EI EI PYONE,2.23768E+15,MRCTBANK,5499,MARIO,9964152596,MARIO,2.23756E+15,"10,000.00",0,0,0,5,0,0,0,"10,000.00",SUCCESS,,,
19/08/2026 13:49,2.10542E+19,E2E223767202608191349559578507761,1.22026E+17,MMQR_PAYMENT,2105 - UAB OI,4203 - MMIV RI,EI EI PYONE,2.23768E+15,MRCTBANK,5499,MARIO,9964152596,MARIO,2.23756E+15,"10,000.00",0,0,0,5,0,0,0,"10,000.00",SUCCESS,,,
19/08/2026 13:49,2.10542E+19,E2E223767202608191349388414361281,1.22026E+17,MMQR_PAYMENT,2105 - UAB OI,4203 - MMIV RI,EI EI PYONE,2.23768E+15,MRCTBANK,5499,MARIO,9964152596,MARIO,2.23756E+15,"5,000.00",0,0,0,2.5,0,0,0,"5,000.00",SUCCESS,,,
19/08/2026 13:49,2.10542E+19,E2E223767202608191349201386910176,1.22026E+17,MMQR_PAYMENT,2105 - UAB OI,4203 - MMIV RI,EI EI PYONE,2.23768E+15,MRCTBANK,5499,MARIO,9964152596,MARIO,2.23756E+15,"5,000.00",0,0,0,2.5,0,0,0,"5,000.00",SUCCESS,,,
19/08/2026 13:49,2.10542E+19,E2E223767202608191349067964217413,1.22026E+17,MMQR_PAYMENT,2105 - UAB OI,4203 - MMIV RI,EI EI PYONE,2.23768E+15,MRCTBANK,5499,MARIO,9964152596,MARIO,2.23756E+15,"5,000.00",0,0,0,2.5,0,0,0,"5,000.00",SUCCESS,,,
19/08/2026 13:48,2.10542E+19,E2E223767202608191348543352763240,1.22026E+17,MMQR_PAYMENT,2105 - UAB OI,4203 - MMIV RI,EI EI PYONE,2.23768E+15,MRCTBANK,5499,MARIO,9964152596,MARIO,2.23756E+15,"5,000.00",0,0,0,2.5,0,0,0,"5,000.00",SUCCESS,,,
19/08/2026 13:48,2.10542E+19,E2E223767202608191348298635154150,1.22026E+17,MMQR_PAYMENT,2105 - UAB OI,4203 - MMIV RI,EI EI PYONE,2.23768E+15,MRCTBANK,5499,MARIO,9964152596,MARIO,2.23756E+15,"5,000.00",0,0,0,2.5,0,0,0,"5,000.00",SUCCESS,,,
19/08/2026 13:48,2.10542E+19,E2E223767202608191348161681492384,1.22026E+17,MMQR_PAYMENT,2105 - UAB OI,4203 - MMIV RI,EI EI PYONE,2.23768E+15,MRCTBANK,5499,MARIO,9964152596,MARIO,2.23756E+15,"5,000.00",0,0,0,2.5,0,0,0,"5,000.00",SUCCESS,,,
19/08/2026 13:48,2.10542E+19,E2E223767202608191348049097294668,1.22026E+17,MMQR_PAYMENT,2105 - UAB OI,4203 - MMIV RI,EI EI PYONE,2.23768E+15,MRCTBANK,5499,MARIO,9964152596,MARIO,2.23756E+15,"5,000.00",0,0,0,2.5,0,0,0,"5,000.00",SUCCESS,,,
19/08/2026 13:47,2.10542E+19,E2E223767202608191347535660424329,1.22026E+17,MMQR_PAYMENT,2105 - UAB OI,4203 - MMIV RI,EI EI PYONE,2.23768E+15,MRCTBANK,5499,MARIO,9964152596,MARIO,2.23756E+15,"5,000.00",0,0,0,2.5,0,0,0,"5,000.00",SUCCESS,,,
19/08/2026 13:47,2.10542E+19,E2E223767202608191347384782994734,1.22026E+17,MMQR_PAYMENT,2105 - UAB OI,4203 - MMIV RI,EI EI PYONE,2.23768E+15,MRCTBANK,5499,MARIO,9964152596,MARIO,2.23756E+15,"5,000.00",0,0,0,2.5,0,0,0,"5,000.00",SUCCESS,,,
19/08/2026 13:47,2.10542E+19,E2E223767202608191347261697595133,1.22026E+17,MMQR_PAYMENT,2105 - UAB OI,4203 - MMIV RI,EI EI PYONE,2.23768E+15,MRCTBANK,5499,MARIO,9964152596,MARIO,2.23756E+15,"5,000.00",0,0,0,2.5,0,0,0,"5,000.00",SUCCESS,,,
19/08/2026 13:47,2.10542E+19,E2E223767202608191347067605900575,1.22026E+17,MMQR_PAYMENT,2105 - UAB OI,4203 - MMIV RI,EI EI PYONE,2.23768E+15,MRCTBANK,5499,MARIO,9964152596,MARIO,2.23756E+15,"5,000.00",0,0,0,2.5,0,0,0,"5,000.00",SUCCESS,,,
19/08/2026 13:46,2.10542E+19,E2E223767202608191346557752804540,1.22026E+17,MMQR_PAYMENT,2105 - UAB OI,4203 - MMIV RI,EI EI PYONE,2.23768E+15,MRCTBANK,5499,MARIO,9964152596,MARIO,2.23756E+15,"5,000.00",0,0,0,2.5,0,0,0,"5,000.00",SUCCESS,,,
19/08/2026 13:46,2.10542E+19,E2E223767202608191346340021142449,1.22026E+17,MMQR_PAYMENT,2105 - UAB OI,4203 - MMIV RI,EI EI PYONE,2.23768E+15,MRCTBANK,5499,MARIO,9964152596,MARIO,2.23756E+15,"5,000.00",0,0,0,2.5,0,0,0,"5,000.00",SUCCESS,,,
19/08/2026 13:46,2.10542E+19,E2E223767202608191346214819589648,1.22026E+17,MMQR_PAYMENT,2105 - UAB OI,4203 - MMIV RI,EI EI PYONE,2.23768E+15,MRCTBANK,5499,MARIO,9964152596,MARIO,2.23756E+15,"5,000.00",0,0,0,2.5,0,0,0,"5,000.00",SUCCESS,,,
19/08/2026 13:46,2.10542E+19,E2E223767202608191346092401541240,1.22026E+17,MMQR_PAYMENT,2105 - UAB OI,4203 - MMIV RI,EI EI PYONE,2.23768E+15,MRCTBANK,5499,MARIO,9964152596,MARIO,2.23756E+15,"5,000.00",0,0,0,2.5,0,0,0,"5,000.00",SUCCESS,,,
19/08/2026 13:45,2.10542E+19,E2E223767202608191345577581341090,1.22026E+17,MMQR_PAYMENT,2105 - UAB OI,4203 - MMIV RI,EI EI PYONE,2.23768E+15,MRCTBANK,5499,MARIO,9964152596,MARIO,2.23756E+15,"5,000.00",0,0,0,2.5,0,0,0,"5,000.00",SUCCESS,,,
19/08/2026 13:45,2.10542E+19,E2E223767202608191345445842415502,1.22026E+17,MMQR_PAYMENT,2105 - UAB OI,4203 - MMIV RI,EI EI PYONE,2.23768E+15,MRCTBANK,5499,MARIO,9964152596,MARIO,2.23756E+15,"5,000.00",0,0,0,2.5,0,0,0,"5,000.00",SUCCESS,,,
19/08/2026 13:45,2.10542E+19,E2E223767202608191345254013808967,1.22026E+17,MMQR_PAYMENT,2105 - UAB OI,4203 - MMIV RI,EI EI PYONE,2.23768E+15,MRCTBANK,5499,MARIO,9964152596,MARIO,2.23756E+15,"5,000.00",0,0,0,2.5,0,0,0,"5,000.00",SUCCESS,,,
19/08/2026 13:44,2.10542E+19,E2E223767202608191344464597118559,1.22026E+17,MMQR_PAYMENT,2105 - UAB OI,4203 - MMIV RI,EI EI PYONE,2.23768E+15,MRCTBANK,5499,MARIO,9964152596,MARIO,2.23756E+15,"5,000.00",0,0,0,2.5,0,0,0,"5,000.00",SUCCESS,,,
19/08/2026 13:44,2.10542E+19,E2E223767202608191344316548405650,1.22026E+17,MMQR_PAYMENT,2105 - UAB OI,4203 - MMIV RI,EI EI PYONE,2.23768E+15,MRCTBANK,5499,MARIO,9964152596,MARIO,2.23756E+15,"5,000.00",0,0,0,2.5,0,0,0,"5,000.00",SUCCESS,,,
19/08/2026 13:44,2.10542E+19,E2E223767202608191344200296618131,1.22026E+17,MMQR_PAYMENT,2105 - UAB OI,4203 - MMIV RI,EI EI PYONE,2.23768E+15,MRCTBANK,5499,MARIO,9964152596,MARIO,2.23756E+15,"5,000.00",0,0,0,2.5,0,0,0,"5,000.00",SUCCESS,,,
19/08/2026 13:41,2.10542E+19,E2E223767202608191341085112847474,1.22026E+17,MMQR_PAYMENT,2105 - UAB OI,4203 - MMIV RI,EI EI PYONE,2.23768E+15,MRCTBANK,5499,MARIO,9964152596,MARIO,2.23756E+15,"5,000.00",0,0,0,2.5,0,0,0,"5,000.00",SUCCESS,,,
19/08/2026 13:40,2.10542E+19,E2E223767202608191340553305049669,1.22026E+17,MMQR_PAYMENT,2105 - UAB OI,4203 - MMIV RI,EI EI PYONE,2.23768E+15,MRCTBANK,5499,MARIO,9964152596,MARIO,2.23756E+15,"5,000.00",0,0,0,2.5,0,0,0,"5,000.00",SUCCESS,,,
19/08/2026 13:40,2.10542E+19,E2E223767202608191340414827169063,1.22026E+17,MMQR_PAYMENT,2105 - UAB OI,4203 - MMIV RI,EI EI PYONE,2.23768E+15,MRCTBANK,5499,MARIO,9964152596,MARIO,2.23756E+15,"5,000.00",0,0,0,2.5,0,0,0,"5,000.00",SUCCESS,,,
19/08/2026 13:40,2.10542E+19,E2E223767202608191340288277815126,1.22026E+17,MMQR_PAYMENT,2105 - UAB OI,4203 - MMIV RI,EI EI PYONE,2.23768E+15,MRCTBANK,5499,MARIO,9964152596,MARIO,2.23756E+15,"5,000.00",0,0,0,2.5,0,0,0,"5,000.00",SUCCESS,,,
19/08/2026 13:39,2.10142E+19,AYA21016a8556b3f82b364553f638d1,1.22026E+17,MMQR_PAYMENT,2101 - AYA OI,4203 - MMIV RI,EI EI PYONE,2.237E+15,MRCTBANK,5499,MARIO,9964152596,MARIO,2.23756E+15,"4,000.00",0,0,0,2,0,0,0,"4,000.00",SUCCESS,,,
19/08/2026 13:39,2.10142E+19,AYA21016a85569fe751f9e770cafff6,1.22026E+17,MMQR_PAYMENT,2101 - AYA OI,4203 - MMIV RI,EI EI PYONE,2.237E+15,MRCTBANK,5499,MARIO,9964152596,MARIO,2.23756E+15,"1,000.00",0,0,0,0.5,0,0,0,"1,000.00",SUCCESS,,,
19/08/2026 13:39,2.10142E+19,AYA21016a855693318ea35e3356b12d,1.22026E+17,MMQR_PAYMENT,2101 - AYA OI,4203 - MMIV RI,EI EI PYONE,2.237E+15,MRCTBANK,5499,MARIO,9964152596,MARIO,2.23756E+15,"1,000.00",0,0,0,0.5,0,0,0,"1,000.00",SUCCESS,,,
19/08/2026 13:39,2.10142E+19,AYA21016a8556885557fbf3e46f3d67,1.22026E+17,MMQR_PAYMENT,2101 - AYA OI,4203 - MMIV RI,EI EI PYONE,2.237E+15,MRCTBANK,5499,MARIO,9964152596,MARIO,2.23756E+15,"1,000.00",0,0,0,0.5,0,0,0,"1,000.00",SUCCESS,,,
19/08/2026 13:38,2.10142E+19,AYA21016a85567b318ea35e3356b101,1.22026E+17,MMQR_PAYMENT,2101 - AYA OI,4203 - MMIV RI,EI EI PYONE,2.237E+15,MRCTBANK,5499,MARIO,9964152596,MARIO,2.23756E+15,"1,000.00",0,0,0,0.5,0,0,0,"1,000.00",SUCCESS,,,
19/08/2026 13:38,2.10142E+19,AYA21016a85566ede9ff8ffa1271530,1.22026E+17,MMQR_PAYMENT,2101 - AYA OI,4203 - MMIV RI,EI EI PYONE,2.237E+15,MRCTBANK,5499,MARIO,9964152596,MARIO,2.23756E+15,"1,000.00",0,0,0,0.5,0,0,0,"1,000.00",SUCCESS,,,
19/08/2026 13:38,2.10142E+19,AYA21016a85565d8c60f292f7a839ec,1.22026E+17,MMQR_PAYMENT,2101 - AYA OI,4203 - MMIV RI,EI EI PYONE,2.237E+15,MRCTBANK,5499,MARIO,9964152596,MARIO,2.23756E+15,"1,000.00",0,0,0,0.5,0,0,0,"1,000.00",SUCCESS,,,
19/08/2026 13:38,2.10142E+19,AYA21016a85564e5cc0d234b8c6c94a,1.22026E+17,MMQR_PAYMENT,2101 - AYA OI,4203 - MMIV RI,EI EI PYONE,2.237E+15,MRCTBANK,5499,MARIO,9964152596,MARIO,2.23756E+15,"3,000.00",0,0,0,1.5,0,0,0,"3,000.00",SUCCESS,,,
19/08/2026 13:37,2.10142E+19,AYA21016a8556398c60f292f7a839b7,1.22026E+17,MMQR_PAYMENT,2101 - AYA OI,4203 - MMIV RI,EI EI PYONE,2.237E+15,MRCTBANK,5499,MARIO,9964152596,MARIO,2.23756E+15,"5,000.00",0,0,0,2.5,0,0,0,"5,000.00",SUCCESS,,,
19/08/2026 13:37,2.10142E+19,AYA21016a855622073bc3fb419b8d2d,1.22026E+17,MMQR_PAYMENT,2101 - AYA OI,4203 - MMIV RI,EI EI PYONE,2.237E+15,MRCTBANK,5499,MARIO,9964152596,MARIO,2.23756E+15,"10,000.00",0,0,0,5,0,0,0,"10,000.00",SUCCESS,,,
19/08/2026 13:36,2.10142E+19,AYA21016a8556056a651f53f6d4c1cb,1.22026E+17,MMQR_PAYMENT,2101 - AYA OI,4203 - MMIV RI,PWINT MARLAR SOE,2.237E+15,MRCTBANK,5499,Kay Ti (1),9421024241,Kay Ti (1),2.23756E+15,"245,000.00",0,0,0,122.5,0,0,0,"245,000.00",SUCCESS,,,
19/08/2026 13:35,2.10242E+19,31088J13350989000230,1.22026E+17,MMQR_PAYMENT,2102 - KBZ OI,4203 - MMIV RI,Thansin Htwe,2.23737E+15,MRCTBANK,5499,Moe San,9891371722,Moe San,2.23756E+15,"99,000.00",0,0,0,49.5,0,0,0,"99,000.00",SUCCESS,,,
19/08/2026 13:32,3.10142E+19,wm127461084865333829801,1.22026E+17,MMQR_PAYMENT,3101 - WAVE OI,4203 - MMIV RI,Htet Htet Aung,2.23441E+15,MRCTBANK,5499,Lynn,9262758882,Lynn,2.23756E+15,"5,000.00",0,0,0,2.5,0,0,0,"5,000.00",SUCCESS,,,
19/08/2026 13:31,3.10142E+19,wm127460383367352426784,1.22026E+17,MMQR_PAYMENT,3101 - WAVE OI,4203 - MMIV RI,Htet Htet Aung,2.23441E+15,MRCTBANK,5499,Lynn,9262758882,Lynn,2.23756E+15,"6,000.00",0,0,0,3,0,0,0,"6,000.00",SUCCESS,,,
19/08/2026 13:31,2.10242E+19,31088J13310128000234,1.22026E+17,MMQR_PAYMENT,2102 - KBZ OI,4203 - MMIV RI,U Kyaw Soe,2.23737E+15,MRCTBANK,5499,Universal,9429964907,Universal,2.23756E+15,"35,000.00",0,0,0,17.5,0,0,0,"35,000.00",SUCCESS,,,
19/08/2026 13:31,3.10142E+19,wm127460206462175685057,1.22026E+17,MMQR_PAYMENT,3101 - WAVE OI,4203 - MMIV RI,Htet Htet Aung,2.23441E+15,MRCTBANK,5499,Lynn,9262758882,Lynn,2.23756E+15,"7,000.00",0,0,0,3.5,0,0,0,"7,000.00",SUCCESS,,,
19/08/2026 13:29,3.10142E+19,wm63691923607658464672,1.22026E+17,MMQR_PAYMENT,3101 - WAVE OI,4203 - MMIV RI,Htet Htet Aung,2.23441E+15,MRCTBANK,5499,Lynn,9262758882,Lynn,2.23756E+15,"8,000.00",0,0,0,4,0,0,0,"8,000.00",SUCCESS,,,
19/08/2026 13:28,3.10142E+19,wm127458941603490736199,1.22026E+17,MMQR_PAYMENT,3101 - WAVE OI,4203 - MMIV RI,Htet Htet Aung,2.23441E+15,MRCTBANK,5499,Lynn,9262758882,Lynn,2.23756E+15,"9,000.00",0,0,0,4.5,0,0,0,"9,000.00",SUCCESS,,,
19/08/2026 13:28,3.10142E+19,wm127458783589723845887,1.22026E+17,MMQR_PAYMENT,3101 - WAVE OI,4203 - MMIV RI,Htet Htet Aung,2.23441E+15,MRCTBANK,5499,Lynn,9262758882,Lynn,2.23756E+15,"10,000.00",0,0,0,5,0,0,0,"10,000.00",SUCCESS,,,
19/08/2026 13:28,2.10342E+19,FT2623147JLY,1.22026E+17,MMQR_PAYMENT,2103 - CB OI,4203 - MMIV RI,TUN TUN LIN,2.23772E+15,MRCTBANK,5499,A LINN THIT MOBILE,9898459560,A LINN THIT MOBILE,2.23756E+15,"80,000.00",0,0,0,40,0,0,0,"80,000.00",SUCCESS,,,
19/08/2026 13:27,2.10242E+19,31088J13272635000261,1.22026E+17,MMQR_PAYMENT,2102 - KBZ OI,4203 - MMIV RI,U Htein Linn,2.23737E+15,MRCTBANK,5812,Eugenia Cafe,943200739,Eugenia Cafe,2.23756E+15,"99,750.00",498.75,229.42,269.33,49.88,0,0,179.54,"99,251.25",SUCCESS,,,
19/08/2026 13:22,2.10242E+19,31088J13224028000111,1.22026E+17,MMQR_PAYMENT,2102 - KBZ OI,4203 - MMIV RI,MAUNG MAUNG AYE,2.23737E+15,MRCTBANK,5499,LAMIN THAR,9765787858,LAMIN THAR,2.23756E+15,"20,200.00",0,0,0,10.1,0,0,0,"20,200.00",SUCCESS,,,
19/08/2026 13:21,2.10142E+19,AYA21016a85527b95d0d621d312b4fc,1.22026E+17,MMQR_PAYMENT,2101 - AYA OI,4203 - MMIV RI,EI EI PYONE,2.237E+15,MRCTBANK,5499,MARIO,9964152596,MARIO,2.23756E+15,"1,000.00",0,0,0,0.5,0,0,0,"1,000.00",SUCCESS,,,
19/08/2026 13:21,2.10142E+19,AYA21016a85526d0fc9f67dd654c35c,1.22026E+17,MMQR_PAYMENT,2101 - AYA OI,4203 - MMIV RI,EI EI PYONE,2.237E+15,MRCTBANK,5499,MARIO,9964152596,MARIO,2.23756E+15,"1,000.00",0,0,0,0.5,0,0,0,"1,000.00",SUCCESS,,,
19/08/2026 13:20,3.10142E+19,wm127454057082292661038,1.22026E+17,MMQR_PAYMENT,3101 - WAVE OI,4203 - MMIV RI,Htet Htet Aung,2.23441E+15,MRCTBANK,5499,Lynn,9262758882,Lynn,2.23756E+15,"8,000.00",0,0,0,4,0,0,0,"8,000.00",SUCCESS,,,
19/08/2026 13:20,3.10142E+19,wm127453731566423956997,1.22026E+17,MMQR_PAYMENT,3101 - WAVE OI,4203 - MMIV RI,Htet Htet Aung,2.23441E+15,MRCTBANK,5499,Lynn,9262758882,Lynn,2.23756E+15,"7,000.00",0,0,0,3.5,0,0,0,"7,000.00",SUCCESS,,,
19/08/2026 13:19,2.10242E+19,31088J13194956000119,1.22026E+17,MMQR_PAYMENT,2102 - KBZ OI,4203 - MMIV RI,Nyein Hsu Htike,2.23737E+15,MRCTBANK,5499,LAMIN THAR,9765787858,LAMIN THAR,2.23756E+15,"30,300.00",0,0,0,15.15,0,0,0,"30,300.00",SUCCESS,,,
19/08/2026 13:19,3.10142E+19,wm127453261406065047268,1.22026E+17,MMQR_PAYMENT,3101 - WAVE OI,4203 - MMIV RI,Htet Htet Aung,2.23441E+15,MRCTBANK,5499,Lynn,9262758882,Lynn,2.23756E+15,"6,000.00",0,0,0,3,0,0,0,"6,000.00",SUCCESS,,,
19/08/2026 13:18,3.10142E+19,wm127452629222080802693,1.22026E+17,MMQR_PAYMENT,3101 - WAVE OI,4203 - MMIV RI,Htet Htet Aung,2.23441E+15,MRCTBANK,5499,Lynn,9262758882,Lynn,2.23756E+15,"5,000.00",0,0,0,2.5,0,0,0,"5,000.00",SUCCESS,,,
19/08/2026 13:17,2.10242E+19,31088J13170202000217,1.22026E+17,MMQR_PAYMENT,2102 - KBZ OI,4203 - MMIV RI,DAW KHIN KHIN MYA,2.23737E+15,MRCTBANK,5499,A.S.K,95156238,A.S.K,2.23756E+15,"60,600.00",0,0,0,30.3,0,0,0,"60,600.00",SUCCESS,,,
19/08/2026 13:15,2.10242E+19,31088J13144435000438,1.22026E+17,MMQR_PAYMENT,2102 - KBZ OI,4203 - MMIV RI,Khin Aung Than,2.23737E+15,MRCTBANK,5499,IC 2,9959533636,IC 2,2.23756E+15,"25,000.00",0,0,0,12.5,0,0,0,"25,000.00",SUCCESS,,,
19/08/2026 13:14,2.10142E+19,AYA21016a8550d6807c524ee4c11dc5,1.22026E+17,MMQR_PAYMENT,2101 - AYA OI,4203 - MMIV RI,HTET HTET AUNG,2.237E+15,MRCTBANK,5499,Lynn,9262758882,Lynn,2.23756E+15,"12,000.00",0,0,0,6,0,0,0,"12,000.00",SUCCESS,,,
19/08/2026 13:13,2.10142E+19,AYA21016a8550890a575aa9220ee826,1.22026E+17,MMQR_PAYMENT,2101 - AYA OI,4203 - MMIV RI,HTET HTET AUNG,2.237E+15,MRCTBANK,5499,Lynn,9262758882,Lynn,2.23756E+15,"5,000.00",0,0,0,2.5,0,0,0,"5,000.00",SUCCESS,,,
19/08/2026 13:13,2.10142E+19,AYA21016a855073ef124f901effb98f,1.22026E+17,MMQR_PAYMENT,2101 - AYA OI,4203 - MMIV RI,HTET HTET AUNG,2.237E+15,MRCTBANK,5499,Lynn,9262758882,Lynn,2.23756E+15,"10,000.00",0,0,0,5,0,0,0,"10,000.00",SUCCESS,,,
19/08/2026 13:12,2.10142E+19,AYA21016a855057de7e38c75d7c6ac3,1.22026E+17,MMQR_PAYMENT,2101 - AYA OI,4203 - MMIV RI,HTET HTET AUNG,2.237E+15,MRCTBANK,5499,Lynn,9262758882,Lynn,2.23756E+15,"10,000.00",0,0,0,5,0,0,0,"10,000.00",SUCCESS,,,
19/08/2026 13:11,2.10242E+19,31088J13112343000100,1.22026E+17,MMQR_PAYMENT,2102 - KBZ OI,4203 - MMIV RI,Ma Ei K Khaine,2.23737E+15,MRCTBANK,5499,Kay Ti (1),9421024241,Kay Ti (1),2.23756E+15,"150,000.00",0,0,0,75,0,0,0,"150,000.00",SUCCESS,,,
19/08/2026 13:11,2.10142E+19,AYA21016a8550016ef6f1252584ae6d,1.22026E+17,MMQR_PAYMENT,2101 - AYA OI,4203 - MMIV RI,YE LIN KYAW,2.237E+15,MRCTBANK,5499,TAUNG PAW THU,9762613396,TAUNG PAW THU,2.23756E+15,"500,000.00",0,0,0,250,0,0,0,"500,000.00",SUCCESS,,,
19/08/2026 13:10,2.10142E+19,AYA21016a854fbfa0f0bec357d9158d,1.22026E+17,MMQR_PAYMENT,2101 - AYA OI,4203 - MMIV RI,YE LIN KYAW,2.237E+15,MRCTBANK,5499,TAUNG PAW THU,9762613396,TAUNG PAW THU,2.23756E+15,"13,000.00",0,0,0,6.5,0,0,0,"13,000.00",SUCCESS,,,
19/08/2026 13:09,2.10242E+19,31088J13091928000136,1.22026E+17,MMQR_PAYMENT,2102 - KBZ OI,4203 - MMIV RI,Pyi Thein Kyaw,2.23737E+15,MRCTBANK,5499,Tan Ta,9799812235,Tan Ta,2.23756E+15,100,0,0,0,0.05,0,0,0,100,SUCCESS,,,
19/08/2026 13:09,2.10342E+19,FT26231LK0ZY,1.22026E+17,MMQR_PAYMENT,2103 - CB OI,4203 - MMIV RI,DAW HTET HTET AUNG,2.23772E+15,MRCTBANK,5499,Lynn,9262758882,Lynn,2.23756E+15,"50,000.00",0,0,0,25,0,0,0,"50,000.00",SUCCESS,,,
19/08/2026 13:07,2.10342E+19,FT26231YJ9TY,1.22026E+17,MMQR_PAYMENT,2103 - CB OI,4203 - MMIV RI,DAW HTET HTET AUNG,2.23772E+15,MRCTBANK,5499,Lynn,9262758882,Lynn,2.23756E+15,"20,000.00",0,0,0,10,0,0,0,"20,000.00",SUCCESS,,,
19/08/2026 13:06,2.10342E+19,FT262317942G,1.22026E+17,MMQR_PAYMENT,2103 - CB OI,4203 - MMIV RI,DAW HTET HTET AUNG,2.23772E+15,MRCTBANK,5499,Lynn,9262758882,Lynn,2.23756E+15,"30,000.00",0,0,0,15,0,0,0,"30,000.00",SUCCESS,,,
19/08/2026 13:05,2.10342E+19,FT2623176RDW,1.22026E+17,MMQR_PAYMENT,2103 - CB OI,4203 - MMIV RI,DAW HTET HTET AUNG,2.23772E+15,MRCTBANK,5499,Lynn,9262758882,Lynn,2.23756E+15,"50,000.00",0,0,0,25,0,0,0,"50,000.00",SUCCESS,,,
19/08/2026 13:02,3.10142E+19,wm127443022502366987805,1.22026E+17,MMQR_PAYMENT,3101 - WAVE OI,4203 - MMIV RI,Zaw Lin,2.23441E+15,MRCTBANK,5499,SEIN MITHARSU(2),9740011544,SEIN MITHARSU(2),2.23756E+15,"50,000.00",0,0,0,25,0,0,0,"50,000.00",SUCCESS,,,
19/08/2026 13:00,2.10242E+19,31088J13002528000111,1.22026E+17,MMQR_PAYMENT,2102 - KBZ OI,4203 - MMIV RI,Aung Pyae Sone,2.23737E+15,MRCTBANK,5499,La Woon Store,9763013719,La Woon Store,2.23756E+15,"28,500.00",0,0,0,14.25,0,0,0,"28,500.00",SUCCESS,,,
19/08/2026 12:54,2.10742E+19,21072026081912543631169e04412557839,1.22026E+17,MMQR_PAYMENT,2107 - YOMA OI,4203 - MMIV RI,Pyae Sone Khant,2.23699E+15,MRCTBANK,5499,A.S.K,95156238,A.S.K,2.23756E+15,"202,000.00",0,0,0,101,0,0,0,"202,000.00",SUCCESS,,,
19/08/2026 12:48,2.10142E+19,AYA21016a854aae2c23fd18da20b072,1.22026E+17,MMQR_PAYMENT,2101 - AYA OI,4203 - MMIV RI,NILAR AUNG,2.237E+15,MRCTBANK,5499,SEIN MITHARSU(2),9740011544,SEIN MITHARSU(2),2.23756E+15,"200,000.00",0,0,0,100,0,0,0,"200,000.00",SUCCESS,,,
19/08/2026 12:48,2.10242E+19,31088J12481543000136,1.22026E+17,MMQR_PAYMENT,2102 - KBZ OI,4203 - MMIV RI,Pyi Thein Kyaw,2.23737E+15,MRCTBANK,8099,Muditar Pharmacy,9790221997,Muditar Pharmacy,2.23756E+15,100,0.5,0.23,0.27,0.05,0,0,0.18,99.5,SUCCESS,,,
19/08/2026 12:47,2.10142E+19,AYA21016a854a8db8bf1574e4dab8c0,1.22026E+17,MMQR_PAYMENT,2101 - AYA OI,4203 - MMIV RI,NILAR AUNG,2.237E+15,MRCTBANK,5499,SEIN MITHARSU(2),9740011544,SEIN MITHARSU(2),2.23756E+15,"200,000.00",0,0,0,100,0,0,0,"200,000.00",SUCCESS,,,
19/08/2026 12:47,2.10142E+19,AYA21016a854a7963ebd37828ac58d8,1.22026E+17,MMQR_PAYMENT,2101 - AYA OI,4203 - MMIV RI,NILAR AUNG,2.237E+15,MRCTBANK,5499,SEIN MITHARSU(2),9740011544,SEIN MITHARSU(2),2.23756E+15,"200,000.00",0,0,0,100,0,0,0,"200,000.00",SUCCESS,,,
19/08/2026 12:47,2.10142E+19,AYA21016a854a61e195f595d85a5af6,1.22026E+17,MMQR_PAYMENT,2101 - AYA OI,4203 - MMIV RI,NILAR AUNG,2.237E+15,MRCTBANK,5499,SEIN MITHARSU(2),9740011544,SEIN MITHARSU(2),2.23756E+15,"200,000.00",0,0,0,100,0,0,0,"200,000.00",SUCCESS,,,
19/08/2026 12:46,2.10142E+19,AYA21016a854a50514f91f1a876d9ac,1.22026E+17,MMQR_PAYMENT,2101 - AYA OI,4203 - MMIV RI,NILAR AUNG,2.237E+15,MRCTBANK,5499,SEIN MITHARSU(2),9740011544,SEIN MITHARSU(2),2.23756E+15,"200,000.00",0,0,0,100,0,0,0,"200,000.00",SUCCESS,,,
19/08/2026 12:44,2.10142E+19,AYA21016a8549d807772812878110f6,1.22026E+17,MMQR_PAYMENT,2101 - AYA OI,4203 - MMIV RI,BO BO AUNG,2.237E+15,MRCTBANK,5499,SEIN MITHARSU(2),9740011544,SEIN MITHARSU(2),2.23756E+15,"300,000.00",0,0,0,150,0,0,0,"300,000.00",SUCCESS,,,
19/08/2026 12:41,2.10242E+19,31088J12413943000253,1.22026E+17,MMQR_PAYMENT,2102 - KBZ OI,4203 - MMIV RI,Than Naing Lin,2.23737E+15,MRCTBANK,5812,Eugenia Cafe,943200739,Eugenia Cafe,2.23756E+15,"67,200.00",336,154.56,181.44,33.6,0,0,120.96,"66,864.00",SUCCESS,,,
19/08/2026 12:41,3.10142E+19,wm127430472818692081518,1.22026E+17,MMQR_PAYMENT,3101 - WAVE OI,4203 - MMIV RI,Zin Wai Phyo,2.23441E+15,MRCTBANK,5499,Pa Hta Wi Ar Kar,9420558864,Pa Hta Wi Ar Kar,2.23756E+15,"50,000.00",0,0,0,25,0,0,0,"50,000.00",SUCCESS,,,
19/08/2026 12:41,2.10242E+19,31088J12410043000130,1.22026E+17,MMQR_PAYMENT,2102 - KBZ OI,4203 - MMIV RI,Thuyaaung,2.23737E+15,MRCTBANK,5499,La Woon Store,9763013719,La Woon Store,2.23756E+15,"100,000.00",0,0,0,50,0,0,0,"100,000.00",SUCCESS,,,
19/08/2026 12:35,2.10242E+19,31088J12353828000136,1.22026E+17,MMQR_PAYMENT,2102 - KBZ OI,4203 - MMIV RI,Pyi Thein Kyaw,2.23737E+15,MRCTBANK,5499,San Photo,9790134066,San Photo,2.23756E+15,100,0,0,0,0.05,0,0,0,100,SUCCESS,,,
19/08/2026 12:32,2.10242E+19,31088J12321902000122,1.22026E+17,MMQR_PAYMENT,2102 - KBZ OI,4203 - MMIV RI,Myint Lwin,2.23737E+15,MRCTBANK,5499,Universal,9429964907,Universal,2.23756E+15,"6,000.00",0,0,0,3,0,0,0,"6,000.00",SUCCESS,,,
19/08/2026 12:28,2.10242E+19,31088J12281743000121,1.22026E+17,MMQR_PAYMENT,2102 - KBZ OI,4203 - MMIV RI,Pyae Ko Ko,2.23737E+15,MRCTBANK,5499,A.S.K,95156238,A.S.K,2.23756E+15,"5,200.00",0,0,0,2.6,0,0,0,"5,200.00",SUCCESS,,,
19/08/2026 12:28,2.10242E+19,31088J12275735000200,1.22026E+17,MMQR_PAYMENT,2102 - KBZ OI,4203 - MMIV RI,Mg Aung ThiHa,2.23737E+15,MRCTBANK,5499,SAN THIT LWIN,9966431676,SAN THIT LWIN,2.23756E+15,"20,200.00",0,0,0,10.1,0,0,0,"20,200.00",SUCCESS,,,
19/08/2026 12:26,3.10142E+19,wm63653660148388963525,1.22026E+17,MMQR_PAYMENT,3101 - WAVE OI,4203 - MMIV RI,Kyi Kyi Khaing Nyein,2.23441E+15,MRCTBANK,5499,ANGEL,9968970070,ANGEL,2.23756E+15,"79,000.00",0,0,0,39.5,0,0,0,"79,000.00",SUCCESS,,,
19/08/2026 12:25,2.10242E+19,31088J12253028000336,1.22026E+17,MMQR_PAYMENT,2102 - KBZ OI,4203 - MMIV RI,Pyi Thein Kyaw,2.23737E+15,MRCTBANK,5499,New Star,9252287285,New Star,2.23756E+15,100,0,0,0,0.05,0,0,0,100,SUCCESS,,,
19/08/2026 12:22,2.10242E+19,31088J12223389000126,1.22026E+17,MMQR_PAYMENT,2102 - KBZ OI,4203 - MMIV RI,MAY THU THU AUNG,2.23737E+15,MRCTBANK,5499,JUNCTION PINLAUNG LAPHET,9697999586,JUNCTION PINLAUNG LAPHET,2.23756E+15,"2,600.00",0,0,0,1.3,0,0,0,"2,600.00",SUCCESS,,,
19/08/2026 12:20,2.10242E+19,31088J12203602000249,1.22026E+17,MMQR_PAYMENT,2102 - KBZ OI,4203 - MMIV RI,Ma Hnin Ei Wah,2.23737E+15,MRCTBANK,5499,LAMIN THAR,9765787858,LAMIN THAR,2.23756E+15,"20,200.00",0,0,0,10.1,0,0,0,"20,200.00",SUCCESS,,,
19/08/2026 12:19,2.10242E+19,31088J12192856000100,1.22026E+17,MMQR_PAYMENT,2102 - KBZ OI,4203 - MMIV RI,U NAING MYO KHANT,2.23737E+15,MRCTBANK,5812,Eugenia Cafe,943200739,Eugenia Cafe,2.23756E+15,"64,550.00",322.75,148.46,174.29,32.28,0,0,116.18,"64,227.25",SUCCESS,,,
19/08/2026 12:13,2.10242E+19,31088J12133728000225,1.22026E+17,MMQR_PAYMENT,2102 - KBZ OI,4203 - MMIV RI,NIAN EN CING,2.23737E+15,MRCTBANK,5499,A.S.K,95156238,A.S.K,2.23756E+15,"50,500.00",0,0,0,25.25,0,0,0,"50,500.00",SUCCESS,,,
19/08/2026 12:11,2.10242E+19,31088J12110789000152,1.22026E+17,MMQR_PAYMENT,2102 - KBZ OI,4203 - MMIV RI,U NO TAY OO,2.23737E+15,MRCTBANK,5499,San Cherry Electronic,9452241144,San Cherry Electronic,2.23756E+15,"10,200.00",0,0,0,5.1,0,0,0,"10,200.00",SUCCESS,,,
19/08/2026 12:09,3.10142E+19,wm127411398832017055290,1.22026E+17,MMQR_PAYMENT,3101 - WAVE OI,4203 - MMIV RI,NiLar Aung,2.23441E+15,MRCTBANK,5499,SEIN FAMILY,9790178150,SEIN FAMILY,2.23756E+15,"80,000.00",0,0,0,40,0,0,0,"80,000.00",SUCCESS,,,
19/08/2026 12:09,3.10142E+19,wm127411066785722622128,1.22026E+17,MMQR_PAYMENT,3101 - WAVE OI,4203 - MMIV RI,NiLar Aung,2.23441E+15,MRCTBANK,5499,SEIN FAMILY,9790178150,SEIN FAMILY,2.23756E+15,"50,000.00",0,0,0,25,0,0,0,"50,000.00",SUCCESS,,,
19/08/2026 12:08,3.10142E+19,wm127410672879943653650,1.22026E+17,MMQR_PAYMENT,3101 - WAVE OI,4203 - MMIV RI,NiLar Aung,2.23441E+15,MRCTBANK,5499,SEIN FAMILY,9790178150,SEIN FAMILY,2.23756E+15,"50,000.00",0,0,0,25,0,0,0,"50,000.00",SUCCESS,,,
19/08/2026 12:08,3.10142E+19,wm63643041678454457693,1.22026E+17,MMQR_PAYMENT,3101 - WAVE OI,4203 - MMIV RI,NiLar Aung,2.23441E+15,MRCTBANK,5499,SEIN FAMILY,9790178150,SEIN FAMILY,2.23756E+15,"100,000.00",0,0,0,50,0,0,0,"100,000.00",SUCCESS,,,
19/08/2026 12:08,3.10142E+19,wm127410403229965077296,1.22026E+17,MMQR_PAYMENT,3101 - WAVE OI,4203 - MMIV RI,NiLar Aung,2.23441E+15,MRCTBANK,5499,SEIN FAMILY,9790178150,SEIN FAMILY,2.23756E+15,"50,000.00",0,0,0,25,0,0,0,"50,000.00",SUCCESS,,,
19/08/2026 12:07,3.10142E+19,wm127410322946082671124,1.22026E+17,MMQR_PAYMENT,3101 - WAVE OI,4203 - MMIV RI,NiLar Aung,2.23441E+15,MRCTBANK,5499,SEIN FAMILY,9790178150,SEIN FAMILY,2.23756E+15,"100,000.00",0,0,0,50,0,0,0,"100,000.00",SUCCESS,,,
19/08/2026 12:05,2.10242E+19,31088J12045202000344,1.22026E+17,MMQR_PAYMENT,2102 - KBZ OI,4203 - MMIV RI,Kyaw Myint Lwin,2.23737E+15,MRCTBANK,5499,LAMIN THAR,9765787858,LAMIN THAR,2.23756E+15,"50,500.00",0,0,0,25.25,0,0,0,"50,500.00",SUCCESS,,,
19/08/2026 12:04,2.10242E+19,31088J12044989000360,1.22026E+17,MMQR_PAYMENT,2102 - KBZ OI,4203 - MMIV RI,Naw May Myat Thwin,2.23737E+15,MRCTBANK,5499,A LINN THIT MOBILE,9898459560,A LINN THIT MOBILE,2.23756E+15,"201,000.00",0,0,0,100.5,0,0,0,"201,000.00",SUCCESS,,,
19/08/2026 12:00,3.10142E+19,wm127406012545394254315,1.22026E+17,MMQR_PAYMENT,3101 - WAVE OI,4203 - MMIV RI,Myint Moe,2.23441E+15,MRCTBANK,5499,IC 2,9959533636,IC 2,2.23756E+15,"25,200.00",0,0,0,12.6,0,0,0,"25,200.00",SUCCESS,,,
19/08/2026 12:00,2.10242E+19,31088J12002243000122,1.22026E+17,MMQR_PAYMENT,2102 - KBZ OI,4203 - MMIV RI,AUNG MYO,2.23737E+15,MRCTBANK,5499,Ko Phone Electronic,95416195,Ko Phone Electronic,2.23756E+15,"39,000.00",0,0,0,19.5,0,0,0,"39,000.00",SUCCESS,,,
19/08/2026 11:55,2.10142E+19,AYA21016a853e2a6b454a3f67985393,1.22026E+17,MMQR_PAYMENT,2101 - AYA OI,4203 - MMIV RI,YE LIN KYAW,2.237E+15,MRCTBANK,5499,TAUNG PAW THU,9762613396,TAUNG PAW THU,2.23756E+15,"100,000.00",0,0,0,50,0,0,0,"100,000.00",SUCCESS,,,
19/08/2026 11:53,3.10142E+19,wm127401948736461543685,1.22026E+17,MMQR_PAYMENT,3101 - WAVE OI,4203 - MMIV RI,Nan Chan Mya Win,2.23441E+15,MRCTBANK,5499,PWINT PHYU,9790279491,PWINT PHYU,2.23756E+15,"50,000.00",0,0,0,25,0,0,0,"50,000.00",SUCCESS,,,
19/08/2026 11:53,2.10142E+19,AYA21016a853dd451341e0d8ccf43bc,1.22026E+17,MMQR_PAYMENT,2101 - AYA OI,4203 - MMIV RI,YE LIN KYAW,2.237E+15,MRCTBANK,5499,TAUNG PAW THU,9762613396,TAUNG PAW THU,2.23756E+15,"500,000.00",0,0,0,250,0,0,0,"500,000.00",SUCCESS,,,
19/08/2026 11:53,3.10142E+19,wm127401572518642205950,1.22026E+17,MMQR_PAYMENT,3101 - WAVE OI,4203 - MMIV RI,Nan Chan Mya Win,2.23441E+15,MRCTBANK,5499,PWINT PHYU,9790279491,PWINT PHYU,2.23756E+15,"5,000.00",0,0,0,2.5,0,0,0,"5,000.00",SUCCESS,,,
19/08/2026 11:53,2.10142E+19,AYA21016a853dba47500142efad9bbe,1.22026E+17,MMQR_PAYMENT,2101 - AYA OI,4203 - MMIV RI,YE LIN KYAW,2.237E+15,MRCTBANK,5499,TAUNG PAW THU,9762613396,TAUNG PAW THU,2.23756E+15,"10,000.00",0,0,0,5,0,0,0,"10,000.00",SUCCESS,,,
19/08/2026 11:53,3.10142E+19,wm127401423592237885647,1.22026E+17,MMQR_PAYMENT,3101 - WAVE OI,4203 - MMIV RI,Nan Chan Mya Win,2.23441E+15,MRCTBANK,5499,PWINT PHYU,9790279491,PWINT PHYU,2.23756E+15,"7,000.00",0,0,0,3.5,0,0,0,"7,000.00",SUCCESS,,,
19/08/2026 11:52,3.10142E+19,wm127401274778056978384,1.22026E+17,MMQR_PAYMENT,3101 - WAVE OI,4203 - MMIV RI,Nan Chan Mya Win,2.23441E+15,MRCTBANK,5499,PWINT PHYU,9790279491,PWINT PHYU,2.23756E+15,"9,300.00",0,0,0,4.65,0,0,0,"9,300.00",SUCCESS,,,
19/08/2026 11:52,3.10142E+19,wm127401152556998662895,1.22026E+17,MMQR_PAYMENT,3101 - WAVE OI,4203 - MMIV RI,Nan Chan Mya Win,2.23441E+15,MRCTBANK,5499,PWINT PHYU,9790279491,PWINT PHYU,2.23756E+15,"8,800.00",0,0,0,4.4,0,0,0,"8,800.00",SUCCESS,,,
19/08/2026 11:52,3.10142E+19,wm127401045430973474323,1.22026E+17,MMQR_PAYMENT,3101 - WAVE OI,4203 - MMIV RI,Nan Chan Mya Win,2.23441E+15,MRCTBANK,5499,PWINT PHYU,9790279491,PWINT PHYU,2.23756E+15,"7,400.00",0,0,0,3.7,0,0,0,"7,400.00",SUCCESS,,,
19/08/2026 11:51,3.10142E+19,wm127400702715083025221,1.22026E+17,MMQR_PAYMENT,3101 - WAVE OI,4203 - MMIV RI,Nan Chan Mya Win,2.23441E+15,MRCTBANK,5499,PWINT PHYU,9790279491,PWINT PHYU,2.23756E+15,"7,300.00",0,0,0,3.65,0,0,0,"7,300.00",SUCCESS,,,
19/08/2026 11:51,3.10142E+19,wm127400578294364968305,1.22026E+17,MMQR_PAYMENT,3101 - WAVE OI,4203 - MMIV RI,Nan Chan Mya Win,2.23441E+15,MRCTBANK,5499,PWINT PHYU,9790279491,PWINT PHYU,2.23756E+15,"6,900.00",0,0,0,3.45,0,0,0,"6,900.00",SUCCESS,,,
19/08/2026 11:51,3.10142E+19,wm63632907207000059329,1.22026E+17,MMQR_PAYMENT,3101 - WAVE OI,4203 - MMIV RI,Nan Chan Mya Win,2.23441E+15,MRCTBANK,5499,PWINT PHYU,9790279491,PWINT PHYU,2.23756E+15,"7,200.00",0,0,0,3.6,0,0,0,"7,200.00",SUCCESS,,,
19/08/2026 11:51,3.10142E+19,wm127400205182861859719,1.22026E+17,MMQR_PAYMENT,3101 - WAVE OI,4203 - MMIV RI,Nan Chan Mya Win,2.23441E+15,MRCTBANK,5499,PWINT PHYU,9790279491,PWINT PHYU,2.23756E+15,"6,100.00",0,0,0,3.05,0,0,0,"6,100.00",SUCCESS,,,
19/08/2026 11:50,3.10142E+19,wm127400077592254838805,1.22026E+17,MMQR_PAYMENT,3101 - WAVE OI,4203 - MMIV RI,Nan Chan Mya Win,2.23441E+15,MRCTBANK,5499,PWINT PHYU,9790279491,PWINT PHYU,2.23756E+15,"5,100.00",0,0,0,2.55,0,0,0,"5,100.00",SUCCESS,,,
19/08/2026 11:50,3.10142E+19,wm127399957295684644822,1.22026E+17,MMQR_PAYMENT,3101 - WAVE OI,4203 - MMIV RI,Nan Chan Mya Win,2.23441E+15,MRCTBANK,5499,PWINT PHYU,9790279491,PWINT PHYU,2.23756E+15,"9,000.00",0,0,0,4.5,0,0,0,"9,000.00",SUCCESS,,,
19/08/2026 11:50,3.10142E+19,wm127399828765592678645,1.22026E+17,MMQR_PAYMENT,3101 - WAVE OI,4203 - MMIV RI,Nan Chan Mya Win,2.23441E+15,MRCTBANK,5499,PWINT PHYU,9790279491,PWINT PHYU,2.23756E+15,"5,800.00",0,0,0,2.9,0,0,0,"5,800.00",SUCCESS,,,
19/08/2026 11:50,3.10142E+19,wm127399677263205917636,1.22026E+17,MMQR_PAYMENT,3101 - WAVE OI,4203 - MMIV RI,Nan Chan Mya Win,2.23441E+15,MRCTBANK,5499,PWINT PHYU,9790279491,PWINT PHYU,2.23756E+15,"10,000.00",0,0,0,5,0,0,0,"10,000.00",SUCCESS,,,
19/08/2026 11:50,3.10142E+19,wm127399613167785867187,1.22026E+17,MMQR_PAYMENT,3101 - WAVE OI,4203 - MMIV RI,Nyi Nyi Tun,2.23441E+15,MRCTBANK,5499,La Woon Store,9763013719,La Woon Store,2.23756E+15,"10,000.00",0,0,0,5,0,0,0,"10,000.00",SUCCESS,,,
19/08/2026 11:48,3.10142E+19,wm127398954332464479956,1.22026E+17,MMQR_PAYMENT,3101 - WAVE OI,4203 - MMIV RI,Kyaw Thu,2.23441E+15,MRCTBANK,5499,Aye Mon,9680555192,Aye Mon,2.23756E+15,"80,800.00",0,0,0,40.4,0,0,0,"80,800.00",SUCCESS,,,
19/08/2026 11:33,2.10242E+19,31088J11331828000146,1.22026E+17,MMQR_PAYMENT,2102 - KBZ OI,4203 - MMIV RI,AYE THAW DAR WIN,2.23737E+15,MRCTBANK,5499,Quartz Tun Tun,9254396307,Quartz Tun Tun,2.23756E+15,"450,000.00",0,0,0,225,0,0,0,"450,000.00",SUCCESS,,,
19/08/2026 11:32,2.10242E+19,31088J11324702000146,1.22026E+17,MMQR_PAYMENT,2102 - KBZ OI,4203 - MMIV RI,AYE THAW DAR WIN,2.23737E+15,MRCTBANK,5499,Quartz Tun Tun,9254396307,Quartz Tun Tun,2.23756E+15,"500,000.00",0,0,0,250,0,0,0,"500,000.00",SUCCESS,,,
19/08/2026 11:31,2.10242E+19,31088J11313456000100,1.22026E+17,MMQR_PAYMENT,2102 - KBZ OI,4203 - MMIV RI,SANDAR AYE,2.23737E+15,MRCTBANK,5499,SEIN FAMILY,9790178150,SEIN FAMILY,2.23756E+15,"50,000.00",0,0,0,25,0,0,0,"50,000.00",SUCCESS,,,
19/08/2026 11:31,2.10242E+19,31088J11311443000148,1.22026E+17,MMQR_PAYMENT,2102 - KBZ OI,4203 - MMIV RI,Daw Mya Mya Htwe,2.23737E+15,MRCTBANK,5499,San Eain Taw,9965354306,San Eain Taw,2.23756E+15,"8,000.00",0,0,0,4,0,0,0,"8,000.00",SUCCESS,,,
19/08/2026 11:30,2.10242E+19,31088J11300128000260,1.22026E+17,MMQR_PAYMENT,2102 - KBZ OI,4203 - MMIV RI,MG THAN WIN,2.23737E+15,MRCTBANK,5499,Quartz Tun Tun,9254396307,Quartz Tun Tun,2.23756E+15,"500,000.00",0,0,0,250,0,0,0,"500,000.00",SUCCESS,,,
19/08/2026 11:20,4.10142E+19,PY1300000000033454575,1.22026E+17,MMQR_PAYMENT,4101 - Trusty OI,4203 - MMIV RI,Min Chan Paing,2.23682E+15,MRCTBANK,5499,Konn Pyit Store,9699219761,Konn Pyit Store,2.23756E+15,"90,000.00",0,0,0,45,0,0,0,"90,000.00",SUCCESS,,,
19/08/2026 11:20,3.10142E+19,wm127381785780394204993,1.22026E+17,MMQR_PAYMENT,3101 - WAVE OI,4203 - MMIV RI,Shine Wunna Oo,2.23441E+15,MRCTBANK,5499,Shine Ray,92225127,Shine Ray,2.23756E+15,"10,000.00",0,0,0,5,0,0,0,"10,000.00",SUCCESS,,,
19/08/2026 11:19,4.10142E+19,PY1300000000033455122,1.22026E+17,MMQR_PAYMENT,4101 - Trusty OI,4203 - MMIV RI,Min Chan Paing,2.23682E+15,MRCTBANK,5499,Konn Pyit Store,9699219761,Konn Pyit Store,2.23756E+15,"100,000.00",0,0,0,50,0,0,0,"100,000.00",SUCCESS,,,
19/08/2026 11:19,4.10142E+19,PY1300000000033454558,1.22026E+17,MMQR_PAYMENT,4101 - Trusty OI,4203 - MMIV RI,Min Chan Paing,2.23682E+15,MRCTBANK,5499,Konn Pyit Store,9699219761,Konn Pyit Store,2.23756E+15,"100,000.00",0,0,0,50,0,0,0,"100,000.00",SUCCESS,,,
19/08/2026 11:19,2.10242E+19,31088J11191028000129,1.22026E+17,MMQR_PAYMENT,2102 - KBZ OI,4203 - MMIV RI,Sa Thet Naing Lin,2.23737E+15,MRCTBANK,5499,IC 2,9959533636,IC 2,2.23756E+15,"20,200.00",0,0,0,10.1,0,0,0,"20,200.00",SUCCESS,,,
19/08/2026 11:18,2.10242E+19,31088J11182628000126,1.22026E+17,MMQR_PAYMENT,2102 - KBZ OI,4203 - MMIV RI,U CHIT KO KO,2.23737E+15,MRCTBANK,5499,THONE YOUNG CHEL,9685143044,THONE YOUNG CHEL,2.23756E+15,"101,000.00",0,0,0,50.5,0,0,0,"101,000.00",SUCCESS,,,
19/08/2026 11:18,4.10142E+19,PY1300000000033455099,1.22026E+17,MMQR_PAYMENT,4101 - Trusty OI,4203 - MMIV RI,Min Chan Paing,2.23682E+15,MRCTBANK,5499,Konn Pyit Store,9699219761,Konn Pyit Store,2.23756E+15,"100,000.00",0,0,0,50,0,0,0,"100,000.00",SUCCESS,,,
19/08/2026 11:17,3.10142E+19,wm127380297801235327221,1.22026E+17,MMQR_PAYMENT,3101 - WAVE OI,4203 - MMIV RI,Zaw Min Tun,2.23441E+15,MRCTBANK,5499,IC 2,9959533636,IC 2,2.23756E+15,"20,000.00",0,0,0,10,0,0,0,"20,000.00",SUCCESS,,,
19/08/2026 11:17,4.10142E+19,PY1300000000033454530,1.22026E+17,MMQR_PAYMENT,4101 - Trusty OI,4203 - MMIV RI,Min Chan Paing,2.23682E+15,MRCTBANK,5499,Konn Pyit Store,9699219761,Konn Pyit Store,2.23756E+15,"100,000.00",0,0,0,50,0,0,0,"100,000.00",SUCCESS,,,
19/08/2026 11:17,4.10142E+19,PY1300000000033454525,1.22026E+17,MMQR_PAYMENT,4101 - Trusty OI,4203 - MMIV RI,Min Chan Paing,2.23682E+15,MRCTBANK,5499,Konn Pyit Store,9699219761,Konn Pyit Store,2.23756E+15,"100,000.00",0,0,0,50,0,0,0,"100,000.00",SUCCESS,,,
19/08/2026 11:17,4.10142E+19,PY1300000000033454522,1.22026E+17,MMQR_PAYMENT,4101 - Trusty OI,4203 - MMIV RI,Min Chan Paing,2.23682E+15,MRCTBANK,5499,Konn Pyit Store,9699219761,Konn Pyit Store,2.23756E+15,"100,000.00",0,0,0,50,0,0,0,"100,000.00",SUCCESS,,,
19/08/2026 11:16,4.10142E+19,PY1300000000033454516,1.22026E+17,MMQR_PAYMENT,4101 - Trusty OI,4203 - MMIV RI,Min Chan Paing,2.23682E+15,MRCTBANK,5499,Konn Pyit Store,9699219761,Konn Pyit Store,2.23756E+15,"100,000.00",0,0,0,50,0,0,0,"100,000.00",SUCCESS,,,
19/08/2026 11:16,4.10142E+19,PY1300000000033455067,1.22026E+17,MMQR_PAYMENT,4101 - Trusty OI,4203 - MMIV RI,Min Chan Paing,2.23682E+15,MRCTBANK,5499,Konn Pyit Store,9699219761,Konn Pyit Store,2.23756E+15,"100,000.00",0,0,0,50,0,0,0,"100,000.00",SUCCESS,,,
19/08/2026 11:15,4.10142E+19,PY1300000000033455059,1.22026E+17,MMQR_PAYMENT,4101 - Trusty OI,4203 - MMIV RI,Min Chan Paing,2.23682E+15,MRCTBANK,5499,Konn Pyit Store,9699219761,Konn Pyit Store,2.23756E+15,"100,000.00",0,0,0,50,0,0,0,"100,000.00",SUCCESS,,,
19/08/2026 11:15,2.10242E+19,31088J11151802000241,1.22026E+17,MMQR_PAYMENT,2102 - KBZ OI,4203 - MMIV RI,DAW LA LAM,2.23737E+15,MRCTBANK,5499,Lynn,9262758882,Lynn,2.23756E+15,"40,000.00",0,0,0,20,0,0,0,"40,000.00",SUCCESS,,,
19/08/2026 11:15,4.10142E+19,PY1300000000033454489,1.22026E+17,MMQR_PAYMENT,4101 - Trusty OI,4203 - MMIV RI,Min Chan Paing,2.23682E+15,MRCTBANK,5499,Konn Pyit Store,9699219761,Konn Pyit Store,2.23756E+15,"100,000.00",0,0,0,50,0,0,0,"100,000.00",SUCCESS,,,
19/08/2026 11:15,4.10142E+19,PY1300000000033454484,1.22026E+17,MMQR_PAYMENT,4101 - Trusty OI,4203 - MMIV RI,Min Chan Paing,2.23682E+15,MRCTBANK,5499,Konn Pyit Store,9699219761,Konn Pyit Store,2.23756E+15,"100,000.00",0,0,0,50,0,0,0,"100,000.00",SUCCESS,,,
19/08/2026 11:14,4.10142E+19,PY1300000000033455037,1.22026E+17,MMQR_PAYMENT,4101 - Trusty OI,4203 - MMIV RI,Min Chan Paing,2.23682E+15,MRCTBANK,5499,Konn Pyit Store,9699219761,Konn Pyit Store,2.23756E+15,"100,000.00",0,0,0,50,0,0,0,"100,000.00",SUCCESS,,,
19/08/2026 11:14,4.10142E+19,PY1300000000033455029,1.22026E+17,MMQR_PAYMENT,4101 - Trusty OI,4203 - MMIV RI,Min Chan Paing,2.23682E+15,MRCTBANK,5499,Konn Pyit Store,9699219761,Konn Pyit Store,2.23756E+15,"100,000.00",0,0,0,50,0,0,0,"100,000.00",SUCCESS,,,
19/08/2026 11:14,4.10142E+19,PY1300000000033454456,1.22026E+17,MMQR_PAYMENT,4101 - Trusty OI,4203 - MMIV RI,Min Chan Paing,2.23682E+15,MRCTBANK,5499,Konn Pyit Store,9699219761,Konn Pyit Store,2.23756E+15,"100,000.00",0,0,0,50,0,0,0,"100,000.00",SUCCESS,,,
19/08/2026 11:13,4.10142E+19,PY1300000000033455013,1.22026E+17,MMQR_PAYMENT,4101 - Trusty OI,4203 - MMIV RI,Min Chan Paing,2.23682E+15,MRCTBANK,5499,Konn Pyit Store,9699219761,Konn Pyit Store,2.23756E+15,"100,000.00",0,0,0,50,0,0,0,"100,000.00",SUCCESS,,,
19/08/2026 11:12,2.10242E+19,31088J11120402000439,1.22026E+17,MMQR_PAYMENT,2102 - KBZ OI,4203 - MMIV RI,EAINT EAINT THU,2.23737E+15,MRCTBANK,5499,SEIN FAMILY,9790178150,SEIN FAMILY,2.23756E+15,"70,000.00",0,0,0,35,0,0,0,"70,000.00",SUCCESS,,,
19/08/2026 11:11,4.10142E+19,PY1300000000033454409,1.22026E+17,MMQR_PAYMENT,4101 - Trusty OI,4203 - MMIV RI,Min Chan Paing,2.23682E+15,MRCTBANK,5499,Konn Pyit Store,9699219761,Konn Pyit Store,2.23756E+15,"100,000.00",0,0,0,50,0,0,0,"100,000.00",SUCCESS,,,
19/08/2026 11:11,4.10142E+19,PY1300000000033453980,1.22026E+17,MMQR_PAYMENT,4101 - Trusty OI,4203 - MMIV RI,Min Chan Paing,2.23682E+15,MRCTBANK,5499,Konn Pyit Store,9699219761,Konn Pyit Store,2.23756E+15,"100,000.00",0,0,0,50,0,0,0,"100,000.00",SUCCESS,,,
19/08/2026 11:11,4.10142E+19,PY1300000000033453978,1.22026E+17,MMQR_PAYMENT,4101 - Trusty OI,4203 - MMIV RI,Min Chan Paing,2.23682E+15,MRCTBANK,5499,Konn Pyit Store,9699219761,Konn Pyit Store,2.23756E+15,"100,000.00",0,0,0,50,0,0,0,"100,000.00",SUCCESS,,,
19/08/2026 11:10,4.10142E+19,PY1300000000033454385,1.22026E+17,MMQR_PAYMENT,4101 - Trusty OI,4203 - MMIV RI,Min Chan Paing,2.23682E+15,MRCTBANK,5499,Konn Pyit Store,9699219761,Konn Pyit Store,2.23756E+15,"100,000.00",0,0,0,50,0,0,0,"100,000.00",SUCCESS,,,
19/08/2026 11:10,4.10142E+19,PY1300000000033454378,1.22026E+17,MMQR_PAYMENT,4101 - Trusty OI,4203 - MMIV RI,Min Chan Paing,2.23682E+15,MRCTBANK,5499,Konn Pyit Store,9699219761,Konn Pyit Store,2.23756E+15,"50,000.00",0,0,0,25,0,0,0,"50,000.00",SUCCESS,,,
19/08/2026 11:10,2.10242E+19,31088J11102335000232,1.22026E+17,MMQR_PAYMENT,2102 - KBZ OI,4203 - MMIV RI,Nang Su Su Aung,2.23737E+15,MRCTBANK,5499,IC 2,9959533636,IC 2,2.23756E+15,"30,300.00",0,0,0,15.15,0,0,0,"30,300.00",SUCCESS,,,
19/08/2026 11:10,4.10142E+19,PY1300000000033454371,1.22026E+17,MMQR_PAYMENT,4101 - Trusty OI,4203 - MMIV RI,Min Chan Paing,2.23682E+15,MRCTBANK,5499,Konn Pyit Store,9699219761,Konn Pyit Store,2.23756E+15,"50,000.00",0,0,0,25,0,0,0,"50,000.00",SUCCESS,,,
19/08/2026 11:09,4.10142E+19,PY1300000000033454368,1.22026E+17,MMQR_PAYMENT,4101 - Trusty OI,4203 - MMIV RI,Min Chan Paing,2.23682E+15,MRCTBANK,5499,Konn Pyit Store,9699219761,Konn Pyit Store,2.23756E+15,"50,000.00",0,0,0,25,0,0,0,"50,000.00",SUCCESS,,,
19/08/2026 11:09,4.10142E+19,PY1300000000033454360,1.22026E+17,MMQR_PAYMENT,4101 - Trusty OI,4203 - MMIV RI,Min Chan Paing,2.23682E+15,MRCTBANK,5499,Konn Pyit Store,9699219761,Konn Pyit Store,2.23756E+15,"50,000.00",0,0,0,25,0,0,0,"50,000.00",SUCCESS,,,
19/08/2026 11:09,4.10142E+19,PY1300000000033453933,1.22026E+17,MMQR_PAYMENT,4101 - Trusty OI,4203 - MMIV RI,Min Chan Paing,2.23682E+15,MRCTBANK,5499,Konn Pyit Store,9699219761,Konn Pyit Store,2.23756E+15,"50,000.00",0,0,0,25,0,0,0,"50,000.00",SUCCESS,,,
19/08/2026 11:08,4.10142E+19,PY1300000000033454346,1.22026E+17,MMQR_PAYMENT,4101 - Trusty OI,4203 - MMIV RI,Min Chan Paing,2.23682E+15,MRCTBANK,5499,Konn Pyit Store,9699219761,Konn Pyit Store,2.23756E+15,"50,000.00",0,0,0,25,0,0,0,"50,000.00",SUCCESS,,,
19/08/2026 11:08,4.10142E+19,PY1300000000033453920,1.22026E+17,MMQR_PAYMENT,4101 - Trusty OI,4203 - MMIV RI,Min Chan Paing,2.23682E+15,MRCTBANK,5499,Konn Pyit Store,9699219761,Konn Pyit Store,2.23756E+15,"50,000.00",0,0,0,25,0,0,0,"50,000.00",SUCCESS,,,
19/08/2026 11:08,4.10142E+19,PY1300000000033453904,1.22026E+17,MMQR_PAYMENT,4101 - Trusty OI,4203 - MMIV RI,Min Chan Paing,2.23682E+15,MRCTBANK,5499,Konn Pyit Store,9699219761,Konn Pyit Store,2.23756E+15,"50,000.00",0,0,0,25,0,0,0,"50,000.00",SUCCESS,,,
19/08/2026 11:08,4.10142E+19,PY1300000000033453898,1.22026E+17,MMQR_PAYMENT,4101 - Trusty OI,4203 - MMIV RI,Min Chan Paing,2.23682E+15,MRCTBANK,5499,Konn Pyit Store,9699219761,Konn Pyit Store,2.23756E+15,"50,000.00",0,0,0,25,0,0,0,"50,000.00",SUCCESS,,,
19/08/2026 11:07,4.10142E+19,PY1300000000033453890,1.22026E+17,MMQR_PAYMENT,4101 - Trusty OI,4203 - MMIV RI,Min Chan Paing,2.23682E+15,MRCTBANK,5499,Konn Pyit Store,9699219761,Konn Pyit Store,2.23756E+15,"10,000.00",0,0,0,5,0,0,0,"10,000.00",SUCCESS,,,
19/08/2026 11:07,4.10142E+19,PY1300000000033453884,1.22026E+17,MMQR_PAYMENT,4101 - Trusty OI,4203 - MMIV RI,Min Chan Paing,2.23682E+15,MRCTBANK,5499,Konn Pyit Store,9699219761,Konn Pyit Store,2.23756E+15,"10,000.00",0,0,0,5,0,0,0,"10,000.00",SUCCESS,,,
19/08/2026 11:06,4.10142E+19,PY1300000000033454303,1.22026E+17,MMQR_PAYMENT,4101 - Trusty OI,4203 - MMIV RI,Min Chan Paing,2.23682E+15,MRCTBANK,5499,Konn Pyit Store,9699219761,Konn Pyit Store,2.23756E+15,"10,000.00",0,0,0,5,0,0,0,"10,000.00",SUCCESS,,,
19/08/2026 11:06,4.10142E+19,PY1300000000033453872,1.22026E+17,MMQR_PAYMENT,4101 - Trusty OI,4203 - MMIV RI,Min Chan Paing,2.23682E+15,MRCTBANK,5499,Konn Pyit Store,9699219761,Konn Pyit Store,2.23756E+15,"10,000.00",0,0,0,5,0,0,0,"10,000.00",SUCCESS,,,
19/08/2026 11:06,4.10142E+19,PY1300000000033454285,1.22026E+17,MMQR_PAYMENT,4101 - Trusty OI,4203 - MMIV RI,Min Chan Paing,2.23682E+15,MRCTBANK,5499,Konn Pyit Store,9699219761,Konn Pyit Store,2.23756E+15,"10,000.00",0,0,0,5,0,0,0,"10,000.00",SUCCESS,,,
19/08/2026 11:05,4.10142E+19,PY1300000000033453861,1.22026E+17,MMQR_PAYMENT,4101 - Trusty OI,4203 - MMIV RI,Min Chan Paing,2.23682E+15,MRCTBANK,5499,Konn Pyit Store,9699219761,Konn Pyit Store,2.23756E+15,"10,000.00",0,0,0,5,0,0,0,"10,000.00",SUCCESS,,,
19/08/2026 11:00,2.10242E+19,31088J11003102000315,1.22026E+17,MMQR_PAYMENT,2102 - KBZ OI,4203 - MMIV RI,U PHONE THITSAR MIN,2.23737E+15,MRCTBANK,5499,KHIN HNIN WAI,9253007127,KHIN HNIN WAI,2.23756E+15,"4,000.00",0,0,0,2,0,0,0,"4,000.00",SUCCESS,,,
19/08/2026 10:59,2.10242E+19,31088J10592589000163,1.22026E+17,MMQR_PAYMENT,2102 - KBZ OI,4203 - MMIV RI,U Maw Maw Lin,2.23737E+15,MRCTBANK,5499,SEIN FAMILY,9790178150,SEIN FAMILY,2.23756E+15,"131,000.00",0,0,0,65.5,0,0,0,"131,000.00",SUCCESS,,,
19/08/2026 10:58,2.10242E+19,31088J10580328000122,1.22026E+17,MMQR_PAYMENT,2102 - KBZ OI,4203 - MMIV RI,Ma Thinzar Aung,2.23737E+15,MRCTBANK,5499,Kyauk Taung Gyi,9799958230,Kyauk Taung Gyi,2.23756E+15,"500,000.00",0,0,0,250,0,0,0,"500,000.00",SUCCESS,,,
19/08/2026 10:58,2.10242E+19,31088J10575835000255,1.22026E+17,MMQR_PAYMENT,2102 - KBZ OI,4203 - MMIV RI,U Kyi Mwe,2.23737E+15,MRCTBANK,5499,San Thit,9772869401,San Thit,2.23756E+15,"500,000.00",0,0,0,250,0,0,0,"500,000.00",SUCCESS,,,
19/08/2026 10:57,2.10242E+19,31088J10574402000255,1.22026E+17,MMQR_PAYMENT,2102 - KBZ OI,4203 - MMIV RI,U Kyi Mwe,2.23737E+15,MRCTBANK,5499,San Thit,9772869401,San Thit,2.23756E+15,"500,000.00",0,0,0,250,0,0,0,"500,000.00",SUCCESS,,,
19/08/2026 10:57,2.10242E+19,31088J10574489000122,1.22026E+17,MMQR_PAYMENT,2102 - KBZ OI,4203 - MMIV RI,Ma Thinzar Aung,2.23737E+15,MRCTBANK,5499,Kyauk Taung Gyi,9799958230,Kyauk Taung Gyi,2.23756E+15,"500,000.00",0,0,0,250,0,0,0,"500,000.00",SUCCESS,,,
19/08/2026 10:57,2.10242E+19,31088J10572756000222,1.22026E+17,MMQR_PAYMENT,2102 - KBZ OI,4203 - MMIV RI,Ma Thinzar Aung,2.23737E+15,MRCTBANK,5499,Kyauk Taung Gyi,9799958230,Kyauk Taung Gyi,2.23756E+15,"500,000.00",0,0,0,250,0,0,0,"500,000.00",SUCCESS,,,
19/08/2026 10:57,2.10242E+19,31088J10571035000122,1.22026E+17,MMQR_PAYMENT,2102 - KBZ OI,4203 - MMIV RI,Ma Thinzar Aung,2.23737E+15,MRCTBANK,5499,Kyauk Taung Gyi,9799958230,Kyauk Taung Gyi,2.23756E+15,"500,000.00",0,0,0,250,0,0,0,"500,000.00",SUCCESS,,,
19/08/2026 10:57,2.10242E+19,31088J10570735000135,1.22026E+17,MMQR_PAYMENT,2102 - KBZ OI,4203 - MMIV RI,THANDAR PHYO,2.23737E+15,MRCTBANK,5499,San Thit,9772869401,San Thit,2.23756E+15,"500,000.00",0,0,0,250,0,0,0,"500,000.00",SUCCESS,,,
19/08/2026 10:56,2.10242E+19,31088J10565289000222,1.22026E+17,MMQR_PAYMENT,2102 - KBZ OI,4203 - MMIV RI,Ma Thinzar Aung,2.23737E+15,MRCTBANK,5499,Kyauk Taung Gyi,9799958230,Kyauk Taung Gyi,2.23756E+15,"500,000.00",0,0,0,250,0,0,0,"500,000.00",SUCCESS,,,
19/08/2026 10:56,2.10242E+19,31088J10564843000135,1.22026E+17,MMQR_PAYMENT,2102 - KBZ OI,4203 - MMIV RI,THANDAR PHYO,2.23737E+15,MRCTBANK,5499,San Thit,9772869401,San Thit,2.23756E+15,"500,000.00",0,0,0,250,0,0,0,"500,000.00",SUCCESS,,,
19/08/2026 10:56,2.10242E+19,31088J10562902000222,1.22026E+17,MMQR_PAYMENT,2102 - KBZ OI,4203 - MMIV RI,Ma Thinzar Aung,2.23737E+15,MRCTBANK,5499,Kyauk Taung Gyi,9799958230,Kyauk Taung Gyi,2.23756E+15,"500,000.00",0,0,0,250,0,0,0,"500,000.00",SUCCESS,,,
19/08/2026 10:55,2.10242E+19,31088J10553128000222,1.22026E+17,MMQR_PAYMENT,2102 - KBZ OI,4203 - MMIV RI,Ma Thinzar Aung,2.23737E+15,MRCTBANK,5499,Kyauk Taung Gyi,9799958230,Kyauk Taung Gyi,2.23756E+15,"500,000.00",0,0,0,250,0,0,0,"500,000.00",SUCCESS,,,
19/08/2026 10:55,2.10242E+19,31088J10550502000222,1.22026E+17,MMQR_PAYMENT,2102 - KBZ OI,4203 - MMIV RI,Ma Thinzar Aung,2.23737E+15,MRCTBANK,5499,Kyauk Taung Gyi,9799958230,Kyauk Taung Gyi,2.23756E+15,"500,000.00",0,0,0,250,0,0,0,"500,000.00",SUCCESS,,,
19/08/2026 10:54,2.10242E+19,31088J10543189000122,1.22026E+17,MMQR_PAYMENT,2102 - KBZ OI,4203 - MMIV RI,Ma Thinzar Aung,2.23737E+15,MRCTBANK,5499,Kyauk Taung Gyi,9799958230,Kyauk Taung Gyi,2.23756E+15,"500,000.00",0,0,0,250,0,0,0,"500,000.00",SUCCESS,,,
19/08/2026 10:54,2.10242E+19,31088J10541189000122,1.22026E+17,MMQR_PAYMENT,2102 - KBZ OI,4203 - MMIV RI,Ma Thinzar Aung,2.23737E+15,MRCTBANK,5499,Kyauk Taung Gyi,9799958230,Kyauk Taung Gyi,2.23756E+15,"500,000.00",0,0,0,250,0,0,0,"500,000.00",SUCCESS,,,
19/08/2026 10:53,2.10242E+19,31088J10534602000122,1.22026E+17,MMQR_PAYMENT,2102 - KBZ OI,4203 - MMIV RI,Ma Thinzar Aung,2.23737E+15,MRCTBANK,5499,Kyauk Taung Gyi,9799958230,Kyauk Taung Gyi,2.23756E+15,"500,000.00",0,0,0,250,0,0,0,"500,000.00",SUCCESS,,,
19/08/2026 10:53,2.10242E+19,31088J10531435000222,1.22026E+17,MMQR_PAYMENT,2102 - KBZ OI,4203 - MMIV RI,Ma Thinzar Aung,2.23737E+15,MRCTBANK,5499,Kyauk Taung Gyi,9799958230,Kyauk Taung Gyi,2.23756E+15,"500,000.00",0,0,0,250,0,0,0,"500,000.00",SUCCESS,,,
19/08/2026 10:52,2.10242E+19,31088J10524928000222,1.22026E+17,MMQR_PAYMENT,2102 - KBZ OI,4203 - MMIV RI,Ma Thinzar Aung,2.23737E+15,MRCTBANK,5499,Kyauk Taung Gyi,9799958230,Kyauk Taung Gyi,2.23756E+15,"500,000.00",0,0,0,250,0,0,0,"500,000.00",SUCCESS,,,
19/08/2026 10:52,2.10242E+19,31088J10521889000122,1.22026E+17,MMQR_PAYMENT,2102 - KBZ OI,4203 - MMIV RI,Ma Thinzar Aung,2.23737E+15,MRCTBANK,5499,Kyauk Taung Gyi,9799958230,Kyauk Taung Gyi,2.23756E+15,"500,000.00",0,0,0,250,0,0,0,"500,000.00",SUCCESS,,,
19/08/2026 10:52,2.10242E+19,31088J10520043000321,1.22026E+17,MMQR_PAYMENT,2102 - KBZ OI,4203 - MMIV RI,Daw San San Myint,2.23737E+15,MRCTBANK,5499,San Cherry Electronic,9452241144,San Cherry Electronic,2.23756E+15,"50,500.00",0,0,0,25.25,0,0,0,"50,500.00",SUCCESS,,,
19/08/2026 10:52,2.10242E+19,31088J10515643000122,1.22026E+17,MMQR_PAYMENT,2102 - KBZ OI,4203 - MMIV RI,Ma Thinzar Aung,2.23737E+15,MRCTBANK,5499,Kyauk Taung Gyi,9799958230,Kyauk Taung Gyi,2.23756E+15,"500,000.00",0,0,0,250,0,0,0,"500,000.00",SUCCESS,,,
19/08/2026 10:51,2.10242E+19,31088J10511756000122,1.22026E+17,MMQR_PAYMENT,2102 - KBZ OI,4203 - MMIV RI,Ma Thinzar Aung,2.23737E+15,MRCTBANK,5499,Kyauk Taung Gyi,9799958230,Kyauk Taung Gyi,2.23756E+15,"500,000.00",0,0,0,250,0,0,0,"500,000.00",SUCCESS,,,
19/08/2026 10:47,3.10142E+19,wm127362264718563408023,1.22026E+17,MMQR_PAYMENT,3101 - WAVE OI,4203 - MMIV RI,Thein Than Htay,2.23441E+15,MRCTBANK,5499,Moe San,9891371722,Moe San,2.23756E+15,300,0,0,0,0.15,0,0,0,300,SUCCESS,,,
19/08/2026 10:44,2.10242E+19,31088J10435802000146,1.22026E+17,MMQR_PAYMENT,2102 - KBZ OI,4203 - MMIV RI,Mg Thant Zin Aung,2.23737E+15,MRCTBANK,5499,Shan Lay Store,9972000766,Shan Lay Store,2.23756E+15,"10,200.00",0,0,0,5.1,0,0,0,"10,200.00",SUCCESS,,,
19/08/2026 10:41,2.10142E+19,AYA21016a852cd60749208b18a84bef,1.22026E+17,MMQR_PAYMENT,2101 - AYA OI,4203 - MMIV RI,NILAR AUNG,2.237E+15,MRCTBANK,5499,SEIN MITHARSU(2),9740011544,SEIN MITHARSU(2),2.23756E+15,"100,000.00",0,0,0,50,0,0,0,"100,000.00",SUCCESS,,,
19/08/2026 10:40,2.10142E+19,AYA21016a852cc893fc74a689a5958b,1.22026E+17,MMQR_PAYMENT,2101 - AYA OI,4203 - MMIV RI,NILAR AUNG,2.237E+15,MRCTBANK,5499,SEIN MITHARSU(2),9740011544,SEIN MITHARSU(2),2.23756E+15,"100,000.00",0,0,0,50,0,0,0,"100,000.00",SUCCESS,,,
19/08/2026 10:40,2.10142E+19,AYA21016a852c9ea1514087be625400,1.22026E+17,MMQR_PAYMENT,2101 - AYA OI,4203 - MMIV RI,NILAR AUNG,2.237E+15,MRCTBANK,5499,SEIN MITHARSU(2),9740011544,SEIN MITHARSU(2),2.23756E+15,"100,000.00",0,0,0,50,0,0,0,"100,000.00",SUCCESS,,,
19/08/2026 10:39,2.10142E+19,AYA21016a852c8f93fc74a689a59532,1.22026E+17,MMQR_PAYMENT,2101 - AYA OI,4203 - MMIV RI,NILAR AUNG,2.237E+15,MRCTBANK,5499,SEIN MITHARSU(2),9740011544,SEIN MITHARSU(2),2.23756E+15,"100,000.00",0,0,0,50,0,0,0,"100,000.00",SUCCESS,,,
19/08/2026 10:38,2.10242E+19,31088J10375402000128,1.22026E+17,MMQR_PAYMENT,2102 - KBZ OI,4203 - MMIV RI,Than Than Myint,2.23737E+15,MRCTBANK,5499,PYI SONE WIN PHONE STORE,9770050552,PYI SONE WIN PHONE STORE,2.23756E+15,"179,000.00",0,0,0,89.5,0,0,0,"179,000.00",SUCCESS,,,
19/08/2026 10:37,2.10242E+19,31088J10372089000444,1.22026E+17,MMQR_PAYMENT,2102 - KBZ OI,4203 - MMIV RI,KYAW KYAW THET,2.23737E+15,MRCTBANK,5499,PWINT PHYU,9790279491,PWINT PHYU,2.23756E+15,"10,000.00",0,0,0,5,0,0,0,"10,000.00",SUCCESS,,,
19/08/2026 10:34,2.10142E+19,AYA21016a852b507fe45030659e7cc0,1.22026E+17,MMQR_PAYMENT,2101 - AYA OI,4203 - MMIV RI,NILAR AUNG,2.237E+15,MRCTBANK,5499,SEIN MITHARSU(2),9740011544,SEIN MITHARSU(2),2.23756E+15,"100,000.00",0,0,0,50,0,0,0,"100,000.00",SUCCESS,,,
19/08/2026 10:33,2.10142E+19,AYA21016a852b00a1514087be62516d,1.22026E+17,MMQR_PAYMENT,2101 - AYA OI,4203 - MMIV RI,NILAR AUNG,2.237E+15,MRCTBANK,5499,SEIN MITHARSU(2),9740011544,SEIN MITHARSU(2),2.23756E+15,"100,000.00",0,0,0,50,0,0,0,"100,000.00",SUCCESS,,,
19/08/2026 10:33,2.10142E+19,AYA21016a852af1040acce89190094d,1.22026E+17,MMQR_PAYMENT,2101 - AYA OI,4203 - MMIV RI,NILAR AUNG,2.237E+15,MRCTBANK,5499,SEIN MITHARSU(2),9740011544,SEIN MITHARSU(2),2.23756E+15,"100,000.00",0,0,0,50,0,0,0,"100,000.00",SUCCESS,,,
19/08/2026 10:32,2.10142E+19,AYA21016a852adecbd87bce99b026c4,1.22026E+17,MMQR_PAYMENT,2101 - AYA OI,4203 - MMIV RI,NILAR AUNG,2.237E+15,MRCTBANK,5499,SEIN MITHARSU(2),9740011544,SEIN MITHARSU(2),2.23756E+15,"100,000.00",0,0,0,50,0,0,0,"100,000.00",SUCCESS,,,
19/08/2026 10:32,2.10142E+19,AYA21016a852acf5cd1f0266a8a544c,1.22026E+17,MMQR_PAYMENT,2101 - AYA OI,4203 - MMIV RI,NILAR AUNG,2.237E+15,MRCTBANK,5499,SEIN MITHARSU(2),9740011544,SEIN MITHARSU(2),2.23756E+15,"100,000.00",0,0,0,50,0,0,0,"100,000.00",SUCCESS,,,
19/08/2026 10:31,2.10142E+19,AYA21016a852aa9048766ee0a62f5f6,1.22026E+17,MMQR_PAYMENT,2101 - AYA OI,4203 - MMIV RI,NILAR AUNG,2.237E+15,MRCTBANK,5499,SEIN MITHARSU(2),9740011544,SEIN MITHARSU(2),2.23756E+15,"100,000.00",0,0,0,50,0,0,0,"100,000.00",SUCCESS,,,
19/08/2026 10:30,2.10242E+19,31088J10295743000362,1.22026E+17,MMQR_PAYMENT,2102 - KBZ OI,4203 - MMIV RI,Nang San Hom,2.23737E+15,MRCTBANK,5812,Eugenia Cafe,943200739,Eugenia Cafe,2.23756E+15,"26,250.00",131.25,60.37,70.88,13.13,0,0,47.24,"26,118.75",SUCCESS,,,
19/08/2026 10:28,2.10242E+19,31088J10280728000101,1.22026E+17,MMQR_PAYMENT,2102 - KBZ OI,4203 - MMIV RI,JEREMIAH VAN,2.23737E+15,MRCTBANK,5499,SAI THIHA,9666127440,SAI THIHA,2.23756E+15,"12,000.00",0,0,0,6,0,0,0,"12,000.00",SUCCESS,,,
19/08/2026 10:26,3.10142E+19,wm127349506998629244819,1.22026E+17,MMQR_PAYMENT,3101 - WAVE OI,4203 - MMIV RI,Shein Thu Soe,2.23441E+15,MRCTBANK,5499,Moe San,9891371722,Moe San,2.23756E+15,"20,000.00",0,0,0,10,0,0,0,"20,000.00",SUCCESS,,,
19/08/2026 10:26,2.10242E+19,31088J10262302000162,1.22026E+17,MMQR_PAYMENT,2102 - KBZ OI,4203 - MMIV RI,Sein Moh Moh Aung,2.23737E+15,MRCTBANK,5499,ANGEL,9968970070,ANGEL,2.23756E+15,"23,600.00",0,0,0,11.8,0,0,0,"23,600.00",SUCCESS,,,
19/08/2026 10:22,2.10542E+19,E2E223767202608191022523063451200,1.22026E+17,MMQR_PAYMENT,2105 - UAB OI,4203 - MMIV RI,EI EI PYONE,2.23768E+15,MRCTBANK,5499,MARIO,9964152596,MARIO,2.23756E+15,"1,000.00",0,0,0,0.5,0,0,0,"1,000.00",SUCCESS,,,
19/08/2026 10:22,2.10542E+19,E2E223767202608191022391668529779,1.22026E+17,MMQR_PAYMENT,2105 - UAB OI,4203 - MMIV RI,EI EI PYONE,2.23768E+15,MRCTBANK,5499,MARIO,9964152596,MARIO,2.23756E+15,"1,000.00",0,0,0,0.5,0,0,0,"1,000.00",SUCCESS,,,
19/08/2026 10:22,2.10542E+19,E2E223767202608191022254980543307,1.22026E+17,MMQR_PAYMENT,2105 - UAB OI,4203 - MMIV RI,EI EI PYONE,2.23768E+15,MRCTBANK,5499,MARIO,9964152596,MARIO,2.23756E+15,"1,000.00",0,0,0,0.5,0,0,0,"1,000.00",SUCCESS,,,
19/08/2026 10:22,2.10542E+19,E2E223767202608191022107346942608,1.22026E+17,MMQR_PAYMENT,2105 - UAB OI,4203 - MMIV RI,EI EI PYONE,2.23768E+15,MRCTBANK,5499,MARIO,9964152596,MARIO,2.23756E+15,"1,000.00",0,0,0,0.5,0,0,0,"1,000.00",SUCCESS,,,
19/08/2026 10:21,2.10542E+19,E2E223767202608191021575915417854,1.22026E+17,MMQR_PAYMENT,2105 - UAB OI,4203 - MMIV RI,EI EI PYONE,2.23768E+15,MRCTBANK,5499,MARIO,9964152596,MARIO,2.23756E+15,"1,000.00",0,0,0,0.5,0,0,0,"1,000.00",SUCCESS,,,
19/08/2026 10:21,2.10542E+19,E2E223767202608191021429914182359,1.22026E+17,MMQR_PAYMENT,2105 - UAB OI,4203 - MMIV RI,EI EI PYONE,2.23768E+15,MRCTBANK,5499,MARIO,9964152596,MARIO,2.23756E+15,"1,000.00",0,0,0,0.5,0,0,0,"1,000.00",SUCCESS,,,
19/08/2026 10:21,2.10242E+19,31088J10210402000301,1.22026E+17,MMQR_PAYMENT,2102 - KBZ OI,4203 - MMIV RI,U Min Zaw Htwe,2.23737E+15,MRCTBANK,5499,A LINN THIT MOBILE,9898459560,A LINN THIT MOBILE,2.23756E+15,"30,000.00",0,0,0,15,0,0,0,"30,000.00",SUCCESS,,,
19/08/2026 10:21,2.10542E+19,E2E223767202608191020593035564309,1.22026E+17,MMQR_PAYMENT,2105 - UAB OI,4203 - MMIV RI,EI EI PYONE,2.23768E+15,MRCTBANK,5499,MARIO,9964152596,MARIO,2.23756E+15,"1,000.00",0,0,0,0.5,0,0,0,"1,000.00",SUCCESS,,,
19/08/2026 10:20,2.10342E+19,FT262314L6KZ,1.22026E+17,MMQR_PAYMENT,2103 - CB OI,4203 - MMIV RI,DAW HTET HTET AUNG,2.23772E+15,MRCTBANK,5499,Lynn,9262758882,Lynn,2.23756E+15,"100,000.00",0,0,0,50,0,0,0,"100,000.00",SUCCESS,,,
19/08/2026 10:19,2.10342E+19,FT26231FR73W,1.22026E+17,MMQR_PAYMENT,2103 - CB OI,4203 - MMIV RI,DAW HTET HTET AUNG,2.23772E+15,MRCTBANK,5499,Lynn,9262758882,Lynn,2.23756E+15,"100,000.00",0,0,0,50,0,0,0,"100,000.00",SUCCESS,,,
19/08/2026 10:18,2.10342E+19,FT26231MZX42,1.22026E+17,MMQR_PAYMENT,2103 - CB OI,4203 - MMIV RI,DAW HTET HTET AUNG,2.23772E+15,MRCTBANK,5499,Lynn,9262758882,Lynn,2.23756E+15,"100,000.00",0,0,0,50,0,0,0,"100,000.00",SUCCESS,,,
19/08/2026 10:18,2.10242E+19,31088J10184035000112,1.22026E+17,MMQR_PAYMENT,2102 - KBZ OI,4203 - MMIV RI,Ko Nyi Mon,2.23737E+15,MRCTBANK,5499,LAMIN THAR,9765787858,LAMIN THAR,2.23756E+15,"15,200.00",0,0,0,7.6,0,0,0,"15,200.00",SUCCESS,,,
19/08/2026 10:16,2.10242E+19,31088J10164889000163,1.22026E+17,MMQR_PAYMENT,2102 - KBZ OI,4203 - MMIV RI,U Myo Min Naing,2.23737E+15,MRCTBANK,5812,Eugenia Cafe,943200739,Eugenia Cafe,2.23756E+15,"16,200.00",81,37.26,43.74,8.1,0,0,29.16,"16,119.00",SUCCESS,,,
19/08/2026 10:16,3.10142E+19,wm127343460625280297929,1.22026E+17,MMQR_PAYMENT,3101 - WAVE OI,4203 - MMIV RI,Pho Pho Chit,2.23441E+15,MRCTBANK,5499,Aye Yeik Mon Store,9790197623,Aye Yeik Mon Store,2.23756E+15,"30,000.00",0,0,0,15,0,0,0,"30,000.00",SUCCESS,,,
19/08/2026 10:13,2.10142E+19,AYA21016a852667bf5e3b10beef64d8,1.22026E+17,MMQR_PAYMENT,2101 - AYA OI,4203 - MMIV RI,YE LIN KYAW,2.237E+15,MRCTBANK,5499,TAUNG PAW THU,9762613396,TAUNG PAW THU,2.23756E+15,"200,000.00",0,0,0,100,0,0,0,"200,000.00",SUCCESS,,,
19/08/2026 10:11,3.10242E+19,1.78711E+24,1.22026E+17,MMQR_PAYMENT,3102 - OK$ OI,4203 - MMIV RI,ဦး.အောင်သိန်းခိုင်,2.23643E+15,MRCTBANK,5499,PWINT PHYU,9790279491,PWINT PHYU,2.23756E+15,"100,000.00",0,0,0,50,0,0,0,"100,000.00",SUCCESS,,,
19/08/2026 10:10,3.10242E+19,1.78711E+24,1.22026E+17,MMQR_PAYMENT,3102 - OK$ OI,4203 - MMIV RI,ဦး.အောင်သိန်းခိုင်,2.23643E+15,MRCTBANK,5499,PWINT PHYU,9790279491,PWINT PHYU,2.23756E+15,"500,000.00",0,0,0,250,0,0,0,"500,000.00",SUCCESS,,,
19/08/2026 10:09,3.10242E+19,1.78711E+24,1.22026E+17,MMQR_PAYMENT,3102 - OK$ OI,4203 - MMIV RI,ဦး.အောင်သိန်းခိုင်,2.23643E+15,MRCTBANK,5499,PWINT PHYU,9790279491,PWINT PHYU,2.23756E+15,"500,000.00",0,0,0,250,0,0,0,"500,000.00",SUCCESS,,,
19/08/2026 10:08,2.10242E+19,31088J10080656000217,1.22026E+17,MMQR_PAYMENT,2102 - KBZ OI,4203 - MMIV RI,MYO MIN HAN,2.23737E+15,MRCTBANK,5812,Eugenia Cafe,943200739,Eugenia Cafe,2.23756E+15,"21,000.00",105,48.3,56.7,10.5,0,0,37.8,"20,895.00",SUCCESS,,,
19/08/2026 10:03,2.10242E+19,31088J10034202000116,1.22026E+17,MMQR_PAYMENT,2102 - KBZ OI,4203 - MMIV RI,U KYAW SWAR,2.23737E+15,MRCTBANK,5499,JUNCTION PINLAUNG LAPHET,9697999586,JUNCTION PINLAUNG LAPHET,2.23756E+15,"2,000.00",0,0,0,1,0,0,0,"2,000.00",SUCCESS,,,
19/08/2026 10:03,2.10242E+19,31088J10033356000115,1.22026E+17,MMQR_PAYMENT,2102 - KBZ OI,4203 - MMIV RI,Shwe Win,2.23737E+15,MRCTBANK,5499,Shan Lay Store,9972000766,Shan Lay Store,2.23756E+15,"100,000.00",0,0,0,50,0,0,0,"100,000.00",SUCCESS,,,
19/08/2026 9:54,2.10242E+19,31088J09540535000121,1.22026E+17,MMQR_PAYMENT,2102 - KBZ OI,4203 - MMIV RI,Thiri Shin Thant,2.23737E+15,MRCTBANK,5499,IC 2,9959533636,IC 2,2.23756E+15,"50,500.00",0,0,0,25.25,0,0,0,"50,500.00",SUCCESS,,,
19/08/2026 9:53,2.10442E+19,AP21042026081998684359863754705694,1.22026E+17,MMQR_PAYMENT,2104 - AB OI,4203 - MMIV RI,EI THET MON,2.2359E+15,MRCTBANK,5499,SHWE MYINT MO THIT,9791908011,SHWE MYINT MO THIT,2.23756E+15,"500,000.00",0,0,0,250,0,0,0,"500,000.00",SUCCESS,,,
19/08/2026 9:53,2.10242E+19,31088J09530956000154,1.22026E+17,MMQR_PAYMENT,2102 - KBZ OI,4203 - MMIV RI,Htet Aung,2.23737E+15,MRCTBANK,5499,ANGEL,9968970070,ANGEL,2.23756E+15,"5,400.00",0,0,0,2.7,0,0,0,"5,400.00",SUCCESS,,,
19/08/2026 9:52,2.10242E+19,31088J09522889000162,1.22026E+17,MMQR_PAYMENT,2102 - KBZ OI,4203 - MMIV RI,Khin Myint,2.23737E+15,MRCTBANK,5499,KHIT THIT SAR,9420221124,KHIT THIT SAR,2.23756E+15,"5,000.00",0,0,0,2.5,0,0,0,"5,000.00",SUCCESS,,,
19/08/2026 9:52,2.10242E+19,31088J09523035000131,1.22026E+17,MMQR_PAYMENT,2102 - KBZ OI,4203 - MMIV RI,Nyein Sapal Win,2.23737E+15,MRCTBANK,5499,KHINE MYITTER,9789470438,KHINE MYITTER,2.23756E+15,"10,000.00",0,0,0,5,0,0,0,"10,000.00",SUCCESS,,,
19/08/2026 9:52,2.10442E+19,AP21042026081928441671079382905649,1.22026E+17,MMQR_PAYMENT,2104 - AB OI,4203 - MMIV RI,EI THET MON,2.2359E+15,MRCTBANK,5499,SHWE MYINT MO THIT,9791908011,SHWE MYINT MO THIT,2.23756E+15,"500,000.00",0,0,0,250,0,0,0,"500,000.00",SUCCESS,,,
19/08/2026 9:49,2.10242E+19,31088J09490843000320,1.22026E+17,MMQR_PAYMENT,2102 - KBZ OI,4203 - MMIV RI,Ma War War Oo,2.23737E+15,MRCTBANK,5499,A LINN THIT MOBILE,9898459560,A LINN THIT MOBILE,2.23756E+15,"50,000.00",0,0,0,25,0,0,0,"50,000.00",SUCCESS,,,
19/08/2026 9:46,2.10242E+19,31088J09460443000125,1.22026E+17,MMQR_PAYMENT,2102 - KBZ OI,4203 - MMIV RI,KYAW ZIN PHYO,2.23737E+15,MRCTBANK,5499,Thin Store,9420291365,Thin Store,2.23756E+15,"35,300.00",0,0,0,17.65,0,0,0,"35,300.00",SUCCESS,,,
19/08/2026 9:39,3.10142E+19,wm127321043003240868184,1.22026E+17,MMQR_PAYMENT,3101 - WAVE OI,4203 - MMIV RI,Ohn Than,2.23441E+15,MRCTBANK,5499,A LINN THIT MOBILE,9898459560,A LINN THIT MOBILE,2.23756E+15,"6,000.00",0,0,0,3,0,0,0,"6,000.00",SUCCESS,,,
19/08/2026 9:38,3.10142E+19,wm127320797103053323260,1.22026E+17,MMQR_PAYMENT,3101 - WAVE OI,4203 - MMIV RI,Ohn Than,2.23441E+15,MRCTBANK,5499,A LINN THIT MOBILE,9898459560,A LINN THIT MOBILE,2.23756E+15,"6,000.00",0,0,0,3,0,0,0,"6,000.00",SUCCESS,,,
19/08/2026 9:38,3.10142E+19,wm127320672986658284656,1.22026E+17,MMQR_PAYMENT,3101 - WAVE OI,4203 - MMIV RI,Ohn Than,2.23441E+15,MRCTBANK,5499,A LINN THIT MOBILE,9898459560,A LINN THIT MOBILE,2.23756E+15,"7,000.00",0,0,0,3.5,0,0,0,"7,000.00",SUCCESS,,,
19/08/2026 9:38,2.10242E+19,31088J09381143000122,1.22026E+17,MMQR_PAYMENT,2102 - KBZ OI,4203 - MMIV RI,U PAING SOE HTET,2.23737E+15,MRCTBANK,5499,SOE THIT SAN MOBILE SHOP,9790712555,SOE THIT SAN MOBILE SHOP,2.23756E+15,"5,000.00",0,0,0,2.5,0,0,0,"5,000.00",SUCCESS,,,
19/08/2026 9:38,3.10142E+19,wm127320519515348346963,1.22026E+17,MMQR_PAYMENT,3101 - WAVE OI,4203 - MMIV RI,Ohn Than,2.23441E+15,MRCTBANK,5499,A LINN THIT MOBILE,9898459560,A LINN THIT MOBILE,2.23756E+15,"6,000.00",0,0,0,3,0,0,0,"6,000.00",SUCCESS,,,
19/08/2026 9:38,3.10142E+19,wm127320448009786895898,1.22026E+17,MMQR_PAYMENT,3101 - WAVE OI,4203 - MMIV RI,Ohn Than,2.23441E+15,MRCTBANK,5499,A LINN THIT MOBILE,9898459560,A LINN THIT MOBILE,2.23756E+15,"7,000.00",0,0,0,3.5,0,0,0,"7,000.00",SUCCESS,,,
19/08/2026 9:38,2.10242E+19,31088J09375728000122,1.22026E+17,MMQR_PAYMENT,2102 - KBZ OI,4203 - MMIV RI,U PAING SOE HTET,2.23737E+15,MRCTBANK,5499,SOE THIT SAN MOBILE SHOP,9790712555,SOE THIT SAN MOBILE SHOP,2.23756E+15,"5,000.00",0,0,0,2.5,0,0,0,"5,000.00",SUCCESS,,,
19/08/2026 9:37,2.10242E+19,31088J09374556000122,1.22026E+17,MMQR_PAYMENT,2102 - KBZ OI,4203 - MMIV RI,U PAING SOE HTET,2.23737E+15,MRCTBANK,5499,SOE THIT SAN MOBILE SHOP,9790712555,SOE THIT SAN MOBILE SHOP,2.23756E+15,"5,000.00",0,0,0,2.5,0,0,0,"5,000.00",SUCCESS,,,
19/08/2026 9:37,3.10142E+19,wm127320159407631013980,1.22026E+17,MMQR_PAYMENT,3101 - WAVE OI,4203 - MMIV RI,Ohn Than,2.23441E+15,MRCTBANK,5499,A LINN THIT MOBILE,9898459560,A LINN THIT MOBILE,2.23756E+15,"6,000.00",0,0,0,3,0,0,0,"6,000.00",SUCCESS,,,
19/08/2026 9:37,2.10242E+19,31088J09373289000122,1.22026E+17,MMQR_PAYMENT,2102 - KBZ OI,4203 - MMIV RI,U PAING SOE HTET,2.23737E+15,MRCTBANK,5499,SOE THIT SAN MOBILE SHOP,9790712555,SOE THIT SAN MOBILE SHOP,2.23756E+15,"5,000.00",0,0,0,2.5,0,0,0,"5,000.00",SUCCESS,,,
19/08/2026 9:37,3.10142E+19,wm127320036402690225415,1.22026E+17,MMQR_PAYMENT,3101 - WAVE OI,4203 - MMIV RI,Ohn Than,2.23441E+15,MRCTBANK,5499,A LINN THIT MOBILE,9898459560,A LINN THIT MOBILE,2.23756E+15,"7,000.00",0,0,0,3.5,0,0,0,"7,000.00",SUCCESS,,,
19/08/2026 9:37,2.10242E+19,31088J09372002000122,1.22026E+17,MMQR_PAYMENT,2102 - KBZ OI,4203 - MMIV RI,U PAING SOE HTET,2.23737E+15,MRCTBANK,5499,SOE THIT SAN MOBILE SHOP,9790712555,SOE THIT SAN MOBILE SHOP,2.23756E+15,"5,000.00",0,0,0,2.5,0,0,0,"5,000.00",SUCCESS,,,
19/08/2026 9:37,3.10142E+19,wm127319948713647211370,1.22026E+17,MMQR_PAYMENT,3101 - WAVE OI,4203 - MMIV RI,Ohn Than,2.23441E+15,MRCTBANK,5499,A LINN THIT MOBILE,9898459560,A LINN THIT MOBILE,2.23756E+15,"6,000.00",0,0,0,3,0,0,0,"6,000.00",SUCCESS,,,
19/08/2026 9:37,2.10242E+19,31088J09370743000122,1.22026E+17,MMQR_PAYMENT,2102 - KBZ OI,4203 - MMIV RI,U PAING SOE HTET,2.23737E+15,MRCTBANK,5499,SOE THIT SAN MOBILE SHOP,9790712555,SOE THIT SAN MOBILE SHOP,2.23756E+15,"5,000.00",0,0,0,2.5,0,0,0,"5,000.00",SUCCESS,,,
19/08/2026 9:37,3.10142E+19,wm127319767852256692837,1.22026E+17,MMQR_PAYMENT,3101 - WAVE OI,4203 - MMIV RI,Ohn Than,2.23441E+15,MRCTBANK,5499,A LINN THIT MOBILE,9898459560,A LINN THIT MOBILE,2.23756E+15,"7,000.00",0,0,0,3.5,0,0,0,"7,000.00",SUCCESS,,,
19/08/2026 9:36,2.10242E+19,31088J09364635000222,1.22026E+17,MMQR_PAYMENT,2102 - KBZ OI,4203 - MMIV RI,U PAING SOE HTET,2.23737E+15,MRCTBANK,5499,SOE THIT SAN MOBILE SHOP,9790712555,SOE THIT SAN MOBILE SHOP,2.23756E+15,"5,000.00",0,0,0,2.5,0,0,0,"5,000.00",SUCCESS,,,
19/08/2026 9:36,3.10142E+19,wm127319679941623023672,1.22026E+17,MMQR_PAYMENT,3101 - WAVE OI,4203 - MMIV RI,Ohn Than,2.23441E+15,MRCTBANK,5499,A LINN THIT MOBILE,9898459560,A LINN THIT MOBILE,2.23756E+15,"6,000.00",0,0,0,3,0,0,0,"6,000.00",SUCCESS,,,
19/08/2026 9:36,2.10242E+19,31088J09363643000122,1.22026E+17,MMQR_PAYMENT,2102 - KBZ OI,4203 - MMIV RI,U PAING SOE HTET,2.23737E+15,MRCTBANK,5499,SOE THIT SAN MOBILE SHOP,9790712555,SOE THIT SAN MOBILE SHOP,2.23756E+15,"5,000.00",0,0,0,2.5,0,0,0,"5,000.00",SUCCESS,,,
19/08/2026 9:36,3.10142E+19,wm127319565232971144637,1.22026E+17,MMQR_PAYMENT,3101 - WAVE OI,4203 - MMIV RI,Ohn Than,2.23441E+15,MRCTBANK,5499,A LINN THIT MOBILE,9898459560,A LINN THIT MOBILE,2.23756E+15,"7,000.00",0,0,0,3.5,0,0,0,"7,000.00",SUCCESS,,,
19/08/2026 9:36,2.10242E+19,31088J09362102000322,1.22026E+17,MMQR_PAYMENT,2102 - KBZ OI,4203 - MMIV RI,U PAING SOE HTET,2.23737E+15,MRCTBANK,5499,SOE THIT SAN MOBILE SHOP,9790712555,SOE THIT SAN MOBILE SHOP,2.23756E+15,"5,000.00",0,0,0,2.5,0,0,0,"5,000.00",SUCCESS,,,
19/08/2026 9:36,3.10142E+19,wm127319361321121388650,1.22026E+17,MMQR_PAYMENT,3101 - WAVE OI,4203 - MMIV RI,Ohn Than,2.23441E+15,MRCTBANK,5499,A LINN THIT MOBILE,9898459560,A LINN THIT MOBILE,2.23756E+15,"7,000.00",0,0,0,3.5,0,0,0,"7,000.00",SUCCESS,,,
19/08/2026 9:36,2.10242E+19,31088J09360756000122,1.22026E+17,MMQR_PAYMENT,2102 - KBZ OI,4203 - MMIV RI,U PAING SOE HTET,2.23737E+15,MRCTBANK,5499,SOE THIT SAN MOBILE SHOP,9790712555,SOE THIT SAN MOBILE SHOP,2.23756E+15,"5,000.00",0,0,0,2.5,0,0,0,"5,000.00",SUCCESS,,,
19/08/2026 9:36,3.10142E+19,wm127319248057409292367,1.22026E+17,MMQR_PAYMENT,3101 - WAVE OI,4203 - MMIV RI,Ohn Than,2.23441E+15,MRCTBANK,5499,A LINN THIT MOBILE,9898459560,A LINN THIT MOBILE,2.23756E+15,"6,000.00",0,0,0,3,0,0,0,"6,000.00",SUCCESS,,,
19/08/2026 9:35,3.10142E+19,wm127319101752771685620,1.22026E+17,MMQR_PAYMENT,3101 - WAVE OI,4203 - MMIV RI,Ohn Than,2.23441E+15,MRCTBANK,5499,A LINN THIT MOBILE,9898459560,A LINN THIT MOBILE,2.23756E+15,"7,000.00",0,0,0,3.5,0,0,0,"7,000.00",SUCCESS,,,
19/08/2026 9:35,3.10142E+19,wm127319018075376244654,1.22026E+17,MMQR_PAYMENT,3101 - WAVE OI,4203 - MMIV RI,Ohn Than,2.23441E+15,MRCTBANK,5499,A LINN THIT MOBILE,9898459560,A LINN THIT MOBILE,2.23756E+15,"6,000.00",0,0,0,3,0,0,0,"6,000.00",SUCCESS,,,
19/08/2026 9:35,2.10242E+19,31088J09352928000222,1.22026E+17,MMQR_PAYMENT,2102 - KBZ OI,4203 - MMIV RI,Zin Mar Than,2.23737E+15,MRCTBANK,5499,San Cherry Electronic,9452241144,San Cherry Electronic,2.23756E+15,"40,400.00",0,0,0,20.2,0,0,0,"40,400.00",SUCCESS,,,
19/08/2026 9:35,3.10142E+19,wm127318883623221236714,1.22026E+17,MMQR_PAYMENT,3101 - WAVE OI,4203 - MMIV RI,Ohn Than,2.23441E+15,MRCTBANK,5499,A LINN THIT MOBILE,9898459560,A LINN THIT MOBILE,2.23756E+15,"7,000.00",0,0,0,3.5,0,0,0,"7,000.00",SUCCESS,,,
19/08/2026 9:35,3.10142E+19,wm127318763627545984068,1.22026E+17,MMQR_PAYMENT,3101 - WAVE OI,4203 - MMIV RI,Ohn Than,2.23441E+15,MRCTBANK,5499,A LINN THIT MOBILE,9898459560,A LINN THIT MOBILE,2.23756E+15,"6,000.00",0,0,0,3,0,0,0,"6,000.00",SUCCESS,,,
19/08/2026 9:34,3.10142E+19,wm127318246279765358027,1.22026E+17,MMQR_PAYMENT,3101 - WAVE OI,4203 - MMIV RI,Ohn Than,2.23441E+15,MRCTBANK,5499,A LINN THIT MOBILE,9898459560,A LINN THIT MOBILE,2.23756E+15,"7,000.00",0,0,0,3.5,0,0,0,"7,000.00",SUCCESS,,,
19/08/2026 9:34,3.10142E+19,wm63550555159198852666,1.22026E+17,MMQR_PAYMENT,3101 - WAVE OI,4203 - MMIV RI,Ohn Than,2.23441E+15,MRCTBANK,5499,A LINN THIT MOBILE,9898459560,A LINN THIT MOBILE,2.23756E+15,"6,000.00",0,0,0,3,0,0,0,"6,000.00",SUCCESS,,,
19/08/2026 9:34,3.10142E+19,wm127317965155689679599,1.22026E+17,MMQR_PAYMENT,3101 - WAVE OI,4203 - MMIV RI,Ohn Than,2.23441E+15,MRCTBANK,5499,A LINN THIT MOBILE,9898459560,A LINN THIT MOBILE,2.23756E+15,"7,000.00",0,0,0,3.5,0,0,0,"7,000.00",SUCCESS,,,
19/08/2026 9:33,3.10142E+19,wm127317849362197695225,1.22026E+17,MMQR_PAYMENT,3101 - WAVE OI,4203 - MMIV RI,Ohn Than,2.23441E+15,MRCTBANK,5499,A LINN THIT MOBILE,9898459560,A LINN THIT MOBILE,2.23756E+15,"6,000.00",0,0,0,3,0,0,0,"6,000.00",SUCCESS,,,
19/08/2026 9:33,3.10142E+19,wm127317669718742379391,1.22026E+17,MMQR_PAYMENT,3101 - WAVE OI,4203 - MMIV RI,Ohn Than,2.23441E+15,MRCTBANK,5499,A LINN THIT MOBILE,9898459560,A LINN THIT MOBILE,2.23756E+15,"7,000.00",0,0,0,3.5,0,0,0,"7,000.00",SUCCESS,,,
19/08/2026 9:32,2.10242E+19,31088J09322743000150,1.22026E+17,MMQR_PAYMENT,2102 - KBZ OI,4203 - MMIV RI,SAW TINT WAI,2.23737E+15,MRCTBANK,5499,SOE THIT SAN MOBILE SHOP,9790712555,SOE THIT SAN MOBILE SHOP,2.23756E+15,"5,000.00",0,0,0,2.5,0,0,0,"5,000.00",SUCCESS,,,
19/08/2026 9:31,2.10242E+19,31088J09315228000163,1.22026E+17,MMQR_PAYMENT,2102 - KBZ OI,4203 - MMIV RI,U Ohn Than,2.23737E+15,MRCTBANK,5499,A LINN THIT MOBILE,9898459560,A LINN THIT MOBILE,2.23756E+15,"6,000.00",0,0,0,3,0,0,0,"6,000.00",SUCCESS,,,
19/08/2026 9:31,2.10242E+19,31088J09313228000263,1.22026E+17,MMQR_PAYMENT,2102 - KBZ OI,4203 - MMIV RI,U Ohn Than,2.23737E+15,MRCTBANK,5499,A LINN THIT MOBILE,9898459560,A LINN THIT MOBILE,2.23756E+15,"7,000.00",0,0,0,3.5,0,0,0,"7,000.00",SUCCESS,,,
19/08/2026 9:31,2.10242E+19,31088J09312128000149,1.22026E+17,MMQR_PAYMENT,2102 - KBZ OI,4203 - MMIV RI,AYE NANDAR,2.23737E+15,MRCTBANK,5499,KHIT THIT SAR,9420221124,KHIT THIT SAR,2.23756E+15,"7,000.00",0,0,0,3.5,0,0,0,"7,000.00",SUCCESS,,,
19/08/2026 9:31,2.10242E+19,31088J09305856000150,1.22026E+17,MMQR_PAYMENT,2102 - KBZ OI,4203 - MMIV RI,SAW TINT WAI,2.23737E+15,MRCTBANK,5499,SOE THIT SAN MOBILE SHOP,9790712555,SOE THIT SAN MOBILE SHOP,2.23756E+15,"5,000.00",0,0,0,2.5,0,0,0,"5,000.00",SUCCESS,,,
19/08/2026 9:30,2.10242E+19,31088J09304435000250,1.22026E+17,MMQR_PAYMENT,2102 - KBZ OI,4203 - MMIV RI,SAW TINT WAI,2.23737E+15,MRCTBANK,5499,SOE THIT SAN MOBILE SHOP,9790712555,SOE THIT SAN MOBILE SHOP,2.23756E+15,"5,000.00",0,0,0,2.5,0,0,0,"5,000.00",SUCCESS,,,
19/08/2026 9:30,2.10242E+19,31088J09303789000150,1.22026E+17,MMQR_PAYMENT,2102 - KBZ OI,4203 - MMIV RI,SAW TINT WAI,2.23737E+15,MRCTBANK,5499,SOE THIT SAN MOBILE SHOP,9790712555,SOE THIT SAN MOBILE SHOP,2.23756E+15,"5,000.00",0,0,0,2.5,0,0,0,"5,000.00",SUCCESS,,,
19/08/2026 9:30,2.10242E+19,31088J09295435000263,1.22026E+17,MMQR_PAYMENT,2102 - KBZ OI,4203 - MMIV RI,U Ohn Than,2.23737E+15,MRCTBANK,5499,A LINN THIT MOBILE,9898459560,A LINN THIT MOBILE,2.23756E+15,"6,000.00",0,0,0,3,0,0,0,"6,000.00",SUCCESS,,,
19/08/2026 9:29,2.10242E+19,31088J09294135000350,1.22026E+17,MMQR_PAYMENT,2102 - KBZ OI,4203 - MMIV RI,SAW TINT WAI,2.23737E+15,MRCTBANK,5499,SOE THIT SAN MOBILE SHOP,9790712555,SOE THIT SAN MOBILE SHOP,2.23756E+15,"5,000.00",0,0,0,2.5,0,0,0,"5,000.00",SUCCESS,,,
19/08/2026 9:29,2.10242E+19,31088J09293889000163,1.22026E+17,MMQR_PAYMENT,2102 - KBZ OI,4203 - MMIV RI,U Ohn Than,2.23737E+15,MRCTBANK,5499,A LINN THIT MOBILE,9898459560,A LINN THIT MOBILE,2.23756E+15,"7,000.00",0,0,0,3.5,0,0,0,"7,000.00",SUCCESS,,,
19/08/2026 9:29,2.10242E+19,31088J09292602000250,1.22026E+17,MMQR_PAYMENT,2102 - KBZ OI,4203 - MMIV RI,SAW TINT WAI,2.23737E+15,MRCTBANK,5499,SOE THIT SAN MOBILE SHOP,9790712555,SOE THIT SAN MOBILE SHOP,2.23756E+15,"5,000.00",0,0,0,2.5,0,0,0,"5,000.00",SUCCESS,,,
19/08/2026 9:29,2.10242E+19,31088J09291989000163,1.22026E+17,MMQR_PAYMENT,2102 - KBZ OI,4203 - MMIV RI,U Ohn Than,2.23737E+15,MRCTBANK,5499,A LINN THIT MOBILE,9898459560,A LINN THIT MOBILE,2.23756E+15,"6,000.00",0,0,0,3,0,0,0,"6,000.00",SUCCESS,,,
19/08/2026 9:29,2.10242E+19,31088J09291428000150,1.22026E+17,MMQR_PAYMENT,2102 - KBZ OI,4203 - MMIV RI,SAW TINT WAI,2.23737E+15,MRCTBANK,5499,SOE THIT SAN MOBILE SHOP,9790712555,SOE THIT SAN MOBILE SHOP,2.23756E+15,"5,000.00",0,0,0,2.5,0,0,0,"5,000.00",SUCCESS,,,
19/08/2026 9:29,2.10242E+19,31088J09290702000150,1.22026E+17,MMQR_PAYMENT,2102 - KBZ OI,4203 - MMIV RI,SAW TINT WAI,2.23737E+15,MRCTBANK,5499,SOE THIT SAN MOBILE SHOP,9790712555,SOE THIT SAN MOBILE SHOP,2.23756E+15,"5,000.00",0,0,0,2.5,0,0,0,"5,000.00",SUCCESS,,,
19/08/2026 9:29,2.10242E+19,31088J09290435000263,1.22026E+17,MMQR_PAYMENT,2102 - KBZ OI,4203 - MMIV RI,U Ohn Than,2.23737E+15,MRCTBANK,5499,A LINN THIT MOBILE,9898459560,A LINN THIT MOBILE,2.23756E+15,"7,000.00",0,0,0,3.5,0,0,0,"7,000.00",SUCCESS,,,
19/08/2026 9:28,2.10242E+19,31088J09284828000250,1.22026E+17,MMQR_PAYMENT,2102 - KBZ OI,4203 - MMIV RI,SAW TINT WAI,2.23737E+15,MRCTBANK,5499,SOE THIT SAN MOBILE SHOP,9790712555,SOE THIT SAN MOBILE SHOP,2.23756E+15,"5,000.00",0,0,0,2.5,0,0,0,"5,000.00",SUCCESS,,,
19/08/2026 9:28,2.10242E+19,31088J09284828000163,1.22026E+17,MMQR_PAYMENT,2102 - KBZ OI,4203 - MMIV RI,U Ohn Than,2.23737E+15,MRCTBANK,5499,A LINN THIT MOBILE,9898459560,A LINN THIT MOBILE,2.23756E+15,"6,000.00",0,0,0,3,0,0,0,"6,000.00",SUCCESS,,,
19/08/2026 9:28,2.10242E+19,31088J09283328000150,1.22026E+17,MMQR_PAYMENT,2102 - KBZ OI,4203 - MMIV RI,SAW TINT WAI,2.23737E+15,MRCTBANK,5499,SOE THIT SAN MOBILE SHOP,9790712555,SOE THIT SAN MOBILE SHOP,2.23756E+15,"5,000.00",0,0,0,2.5,0,0,0,"5,000.00",SUCCESS,,,
19/08/2026 9:28,2.10242E+19,31088J09283335000163,1.22026E+17,MMQR_PAYMENT,2102 - KBZ OI,4203 - MMIV RI,U Ohn Than,2.23737E+15,MRCTBANK,5499,A LINN THIT MOBILE,9898459560,A LINN THIT MOBILE,2.23756E+15,"7,000.00",0,0,0,3.5,0,0,0,"7,000.00",SUCCESS,,,
19/08/2026 9:28,2.10542E+19,E2E223767202608190928357186242172,1.22026E+17,MMQR_PAYMENT,2105 - UAB OI,4203 - MMIV RI,EI EI PYONE,2.23768E+15,MRCTBANK,5499,MARIO,9964152596,MARIO,2.23756E+15,"1,000.00",0,0,0,0.5,0,0,0,"1,000.00",SUCCESS,,,
19/08/2026 9:28,2.10242E+19,31088J09281589000109,1.22026E+17,MMQR_PAYMENT,2102 - KBZ OI,4203 - MMIV RI,U Aung Aung,2.23737E+15,MRCTBANK,5499,Thin Store,9420291365,Thin Store,2.23756E+15,"50,000.00",0,0,0,25,0,0,0,"50,000.00",SUCCESS,,,
19/08/2026 9:28,2.10242E+19,31088J09281856000163,1.22026E+17,MMQR_PAYMENT,2102 - KBZ OI,4203 - MMIV RI,U Ohn Than,2.23737E+15,MRCTBANK,5499,A LINN THIT MOBILE,9898459560,A LINN THIT MOBILE,2.23756E+15,"6,000.00",0,0,0,3,0,0,0,"6,000.00",SUCCESS,,,
19/08/2026 9:28,2.10242E+19,31088J09275856000163,1.22026E+17,MMQR_PAYMENT,2102 - KBZ OI,4203 - MMIV RI,U Ohn Than,2.23737E+15,MRCTBANK,5499,A LINN THIT MOBILE,9898459560,A LINN THIT MOBILE,2.23756E+15,"7,000.00",0,0,0,3.5,0,0,0,"7,000.00",SUCCESS,,,
19/08/2026 9:27,2.10242E+19,31088J09273789000263,1.22026E+17,MMQR_PAYMENT,2102 - KBZ OI,4203 - MMIV RI,U Ohn Than,2.23737E+15,MRCTBANK,5499,A LINN THIT MOBILE,9898459560,A LINN THIT MOBILE,2.23756E+15,"6,000.00",0,0,0,3,0,0,0,"6,000.00",SUCCESS,,,
19/08/2026 9:27,3.10142E+19,wm127314074646152718834,1.22026E+17,MMQR_PAYMENT,3101 - WAVE OI,4203 - MMIV RI,Nant Aye Thet Wai,2.23441E+15,MRCTBANK,5499,IC 2,9959533636,IC 2,2.23756E+15,"10,100.00",0,0,0,5.05,0,0,0,"10,100.00",SUCCESS,,,
19/08/2026 9:27,2.10242E+19,31088J09272128000163,1.22026E+17,MMQR_PAYMENT,2102 - KBZ OI,4203 - MMIV RI,U Ohn Than,2.23737E+15,MRCTBANK,5499,A LINN THIT MOBILE,9898459560,A LINN THIT MOBILE,2.23756E+15,"7,000.00",0,0,0,3.5,0,0,0,"7,000.00",SUCCESS,,,
19/08/2026 9:27,2.10142E+19,AYA21016a851b89774229dabeae3002,1.22026E+17,MMQR_PAYMENT,2101 - AYA OI,4203 - MMIV RI,EI EI PYONE,2.237E+15,MRCTBANK,5499,MARIO,9964152596,MARIO,2.23756E+15,500,0,0,0,0.25,0,0,0,500,SUCCESS,,,
19/08/2026 9:27,2.10242E+19,31088J09270556000163,1.22026E+17,MMQR_PAYMENT,2102 - KBZ OI,4203 - MMIV RI,U Ohn Than,2.23737E+15,MRCTBANK,5499,A LINN THIT MOBILE,9898459560,A LINN THIT MOBILE,2.23756E+15,"6,000.00",0,0,0,3,0,0,0,"6,000.00",SUCCESS,,,
19/08/2026 9:27,2.10142E+19,AYA21016a851b79bf5e3b10beef541e,1.22026E+17,MMQR_PAYMENT,2101 - AYA OI,4203 - MMIV RI,EI EI PYONE,2.237E+15,MRCTBANK,5499,MARIO,9964152596,MARIO,2.23756E+15,"1,000.00",0,0,0,0.5,0,0,0,"1,000.00",SUCCESS,,,
19/08/2026 9:26,2.10242E+19,31088J09264902000163,1.22026E+17,MMQR_PAYMENT,2102 - KBZ OI,4203 - MMIV RI,U Ohn Than,2.23737E+15,MRCTBANK,5499,A LINN THIT MOBILE,9898459560,A LINN THIT MOBILE,2.23756E+15,"7,000.00",0,0,0,3.5,0,0,0,"7,000.00",SUCCESS,,,
19/08/2026 9:26,2.10142E+19,AYA21016a851b69f138b726c36026d2,1.22026E+17,MMQR_PAYMENT,2101 - AYA OI,4203 - MMIV RI,EI EI PYONE,2.237E+15,MRCTBANK,5499,MARIO,9964152596,MARIO,2.23756E+15,"1,000.00",0,0,0,0.5,0,0,0,"1,000.00",SUCCESS,,,
19/08/2026 9:26,2.10242E+19,31088J09262789000163,1.22026E+17,MMQR_PAYMENT,2102 - KBZ OI,4203 - MMIV RI,U Ohn Than,2.23737E+15,MRCTBANK,5499,A LINN THIT MOBILE,9898459560,A LINN THIT MOBILE,2.23756E+15,"6,000.00",0,0,0,3,0,0,0,"6,000.00",SUCCESS,,,
19/08/2026 9:26,2.10142E+19,AYA21016a851b59504c644936b3545a,1.22026E+17,MMQR_PAYMENT,2101 - AYA OI,4203 - MMIV RI,EI EI PYONE,2.237E+15,MRCTBANK,5499,MARIO,9964152596,MARIO,2.23756E+15,"1,000.00",0,0,0,0.5,0,0,0,"1,000.00",SUCCESS,,,
19/08/2026 9:26,2.10242E+19,31088J09261128000163,1.22026E+17,MMQR_PAYMENT,2102 - KBZ OI,4203 - MMIV RI,U Ohn Than,2.23737E+15,MRCTBANK,5499,A LINN THIT MOBILE,9898459560,A LINN THIT MOBILE,2.23756E+15,"7,000.00",0,0,0,3.5,0,0,0,"7,000.00",SUCCESS,,,
19/08/2026 9:26,2.10142E+19,AYA21016a851b496aa0f89d2e7b15dc,1.22026E+17,MMQR_PAYMENT,2101 - AYA OI,4203 - MMIV RI,EI EI PYONE,2.237E+15,MRCTBANK,5499,MARIO,9964152596,MARIO,2.23756E+15,"1,000.00",0,0,0,0.5,0,0,0,"1,000.00",SUCCESS,,,
19/08/2026 9:26,2.10242E+19,31088J09255235000163,1.22026E+17,MMQR_PAYMENT,2102 - KBZ OI,4203 - MMIV RI,U Ohn Than,2.23737E+15,MRCTBANK,5499,A LINN THIT MOBILE,9898459560,A LINN THIT MOBILE,2.23756E+15,"6,000.00",0,0,0,3,0,0,0,"6,000.00",SUCCESS,,,
19/08/2026 9:25,2.10142E+19,AYA21016a851b32df996e1349ab8730,1.22026E+17,MMQR_PAYMENT,2101 - AYA OI,4203 - MMIV RI,EI EI PYONE,2.237E+15,MRCTBANK,5499,MARIO,9964152596,MARIO,2.23756E+15,"1,000.00",0,0,0,0.5,0,0,0,"1,000.00",SUCCESS,,,
19/08/2026 9:25,2.10242E+19,31088J09253828000163,1.22026E+17,MMQR_PAYMENT,2102 - KBZ OI,4203 - MMIV RI,U Ohn Than,2.23737E+15,MRCTBANK,5499,A LINN THIT MOBILE,9898459560,A LINN THIT MOBILE,2.23756E+15,"7,000.00",0,0,0,3.5,0,0,0,"7,000.00",SUCCESS,,,
19/08/2026 9:25,2.10242E+19,31088J09252156000163,1.22026E+17,MMQR_PAYMENT,2102 - KBZ OI,4203 - MMIV RI,U Ohn Than,2.23737E+15,MRCTBANK,5499,A LINN THIT MOBILE,9898459560,A LINN THIT MOBILE,2.23756E+15,"6,000.00",0,0,0,3,0,0,0,"6,000.00",SUCCESS,,,
19/08/2026 9:25,2.10142E+19,AYA21016a851b172d4479c92de5c22b,1.22026E+17,MMQR_PAYMENT,2101 - AYA OI,4203 - MMIV RI,EI EI PYONE,2.237E+15,MRCTBANK,5499,MARIO,9964152596,MARIO,2.23756E+15,"1,000.00",0,0,0,0.5,0,0,0,"1,000.00",SUCCESS,,,
19/08/2026 9:25,2.10242E+19,31088J09250535000163,1.22026E+17,MMQR_PAYMENT,2102 - KBZ OI,4203 - MMIV RI,U Ohn Than,2.23737E+15,MRCTBANK,5499,A LINN THIT MOBILE,9898459560,A LINN THIT MOBILE,2.23756E+15,"7,000.00",0,0,0,3.5,0,0,0,"7,000.00",SUCCESS,,,
19/08/2026 9:24,2.10142E+19,AYA21016a851af3504c644936b353bc,1.22026E+17,MMQR_PAYMENT,2101 - AYA OI,4203 - MMIV RI,EI EI PYONE,2.237E+15,MRCTBANK,5499,MARIO,9964152596,MARIO,2.23756E+15,"1,000.00",0,0,0,0.5,0,0,0,"1,000.00",SUCCESS,,,
19/08/2026 9:23,2.10242E+19,31088J09231002000263,1.22026E+17,MMQR_PAYMENT,2102 - KBZ OI,4203 - MMIV RI,U Ohn Than,2.23737E+15,MRCTBANK,5499,A LINN THIT MOBILE,9898459560,A LINN THIT MOBILE,2.23756E+15,"7,000.00",0,0,0,3.5,0,0,0,"7,000.00",SUCCESS,,,
19/08/2026 9:23,2.10242E+19,31088J09225256000263,1.22026E+17,MMQR_PAYMENT,2102 - KBZ OI,4203 - MMIV RI,U Ohn Than,2.23737E+15,MRCTBANK,5499,A LINN THIT MOBILE,9898459560,A LINN THIT MOBILE,2.23756E+15,"6,000.00",0,0,0,3,0,0,0,"6,000.00",SUCCESS,,,
19/08/2026 9:22,2.10242E+19,31088J09223489000263,1.22026E+17,MMQR_PAYMENT,2102 - KBZ OI,4203 - MMIV RI,U Ohn Than,2.23737E+15,MRCTBANK,5499,A LINN THIT MOBILE,9898459560,A LINN THIT MOBILE,2.23756E+15,"7,000.00",0,0,0,3.5,0,0,0,"7,000.00",SUCCESS,,,
19/08/2026 9:21,2.10242E+19,31088J09212802000163,1.22026E+17,MMQR_PAYMENT,2102 - KBZ OI,4203 - MMIV RI,U Ohn Than,2.23737E+15,MRCTBANK,5499,A LINN THIT MOBILE,9898459560,A LINN THIT MOBILE,2.23756E+15,"6,000.00",0,0,0,3,0,0,0,"6,000.00",SUCCESS,,,
19/08/2026 9:21,2.10242E+19,31088J09211089000363,1.22026E+17,MMQR_PAYMENT,2102 - KBZ OI,4203 - MMIV RI,U Ohn Than,2.23737E+15,MRCTBANK,5499,A LINN THIT MOBILE,9898459560,A LINN THIT MOBILE,2.23756E+15,"7,000.00",0,0,0,3.5,0,0,0,"7,000.00",SUCCESS,,,
19/08/2026 9:20,2.10242E+19,31088J09204443000163,1.22026E+17,MMQR_PAYMENT,2102 - KBZ OI,4203 - MMIV RI,U Ohn Than,2.23737E+15,MRCTBANK,5499,A LINN THIT MOBILE,9898459560,A LINN THIT MOBILE,2.23756E+15,"6,000.00",0,0,0,3,0,0,0,"6,000.00",SUCCESS,,,
19/08/2026 9:20,2.10242E+19,31088J09202743000263,1.22026E+17,MMQR_PAYMENT,2102 - KBZ OI,4203 - MMIV RI,U Ohn Than,2.23737E+15,MRCTBANK,5499,A LINN THIT MOBILE,9898459560,A LINN THIT MOBILE,2.23756E+15,"7,000.00",0,0,0,3.5,0,0,0,"7,000.00",SUCCESS,,,
19/08/2026 9:20,2.10242E+19,31088J09200735000263,1.22026E+17,MMQR_PAYMENT,2102 - KBZ OI,4203 - MMIV RI,U Ohn Than,2.23737E+15,MRCTBANK,5499,A LINN THIT MOBILE,9898459560,A LINN THIT MOBILE,2.23756E+15,"6,000.00",0,0,0,3,0,0,0,"6,000.00",SUCCESS,,,
19/08/2026 9:19,2.10242E+19,31088J09195135000163,1.22026E+17,MMQR_PAYMENT,2102 - KBZ OI,4203 - MMIV RI,U Ohn Than,2.23737E+15,MRCTBANK,5499,A LINN THIT MOBILE,9898459560,A LINN THIT MOBILE,2.23756E+15,"7,000.00",0,0,0,3.5,0,0,0,"7,000.00",SUCCESS,,,
19/08/2026 9:09,2.10242E+19,31088J09085902000120,1.22026E+17,MMQR_PAYMENT,2102 - KBZ OI,4203 - MMIV RI,U ZAW WIN HTET,2.23737E+15,MRCTBANK,5499,SOE THIT SAN MOBILE SHOP,9790712555,SOE THIT SAN MOBILE SHOP,2.23756E+15,"5,000.00",0,0,0,2.5,0,0,0,"5,000.00",SUCCESS,,,
19/08/2026 9:08,2.10242E+19,31088J09085235000220,1.22026E+17,MMQR_PAYMENT,2102 - KBZ OI,4203 - MMIV RI,U ZAW WIN HTET,2.23737E+15,MRCTBANK,5499,SOE THIT SAN MOBILE SHOP,9790712555,SOE THIT SAN MOBILE SHOP,2.23756E+15,"5,000.00",0,0,0,2.5,0,0,0,"5,000.00",SUCCESS,,,
19/08/2026 9:08,2.10242E+19,31088J09084428000120,1.22026E+17,MMQR_PAYMENT,2102 - KBZ OI,4203 - MMIV RI,U ZAW WIN HTET,2.23737E+15,MRCTBANK,5499,SOE THIT SAN MOBILE SHOP,9790712555,SOE THIT SAN MOBILE SHOP,2.23756E+15,"5,000.00",0,0,0,2.5,0,0,0,"5,000.00",SUCCESS,,,
19/08/2026 9:08,2.10242E+19,31088J09083702000120,1.22026E+17,MMQR_PAYMENT,2102 - KBZ OI,4203 - MMIV RI,U ZAW WIN HTET,2.23737E+15,MRCTBANK,5499,SOE THIT SAN MOBILE SHOP,9790712555,SOE THIT SAN MOBILE SHOP,2.23756E+15,"5,000.00",0,0,0,2.5,0,0,0,"5,000.00",SUCCESS,,,
19/08/2026 9:08,2.10242E+19,31088J09082902000120,1.22026E+17,MMQR_PAYMENT,2102 - KBZ OI,4203 - MMIV RI,U ZAW WIN HTET,2.23737E+15,MRCTBANK,5499,SOE THIT SAN MOBILE SHOP,9790712555,SOE THIT SAN MOBILE SHOP,2.23756E+15,"5,000.00",0,0,0,2.5,0,0,0,"5,000.00",SUCCESS,,,
19/08/2026 9:08,2.10242E+19,31088J09082135000120,1.22026E+17,MMQR_PAYMENT,2102 - KBZ OI,4203 - MMIV RI,U ZAW WIN HTET,2.23737E+15,MRCTBANK,5499,SOE THIT SAN MOBILE SHOP,9790712555,SOE THIT SAN MOBILE SHOP,2.23756E+15,"5,000.00",0,0,0,2.5,0,0,0,"5,000.00",SUCCESS,,,
19/08/2026 9:08,2.10242E+19,31088J09081356000220,1.22026E+17,MMQR_PAYMENT,2102 - KBZ OI,4203 - MMIV RI,U ZAW WIN HTET,2.23737E+15,MRCTBANK,5499,SOE THIT SAN MOBILE SHOP,9790712555,SOE THIT SAN MOBILE SHOP,2.23756E+15,"5,000.00",0,0,0,2.5,0,0,0,"5,000.00",SUCCESS,,,
19/08/2026 9:08,2.10242E+19,31088J09080689000120,1.22026E+17,MMQR_PAYMENT,2102 - KBZ OI,4203 - MMIV RI,U ZAW WIN HTET,2.23737E+15,MRCTBANK,5499,SOE THIT SAN MOBILE SHOP,9790712555,SOE THIT SAN MOBILE SHOP,2.23756E+15,"5,000.00",0,0,0,2.5,0,0,0,"5,000.00",SUCCESS,,,
19/08/2026 9:08,2.10242E+19,31088J09075889000220,1.22026E+17,MMQR_PAYMENT,2102 - KBZ OI,4203 - MMIV RI,U ZAW WIN HTET,2.23737E+15,MRCTBANK,5499,SOE THIT SAN MOBILE SHOP,9790712555,SOE THIT SAN MOBILE SHOP,2.23756E+15,"5,000.00",0,0,0,2.5,0,0,0,"5,000.00",SUCCESS,,,
19/08/2026 9:07,2.10242E+19,31088J09075135000220,1.22026E+17,MMQR_PAYMENT,2102 - KBZ OI,4203 - MMIV RI,U ZAW WIN HTET,2.23737E+15,MRCTBANK,5499,SOE THIT SAN MOBILE SHOP,9790712555,SOE THIT SAN MOBILE SHOP,2.23756E+15,"5,000.00",0,0,0,2.5,0,0,0,"5,000.00",SUCCESS,,,
19/08/2026 9:07,2.10242E+19,31088J09074302000120,1.22026E+17,MMQR_PAYMENT,2102 - KBZ OI,4203 - MMIV RI,U ZAW WIN HTET,2.23737E+15,MRCTBANK,5499,SOE THIT SAN MOBILE SHOP,9790712555,SOE THIT SAN MOBILE SHOP,2.23756E+15,"5,000.00",0,0,0,2.5,0,0,0,"5,000.00",SUCCESS,,,
19/08/2026 9:07,2.10242E+19,31088J09073635000233,1.22026E+17,MMQR_PAYMENT,2102 - KBZ OI,4203 - MMIV RI,DAW ZIN MAR NAING,2.23737E+15,MRCTBANK,5499,Pa Hta Wi Ar Kar,9420558864,Pa Hta Wi Ar Kar,2.23756E+15,"20,200.00",0,0,0,10.1,0,0,0,"20,200.00",SUCCESS,,,
19/08/2026 9:07,2.10242E+19,31088J09073302000120,1.22026E+17,MMQR_PAYMENT,2102 - KBZ OI,4203 - MMIV RI,U ZAW WIN HTET,2.23737E+15,MRCTBANK,5499,SOE THIT SAN MOBILE SHOP,9790712555,SOE THIT SAN MOBILE SHOP,2.23756E+15,"5,000.00",0,0,0,2.5,0,0,0,"5,000.00",SUCCESS,,,
19/08/2026 9:00,2.10242E+19,31088J09001128000118,1.22026E+17,MMQR_PAYMENT,2102 - KBZ OI,4203 - MMIV RI,DAW KHINE KHINE MAR,2.23737E+15,MRCTBANK,5499,La Woon Store,9763013719,La Woon Store,2.23756E+15,"200,000.00",0,0,0,100,0,0,0,"200,000.00",SUCCESS,,,
19/08/2026 8:52,2.10242E+19,31088J08522602000158,1.22026E+17,MMQR_PAYMENT,2102 - KBZ OI,4203 - MMIV RI,Khine Zar Myo,2.23737E+15,MRCTBANK,5499,KHINE MYITTER,9789470438,KHINE MYITTER,2.23756E+15,"500,000.00",0,0,0,250,0,0,0,"500,000.00",SUCCESS,,,
19/08/2026 8:51,2.10242E+19,31088J08512835000147,1.22026E+17,MMQR_PAYMENT,2102 - KBZ OI,4203 - MMIV RI,Tin Naing,2.23737E+15,MRCTBANK,5499,KHINE MYITTER,9789470438,KHINE MYITTER,2.23756E+15,"500,000.00",0,0,0,250,0,0,0,"500,000.00",SUCCESS,,,
19/08/2026 8:51,2.10242E+19,31088J08512556000159,1.22026E+17,MMQR_PAYMENT,2102 - KBZ OI,4203 - MMIV RI,Htet Phyo Aung,2.23737E+15,MRCTBANK,5499,La Woon Store,9763013719,La Woon Store,2.23756E+15,"30,300.00",0,0,0,15.15,0,0,0,"30,300.00",SUCCESS,,,
19/08/2026 8:51,2.10242E+19,31088J08511002000347,1.22026E+17,MMQR_PAYMENT,2102 - KBZ OI,4203 - MMIV RI,Tin Naing,2.23737E+15,MRCTBANK,5499,KHINE MYITTER,9789470438,KHINE MYITTER,2.23756E+15,"64,600.00",0,0,0,32.3,0,0,0,"64,600.00",SUCCESS,,,
19/08/2026 8:50,2.10242E+19,31088J08503356000152,1.22026E+17,MMQR_PAYMENT,2102 - KBZ OI,4203 - MMIV RI,Shwe Zin Myint,2.23737E+15,MRCTBANK,5499,Pyoe Mini Mart,9421083972,Pyoe Mini Mart,2.23756E+15,"50,500.00",0,0,0,25.25,0,0,0,"50,500.00",SUCCESS,,,
19/08/2026 8:40,2.10242E+19,31088J08403235000117,1.22026E+17,MMQR_PAYMENT,2102 - KBZ OI,4203 - MMIV RI,Thaw Tar Linn Let,2.23737E+15,MRCTBANK,5499,IC 2,9959533636,IC 2,2.23756E+15,"30,300.00",0,0,0,15.15,0,0,0,"30,300.00",SUCCESS,,,
19/08/2026 8:37,3.10142E+19,wm127284122805501593238,1.22026E+17,MMQR_PAYMENT,3101 - WAVE OI,4203 - MMIV RI,Moh Moh Theint,2.23441E+15,MRCTBANK,5499,PYI SONE WIN PHONE STORE,9770050552,PYI SONE WIN PHONE STORE,2.23756E+15,"35,000.00",0,0,0,17.5,0,0,0,"35,000.00",SUCCESS,,,
19/08/2026 8:29,2.10242E+19,31088J08292702000139,1.22026E+17,MMQR_PAYMENT,2102 - KBZ OI,4203 - MMIV RI,ZAY YAR AUNG,2.23737E+15,MRCTBANK,5499,PYI SONE WIN PHONE STORE,9770050552,PYI SONE WIN PHONE STORE,2.23756E+15,"10,000.00",0,0,0,5,0,0,0,"10,000.00",SUCCESS,,,
19/08/2026 8:22,3.10142E+19,wm127274970766527283778,1.22026E+17,MMQR_PAYMENT,3101 - WAVE OI,4203 - MMIV RI,Lin Htal War,2.23441E+15,MRCTBANK,5499,Pa Hta Wi Ar Kar,9420558864,Pa Hta Wi Ar Kar,2.23756E+15,"70,000.00",0,0,0,35,0,0,0,"70,000.00",SUCCESS,,,
19/08/2026 8:19,3.10142E+19,wm63505512710246695908,1.22026E+17,MMQR_PAYMENT,3101 - WAVE OI,4203 - MMIV RI,Kyi Kyi San,2.23441E+15,MRCTBANK,5499,Pa Hta Wi Ar Kar,9420558864,Pa Hta Wi Ar Kar,2.23756E+15,"69,000.00",0,0,0,34.5,0,0,0,"69,000.00",SUCCESS,,,
19/08/2026 8:18,2.10242E+19,31088J08182235000125,1.22026E+17,MMQR_PAYMENT,2102 - KBZ OI,4203 - MMIV RI,Daw Kyi Kyi San,2.23737E+15,MRCTBANK,5499,Pa Hta Wi Ar Kar,9420558864,Pa Hta Wi Ar Kar,2.23756E+15,"227,000.00",0,0,0,113.5,0,0,0,"227,000.00",SUCCESS,,,
19/08/2026 8:18,2.10242E+19,31088J08175656000109,1.22026E+17,MMQR_PAYMENT,2102 - KBZ OI,4203 - MMIV RI,Daw Nwe Nwe Oo,2.23737E+15,MRCTBANK,5499,KHINE MYITTER,9789470438,KHINE MYITTER,2.23756E+15,"200,000.00",0,0,0,100,0,0,0,"200,000.00",SUCCESS,,,
19/08/2026 8:17,2.10242E+19,31088J08173228000109,1.22026E+17,MMQR_PAYMENT,2102 - KBZ OI,4203 - MMIV RI,Daw Nwe Nwe Oo,2.23737E+15,MRCTBANK,5499,KHINE MYITTER,9789470438,KHINE MYITTER,2.23756E+15,"100,000.00",0,0,0,50,0,0,0,"100,000.00",SUCCESS,,,
19/08/2026 8:16,2.10242E+19,31088J08163328000227,1.22026E+17,MMQR_PAYMENT,2102 - KBZ OI,4203 - MMIV RI,BHARAT LAL GUPTA,2.23737E+15,MRCTBANK,5499,ARR THIT (FRUITS SHOP),9782775161,ARR THIT (FRUITS SHOP),2.23756E+15,"33,500.00",0,0,0,16.75,0,0,0,"33,500.00",SUCCESS,,,
19/08/2026 8:13,2.10242E+19,31088J08133056000138,1.22026E+17,MMQR_PAYMENT,2102 - KBZ OI,4203 - MMIV RI,MA MAY NANDAR,2.23737E+15,MRCTBANK,5499,La Woon Store,9763013719,La Woon Store,2.23756E+15,"50,000.00",0,0,0,25,0,0,0,"50,000.00",SUCCESS,,,
19/08/2026 8:05,2.10242E+19,31088J08053735000103,1.22026E+17,MMQR_PAYMENT,2102 - KBZ OI,4203 - MMIV RI,Ma Tin NiLar Thin,2.23737E+15,MRCTBANK,5499,KHINE MYITTER,9789470438,KHINE MYITTER,2.23756E+15,"180,000.00",0,0,0,90,0,0,0,"180,000.00",SUCCESS,,,
19/08/2026 8:01,2.10242E+19,31088J08012928000109,1.22026E+17,MMQR_PAYMENT,2102 - KBZ OI,4203 - MMIV RI,Daw Nwe Nwe Oo,2.23737E+15,MRCTBANK,5499,KHINE MYITTER,9789470438,KHINE MYITTER,2.23756E+15,"200,000.00",0,0,0,100,0,0,0,"200,000.00",SUCCESS,,,
19/08/2026 7:59,2.10242E+19,31088J07592956000133,1.22026E+17,MMQR_PAYMENT,2102 - KBZ OI,4203 - MMIV RI,Cherry Thin,2.23737E+15,MRCTBANK,5499,A LINN THIT MOBILE,9898459560,A LINN THIT MOBILE,2.23756E+15,"110,000.00",0,0,0,55,0,0,0,"110,000.00",SUCCESS,,,
19/08/2026 7:56,3.10142E+19,wm127259340717355691824,1.22026E+17,MMQR_PAYMENT,3101 - WAVE OI,4203 - MMIV RI,Yan Shin,2.23441E+15,MRCTBANK,5499,Shwe Moe,9768060554,Shwe Moe,2.23756E+15,"20,300.00",0,0,0,10.15,0,0,0,"20,300.00",SUCCESS,,,
19/08/2026 7:56,3.10142E+19,wm127259279485777944654,1.22026E+17,MMQR_PAYMENT,3101 - WAVE OI,4203 - MMIV RI,Zin Mar Naing,2.23441E+15,MRCTBANK,5499,Pa Hta Wi Ar Kar,9420558864,Pa Hta Wi Ar Kar,2.23756E+15,"15,000.00",0,0,0,7.5,0,0,0,"15,000.00",SUCCESS,,,
19/08/2026 7:50,2.10242E+19,31088J07504735000160,1.22026E+17,MMQR_PAYMENT,2102 - KBZ OI,4203 - MMIV RI,Yan Linn Aung,2.23737E+15,MRCTBANK,5499,ANGEL,9968970070,ANGEL,2.23756E+15,"14,000.00",0,0,0,7,0,0,0,"14,000.00",SUCCESS,,,
19/08/2026 7:43,2.10142E+19,AYA21016a85032b8bdeb7f563e5b4da,1.22026E+17,MMQR_PAYMENT,2101 - AYA OI,4203 - MMIV RI,EI EI PYONE,2.237E+15,MRCTBANK,5499,MARIO,9964152596,MARIO,2.23756E+15,500,0,0,0,0.25,0,0,0,500,SUCCESS,,,
19/08/2026 7:43,2.10242E+19,31088J07430028000116,1.22026E+17,MMQR_PAYMENT,2102 - KBZ OI,4203 - MMIV RI,U KYAW SWAR,2.23737E+15,MRCTBANK,5499,JUNCTION PINLAUNG LAPHET,9697999586,JUNCTION PINLAUNG LAPHET,2.23756E+15,"196,000.00",0,0,0,98,0,0,0,"196,000.00",SUCCESS,,,
19/08/2026 7:42,2.10542E+19,E2E223767202608190742526581264316,1.22026E+17,MMQR_PAYMENT,2105 - UAB OI,4203 - MMIV RI,EI EI PYONE,2.23768E+15,MRCTBANK,5499,MARIO,9964152596,MARIO,2.23756E+15,500,0,0,0,0.25,0,0,0,500,SUCCESS,,,
19/08/2026 7:42,2.10542E+19,E2E223767202608190742293342384172,1.22026E+17,MMQR_PAYMENT,2105 - UAB OI,4203 - MMIV RI,EI EI PYONE,2.23768E+15,MRCTBANK,5499,MARIO,9964152596,MARIO,2.23756E+15,500,0,0,0,0.25,0,0,0,500,SUCCESS,,,
19/08/2026 7:42,2.10542E+19,E2E223767202608190742169836974830,1.22026E+17,MMQR_PAYMENT,2105 - UAB OI,4203 - MMIV RI,EI EI PYONE,2.23768E+15,MRCTBANK,5499,MARIO,9964152596,MARIO,2.23756E+15,500,0,0,0,0.25,0,0,0,500,SUCCESS,,,
19/08/2026 7:42,2.10242E+19,31088J07420602000116,1.22026E+17,MMQR_PAYMENT,2102 - KBZ OI,4203 - MMIV RI,U KYAW SWAR,2.23737E+15,MRCTBANK,5499,JUNCTION PINLAUNG LAPHET,9697999586,JUNCTION PINLAUNG LAPHET,2.23756E+15,"23,700.00",0,0,0,11.85,0,0,0,"23,700.00",SUCCESS,,,
19/08/2026 7:42,2.10542E+19,E2E223767202608190742048707267837,1.22026E+17,MMQR_PAYMENT,2105 - UAB OI,4203 - MMIV RI,EI EI PYONE,2.23768E+15,MRCTBANK,5499,MARIO,9964152596,MARIO,2.23756E+15,500,0,0,0,0.25,0,0,0,500,SUCCESS,,,
19/08/2026 7:41,2.10542E+19,E2E223767202608190741494876074794,1.22026E+17,MMQR_PAYMENT,2105 - UAB OI,4203 - MMIV RI,EI EI PYONE,2.23768E+15,MRCTBANK,5499,MARIO,9964152596,MARIO,2.23756E+15,500,0,0,0,0.25,0,0,0,500,SUCCESS,,,
19/08/2026 7:41,2.10542E+19,E2E223767202608190741358144051392,1.22026E+17,MMQR_PAYMENT,2105 - UAB OI,4203 - MMIV RI,EI EI PYONE,2.23768E+15,MRCTBANK,5499,MARIO,9964152596,MARIO,2.23756E+15,500,0,0,0,0.25,0,0,0,500,SUCCESS,,,
19/08/2026 7:41,2.10542E+19,E2E223767202608190741226651671984,1.22026E+17,MMQR_PAYMENT,2105 - UAB OI,4203 - MMIV RI,EI EI PYONE,2.23768E+15,MRCTBANK,5499,MARIO,9964152596,MARIO,2.23756E+15,500,0,0,0,0.25,0,0,0,500,SUCCESS,,,
19/08/2026 7:41,2.10542E+19,E2E223767202608190741081057320527,1.22026E+17,MMQR_PAYMENT,2105 - UAB OI,4203 - MMIV RI,EI EI PYONE,2.23768E+15,MRCTBANK,5499,MARIO,9964152596,MARIO,2.23756E+15,500,0,0,0,0.25,0,0,0,500,SUCCESS,,,
19/08/2026 7:40,2.10542E+19,E2E223767202608190740506902501097,1.22026E+17,MMQR_PAYMENT,2105 - UAB OI,4203 - MMIV RI,EI EI PYONE,2.23768E+15,MRCTBANK,5499,MARIO,9964152596,MARIO,2.23756E+15,500,0,0,0,0.25,0,0,0,500,SUCCESS,,,
19/08/2026 7:29,3.10142E+19,wm127243510292235902070,1.22026E+17,MMQR_PAYMENT,3101 - WAVE OI,4203 - MMIV RI,Tun Mi Latt,2.23441E+15,MRCTBANK,5499,Shwe Moe,9768060554,Shwe Moe,2.23756E+15,"90,000.00",0,0,0,45,0,0,0,"90,000.00",SUCCESS,,,
19/08/2026 7:28,2.10242E+19,31088J07282156000131,1.22026E+17,MMQR_PAYMENT,2102 - KBZ OI,4203 - MMIV RI,DAW NAN MYINT MAR LAR,2.23737E+15,MRCTBANK,5499,KHINE MYITTER,9789470438,KHINE MYITTER,2.23756E+15,"206,000.00",0,0,0,103,0,0,0,"206,000.00",SUCCESS,,,
19/08/2026 7:27,2.10242E+19,31088J07272389000131,1.22026E+17,MMQR_PAYMENT,2102 - KBZ OI,4203 - MMIV RI,DAW NAN MYINT MAR LAR,2.23737E+15,MRCTBANK,5499,KHINE MYITTER,9789470438,KHINE MYITTER,2.23756E+15,"500,000.00",0,0,0,250,0,0,0,"500,000.00",SUCCESS,,,
19/08/2026 7:27,2.10242E+19,31088J07270235000131,1.22026E+17,MMQR_PAYMENT,2102 - KBZ OI,4203 - MMIV RI,DAW NAN MYINT MAR LAR,2.23737E+15,MRCTBANK,5499,KHINE MYITTER,9789470438,KHINE MYITTER,2.23756E+15,"500,000.00",0,0,0,250,0,0,0,"500,000.00",SUCCESS,,,
19/08/2026 7:23,2.10242E+19,31088J07230335000143,1.22026E+17,MMQR_PAYMENT,2102 - KBZ OI,4203 - MMIV RI,phyo min paing,2.23737E+15,MRCTBANK,5499,Shan Lay Store,9972000766,Shan Lay Store,2.23756E+15,"2,300.00",0,0,0,1.15,0,0,0,"2,300.00",SUCCESS,,,
19/08/2026 7:02,2.10242E+19,31088J07024189000162,1.22026E+17,MMQR_PAYMENT,2102 - KBZ OI,4203 - MMIV RI,Win Lin,2.23737E+15,MRCTBANK,5499,KHINE MYITTER,9789470438,KHINE MYITTER,2.23756E+15,"20,200.00",0,0,0,10.1,0,0,0,"20,200.00",SUCCESS,,,
18/08/2026 21:53,3.10142E+19,wm126897666184853685344,1.22026E+17,MMQR_PAYMENT,3101 - WAVE OI,4203 - MMIV RI,Tin Naing,2.23441E+15,MRCTBANK,5499,KHINE MYITTER,9789470438,KHINE MYITTER,2.23756E+15,"9,000.00",0,0,0,4.5,0,0,0,"9,000.00",SUCCESS,,,
18/08/2026 21:44,2.10242E+19,31088I21441628000100,1.22026E+17,MMQR_PAYMENT,2102 - KBZ OI,4203 - MMIV RI,Kaung Khant Kyaw,2.23737E+15,MRCTBANK,5499,KHIN HNIN WAI,9253007127,KHIN HNIN WAI,2.23756E+15,"11,700.00",0,0,0,5.85,0,0,0,"11,700.00",SUCCESS,,,
18/08/2026 21:41,2.10242E+19,31088I21413228000148,1.22026E+17,MMQR_PAYMENT,2102 - KBZ OI,4203 - MMIV RI,Maung Maung Tun,2.23737E+15,MRCTBANK,5499,Pa Hta Wi Ar Kar,9420558864,Pa Hta Wi Ar Kar,2.23756E+15,"467,500.00",0,0,0,233.75,0,0,0,"467,500.00",SUCCESS,,,
18/08/2026 21:41,2.10242E+19,31088I21405228000111,1.22026E+17,MMQR_PAYMENT,2102 - KBZ OI,4203 - MMIV RI,Phyu Thwe Hlaing,2.23737E+15,MRCTBANK,5499,KHIN HNIN WAI,9253007127,KHIN HNIN WAI,2.23756E+15,"100,000.00",0,0,0,50,0,0,0,"100,000.00",SUCCESS,,,
18/08/2026 21:40,2.10242E+19,31088I21405156000148,1.22026E+17,MMQR_PAYMENT,2102 - KBZ OI,4203 - MMIV RI,Maung Maung Tun,2.23737E+15,MRCTBANK,5499,Pa Hta Wi Ar Kar,9420558864,Pa Hta Wi Ar Kar,2.23756E+15,"480,000.00",0,0,0,240,0,0,0,"480,000.00",SUCCESS,,,
18/08/2026 21:40,2.10242E+19,31088I21403489000113,1.22026E+17,MMQR_PAYMENT,2102 - KBZ OI,4203 - MMIV RI,SHWE ZIN WIN,2.23737E+15,MRCTBANK,5499,Pyoe Mini Mart,9421083972,Pyoe Mini Mart,2.23756E+15,"2,700.00",0,0,0,1.35,0,0,0,"2,700.00",SUCCESS,,,
18/08/2026 21:37,2.10142E+19,AYA21016a8475114b94354ee6fdea01,1.22026E+17,MMQR_PAYMENT,2101 - AYA OI,4203 - MMIV RI,PHYU THWE HLAING,2.237E+15,MRCTBANK,5499,KHIN HNIN WAI,9253007127,KHIN HNIN WAI,2.23756E+15,"200,000.00",0,0,0,100,0,0,0,"200,000.00",SUCCESS,,,
18/08/2026 21:37,2.10342E+19,FT26231TZS0S,1.22026E+17,MMQR_PAYMENT,2103 - CB OI,4203 - MMIV RI,DAW MI CHO WIN,2.23772E+15,MRCTBANK,5499,Pa Hta Wi Ar Kar,9420558864,Pa Hta Wi Ar Kar,2.23756E+15,"10,500.00",0,0,0,5.25,0,0,0,"10,500.00",SUCCESS,,,
18/08/2026 21:35,2.10242E+19,31088I21352902000225,1.22026E+17,MMQR_PAYMENT,2102 - KBZ OI,4203 - MMIV RI,Ma Yee Mon Oo,2.23737E+15,MRCTBANK,5499,KHINE MYITTER,9789470438,KHINE MYITTER,2.23756E+15,"5,100.00",0,0,0,2.55,0,0,0,"5,100.00",SUCCESS,,,
18/08/2026 21:35,2.10242E+19,31088I21351635000259,1.22026E+17,MMQR_PAYMENT,2102 - KBZ OI,4203 - MMIV RI,Mg Zay Yar  Tun,2.23737E+15,MRCTBANK,5499,Pa Hta Wi Ar Kar,9420558864,Pa Hta Wi Ar Kar,2.23756E+15,"20,000.00",0,0,0,10,0,0,0,"20,000.00",SUCCESS,,,
18/08/2026 21:35,2.10242E+19,31088I21350335000103,1.22026E+17,MMQR_PAYMENT,2102 - KBZ OI,4203 - MMIV RI,DAW HLA SEIN,2.23737E+15,MRCTBANK,5499,Pa Hta Wi Ar Kar,9420558864,Pa Hta Wi Ar Kar,2.23756E+15,"490,000.00",0,0,0,245,0,0,0,"490,000.00",SUCCESS,,,
18/08/2026 21:35,2.10242E+19,31088I21350056000262,1.22026E+17,MMQR_PAYMENT,2102 - KBZ OI,4203 - MMIV RI,Shine Kyaw Kyaw Bo,2.23737E+15,MRCTBANK,5499,SAN THIT LWIN,9966431676,SAN THIT LWIN,2.23756E+15,"135,000.00",0,0,0,67.5,0,0,0,"135,000.00",SUCCESS,,,
18/08/2026 21:33,3.10142E+19,wm126885702857300714064,1.22026E+17,MMQR_PAYMENT,3101 - WAVE OI,4203 - MMIV RI,Nay Win Maung,2.23441E+15,MRCTBANK,5499,Pa Hta Wi Ar Kar,9420558864,Pa Hta Wi Ar Kar,2.23756E+15,"20,000.00",0,0,0,10,0,0,0,"20,000.00",SUCCESS,,,
18/08/2026 21:32,2.10242E+19,31088I21324028000148,1.22026E+17,MMQR_PAYMENT,2102 - KBZ OI,4203 - MMIV RI,Ma Mi Nar,2.23737E+15,MRCTBANK,5499,Pa Hta Wi Ar Kar,9420558864,Pa Hta Wi Ar Kar,2.23756E+15,"300,000.00",0,0,0,150,0,0,0,"300,000.00",SUCCESS,,,
18/08/2026 21:31,2.10242E+19,31088I21305656000133,1.22026E+17,MMQR_PAYMENT,2102 - KBZ OI,4203 - MMIV RI,SAI AUNG HTUN OO,2.23737E+15,MRCTBANK,5812,Eugenia Cafe,943200739,Eugenia Cafe,2.23756E+15,"60,350.00",301.75,138.8,162.95,30.18,0,0,108.62,"60,048.25",SUCCESS,,,
18/08/2026 21:30,2.10142E+19,AYA21016a847388d86308073da9e8b2,1.22026E+17,MMQR_PAYMENT,2101 - AYA OI,4203 - MMIV RI,SHINE WANNA,2.237E+15,MRCTBANK,5499,SAN THIT LWIN,9966431676,SAN THIT LWIN,2.23756E+15,"50,000.00",0,0,0,25,0,0,0,"50,000.00",SUCCESS,,,
18/08/2026 21:27,3.10142E+19,wm126882003692502104608,1.22026E+17,MMQR_PAYMENT,3101 - WAVE OI,4203 - MMIV RI,Tin Naing,2.23441E+15,MRCTBANK,5499,KHINE MYITTER,9789470438,KHINE MYITTER,2.23756E+15,"11,900.00",0,0,0,5.95,0,0,0,"11,900.00",SUCCESS,,,
18/08/2026 21:26,2.10242E+19,31088I21253656000244,1.22026E+17,MMQR_PAYMENT,2102 - KBZ OI,4203 - MMIV RI,ma mi cho win,2.23737E+15,MRCTBANK,5499,Pa Hta Wi Ar Kar,9420558864,Pa Hta Wi Ar Kar,2.23756E+15,"90,500.00",0,0,0,45.25,0,0,0,"90,500.00",SUCCESS,,,
18/08/2026 21:25,3.10142E+19,wm126880754081883408484,1.22026E+17,MMQR_PAYMENT,3101 - WAVE OI,4203 - MMIV RI,Khin Aung Than,2.23441E+15,MRCTBANK,5499,Pa Hta Wi Ar Kar,9420558864,Pa Hta Wi Ar Kar,2.23756E+15,"20,000.00",0,0,0,10,0,0,0,"20,000.00",SUCCESS,,,
18/08/2026 21:23,2.10242E+19,31088I21233635000158,1.22026E+17,MMQR_PAYMENT,2102 - KBZ OI,4203 - MMIV RI,Khine Zar Myo,2.23737E+15,MRCTBANK,5499,KHINE MYITTER,9789470438,KHINE MYITTER,2.23756E+15,"320,000.00",0,0,0,160,0,0,0,"320,000.00",SUCCESS,,,
18/08/2026 21:21,3.10142E+19,wm126878240674870359683,1.22026E+17,MMQR_PAYMENT,3101 - WAVE OI,4203 - MMIV RI,Mi Cho Win,2.23441E+15,MRCTBANK,5499,Pa Hta Wi Ar Kar,9420558864,Pa Hta Wi Ar Kar,2.23756E+15,"270,000.00",0,0,0,135,0,0,0,"270,000.00",SUCCESS,,,
18/08/2026 21:19,2.10242E+19,31088I21194856000151,1.22026E+17,MMQR_PAYMENT,2102 - KBZ OI,4203 - MMIV RI,Mg Paing Zay Ya,2.23737E+15,MRCTBANK,5812,Eugenia Cafe,943200739,Eugenia Cafe,2.23756E+15,"29,900.00",149.5,68.77,80.73,14.95,0,0,53.82,"29,750.50",SUCCESS,,,
18/08/2026 21:02,3.10142E+19,wm126867010006363513047,1.22026E+17,MMQR_PAYMENT,3101 - WAVE OI,4203 - MMIV RI,Khaing Zar Myo,2.23441E+15,MRCTBANK,5499,KHINE MYITTER,9789470438,KHINE MYITTER,2.23756E+15,"30,000.00",0,0,0,15,0,0,0,"30,000.00",SUCCESS,,,
18/08/2026 20:59,2.10242E+19,31088I20591289000159,1.22026E+17,MMQR_PAYMENT,2102 - KBZ OI,4203 - MMIV RI,Ye Htet Nyein,2.23737E+15,MRCTBANK,5499,Shwe Seisar,9664579991,Shwe Seisar,2.23756E+15,"1,200.00",0,0,0,0.6,0,0,0,"1,200.00",SUCCESS,,,
18/08/2026 20:57,2.10142E+19,AYA21016a846bcf5e95b8e432b66af2,1.22026E+17,MMQR_PAYMENT,2101 - AYA OI,4203 - MMIV RI,SHINE KYAW KYAW BO,2.237E+15,MRCTBANK,5499,SAN THIT LWIN,9966431676,SAN THIT LWIN,2.23756E+15,"5,000.00",0,0,0,2.5,0,0,0,"5,000.00",SUCCESS,,,
18/08/2026 20:56,2.10242E+19,31088I20560428000109,1.22026E+17,MMQR_PAYMENT,2102 - KBZ OI,4203 - MMIV RI,Daw Nwe Nwe Oo,2.23737E+15,MRCTBANK,5499,SAN THIT LWIN,9966431676,SAN THIT LWIN,2.23756E+15,"5,900.00",0,0,0,2.95,0,0,0,"5,900.00",SUCCESS,,,
18/08/2026 20:52,2.10142E+19,AYA21016a846ab257da8cc6637af556,1.22026E+17,MMQR_PAYMENT,2101 - AYA OI,4203 - MMIV RI,SHINE KYAW KYAW BO,2.237E+15,MRCTBANK,5499,SAN THIT LWIN,9966431676,SAN THIT LWIN,2.23756E+15,"7,000.00",0,0,0,3.5,0,0,0,"7,000.00",SUCCESS,,,
18/08/2026 20:52,2.10242E+19,31088I20523489000109,1.22026E+17,MMQR_PAYMENT,2102 - KBZ OI,4203 - MMIV RI,Daw Nwe Nwe Oo,2.23737E+15,MRCTBANK,5499,KHINE MYITTER,9789470438,KHINE MYITTER,2.23756E+15,"18,000.00",0,0,0,9,0,0,0,"18,000.00",SUCCESS,,,
18/08/2026 20:52,3.10142E+19,wm126860923860387254509,1.22026E+17,MMQR_PAYMENT,3101 - WAVE OI,4203 - MMIV RI,Shine Kyaw Kyaw Bo,2.23441E+15,MRCTBANK,5499,SAN THIT LWIN,9966431676,SAN THIT LWIN,2.23756E+15,"6,000.00",0,0,0,3,0,0,0,"6,000.00",SUCCESS,,,
18/08/2026 20:52,2.10242E+19,31088I20515935000162,1.22026E+17,MMQR_PAYMENT,2102 - KBZ OI,4203 - MMIV RI,Shine Kyaw Kyaw Bo,2.23737E+15,MRCTBANK,5499,SAN THIT LWIN,9966431676,SAN THIT LWIN,2.23756E+15,"6,000.00",0,0,0,3,0,0,0,"6,000.00",SUCCESS,,,
18/08/2026 20:50,3.10142E+19,wm63092483177464276404,1.22026E+17,MMQR_PAYMENT,3101 - WAVE OI,4203 - MMIV RI,Thant Sin Lin,2.23441E+15,MRCTBANK,5499,SAN THIT LWIN,9966431676,SAN THIT LWIN,2.23756E+15,"10,100.00",0,0,0,5.05,0,0,0,"10,100.00",SUCCESS,,,
18/08/2026 20:49,2.10242E+19,31088I20493343000135,1.22026E+17,MMQR_PAYMENT,2102 - KBZ OI,4203 - MMIV RI,ChanMyae,2.23737E+15,MRCTBANK,5499,Lucky Store,9795553574,Lucky Store,2.23756E+15,"2,500.00",0,0,0,1.25,0,0,0,"2,500.00",SUCCESS,,,
18/08/2026 20:44,2.10242E+19,31088I20443789000137,1.22026E+17,MMQR_PAYMENT,2102 - KBZ OI,4203 - MMIV RI,Aung Myo Linn,2.23737E+15,MRCTBANK,5499,SOUL COFFEE STUDIO,9421128983,SOUL COFFEE STUDIO,2.23756E+15,"9,000.00",0,0,0,4.5,0,0,0,"9,000.00",SUCCESS,,,
18/08/2026 20:41,3.10142E+19,wm126854480296340822562,1.22026E+17,MMQR_PAYMENT,3101 - WAVE OI,4203 - MMIV RI,Win Thandar Phyo,2.23441E+15,MRCTBANK,5499,Pa Hta Wi Ar Kar,9420558864,Pa Hta Wi Ar Kar,2.23756E+15,"80,000.00",0,0,0,40,0,0,0,"80,000.00",SUCCESS,,,
18/08/2026 20:41,2.10242E+19,31088I20405189000250,1.22026E+17,MMQR_PAYMENT,2102 - KBZ OI,4203 - MMIV RI,Daw Than Than Nwe,2.23737E+15,MRCTBANK,5499,Pa Hta Wi Ar Kar,9420558864,Pa Hta Wi Ar Kar,2.23756E+15,"390,000.00",0,0,0,195,0,0,0,"390,000.00",SUCCESS,,,
18/08/2026 20:30,2.10242E+19,31088I20302389000138,1.22026E+17,MMQR_PAYMENT,2102 - KBZ OI,4203 - MMIV RI,Thae Nu Nwe,2.23737E+15,MRCTBANK,5499,Moe San,9891371722,Moe San,2.23756E+15,"15,300.00",0,0,0,7.65,0,0,0,"15,300.00",SUCCESS,,,
18/08/2026 20:28,2.10242E+19,31088I20282202000109,1.22026E+17,MMQR_PAYMENT,2102 - KBZ OI,4203 - MMIV RI,Thet Htoo Han,2.23737E+15,MRCTBANK,5499,May Myanmar,9448098913,May Myanmar,2.23756E+15,"35,500.00",0,0,0,17.75,0,0,0,"35,500.00",SUCCESS,,,
18/08/2026 20:27,2.10242E+19,31088I20270528000115,1.22026E+17,MMQR_PAYMENT,2102 - KBZ OI,4203 - MMIV RI,MIN THANT KYAW ZIN,2.23737E+15,MRCTBANK,5499,Lucky Store,9795553574,Lucky Store,2.23756E+15,"18,000.00",0,0,0,9,0,0,0,"18,000.00",SUCCESS,,,
18/08/2026 20:19,2.10242E+19,31088I20191102000155,1.22026E+17,MMQR_PAYMENT,2102 - KBZ OI,4203 - MMIV RI,Htoo Khant Oo,2.23737E+15,MRCTBANK,5499,KHINE MYITTER,9789470438,KHINE MYITTER,2.23756E+15,"15,200.00",0,0,0,7.6,0,0,0,"15,200.00",SUCCESS,,,
18/08/2026 20:15,2.10242E+19,31088I20150135000135,1.22026E+17,MMQR_PAYMENT,2102 - KBZ OI,4203 - MMIV RI,Phyo Thinzar,2.23737E+15,MRCTBANK,5812,Eugenia Cafe,943200739,Eugenia Cafe,2.23756E+15,"76,100.00",380.5,175.03,205.47,38.05,0,0,136.98,"75,719.50",SUCCESS,,,
18/08/2026 20:14,2.10242E+19,31088I20140935000122,1.22026E+17,MMQR_PAYMENT,2102 - KBZ OI,4203 - MMIV RI,Oo Ko,2.23737E+15,MRCTBANK,5812,Eugenia Cafe,943200739,Eugenia Cafe,2.23756E+15,"96,600.00",483,222.18,260.82,48.3,0,0,173.88,"96,117.00",SUCCESS,,,
18/08/2026 20:13,2.10242E+19,31088I20131856000117,1.22026E+17,MMQR_PAYMENT,2102 - KBZ OI,4203 - MMIV RI,Thandar Aung,2.23737E+15,MRCTBANK,5499,SOUL COFFEE STUDIO,9421128983,SOUL COFFEE STUDIO,2.23756E+15,"4,500.00",0,0,0,2.25,0,0,0,"4,500.00",SUCCESS,,,
18/08/2026 20:10,2.10242E+19,31088I20103028000157,1.22026E+17,MMQR_PAYMENT,2102 - KBZ OI,4203 - MMIV RI,U Aung Htet Wai,2.23737E+15,MRCTBANK,5499,May Myanmar,9448098913,May Myanmar,2.23756E+15,"115,000.00",0,0,0,57.5,0,0,0,"115,000.00",SUCCESS,,,
18/08/2026 20:09,2.10242E+19,31088I20095202000125,1.22026E+17,MMQR_PAYMENT,2102 - KBZ OI,4203 - MMIV RI,THEIN HTET KYAW,2.23737E+15,MRCTBANK,5499,SEIN MITHARSU(2),9740011544,SEIN MITHARSU(2),2.23756E+15,"29,500.00",0,0,0,14.75,0,0,0,"29,500.00",SUCCESS,,,
18/08/2026 20:09,2.10242E+19,31088I20085156000140,1.22026E+17,MMQR_PAYMENT,2102 - KBZ OI,4203 - MMIV RI,NWE NWE WIN,2.23737E+15,MRCTBANK,5499,KHINE MYITTER,9789470438,KHINE MYITTER,2.23756E+15,"5,000.00",0,0,0,2.5,0,0,0,"5,000.00",SUCCESS,,,
18/08/2026 20:08,2.10242E+19,31088I20084002000159,1.22026E+17,MMQR_PAYMENT,2102 - KBZ OI,4203 - MMIV RI,Thi Ha Naing,2.23737E+15,MRCTBANK,5499,PO PO PHARMACY,9266367096,PO PO PHARMACY,2.23756E+15,"9,000.00",0,0,0,4.5,0,0,0,"9,000.00",SUCCESS,,,
18/08/2026 20:08,2.10242E+19,31088I20080335000212,1.22026E+17,MMQR_PAYMENT,2102 - KBZ OI,4203 - MMIV RI,hmue pyae sone htun,2.23737E+15,MRCTBANK,5499,IC 2,9959533636,IC 2,2.23756E+15,"40,000.00",0,0,0,20,0,0,0,"40,000.00",SUCCESS,,,
18/08/2026 20:06,3.10142E+19,wm126833201458998126722,1.22026E+17,MMQR_PAYMENT,3101 - WAVE OI,4203 - MMIV RI,Ye Yint Naing,2.23441E+15,MRCTBANK,5499,IC 2,9959533636,IC 2,2.23756E+15,"10,100.00",0,0,0,5.05,0,0,0,"10,100.00",SUCCESS,,,
18/08/2026 20:05,2.10242E+19,31088I20053043000145,1.22026E+17,MMQR_PAYMENT,2102 - KBZ OI,4203 - MMIV RI,U Maung Win Aye,2.23737E+15,MRCTBANK,5499,Quartz Tun Tun,9254396307,Quartz Tun Tun,2.23756E+15,"92,200.00",0,0,0,46.1,0,0,0,"92,200.00",SUCCESS,,,
18/08/2026 20:05,2.10242E+19,31088I20051528000233,1.22026E+17,MMQR_PAYMENT,2102 - KBZ OI,4203 - MMIV RI,Mg Myo Thant,2.23737E+15,MRCTBANK,5499,A.S.K,95156238,A.S.K,2.23756E+15,"500,000.00",0,0,0,250,0,0,0,"500,000.00",SUCCESS,,,
18/08/2026 20:01,2.10242E+19,31088I20010335000209,1.22026E+17,MMQR_PAYMENT,2102 - KBZ OI,4203 - MMIV RI,Mg Phoe Lin,2.23737E+15,MRCTBANK,5499,IC 2,9959533636,IC 2,2.23756E+15,"60,000.00",0,0,0,30,0,0,0,"60,000.00",SUCCESS,,,
18/08/2026 20:00,2.10242E+19,31088I19595889000305,1.22026E+17,MMQR_PAYMENT,2102 - KBZ OI,4203 - MMIV RI,Daw Zar Chi Thaung,2.23737E+15,MRCTBANK,5499,A.S.K,95156238,A.S.K,2.23756E+15,"80,300.00",0,0,0,40.15,0,0,0,"80,300.00",SUCCESS,,,
18/08/2026 19:57,2.10342E+19,FT2623108MDD,1.22026E+17,MMQR_PAYMENT,2103 - CB OI,4203 - MMIV RI,NI TAR KYAW,2.23772E+15,MRCTBANK,5499,Soe Soe,9691141588,Soe Soe,2.23756E+15,"402,000.00",0,0,0,201,0,0,0,"402,000.00",SUCCESS,,,
18/08/2026 19:56,3.10142E+19,wm126827179555839126482,1.22026E+17,MMQR_PAYMENT,3101 - WAVE OI,4203 - MMIV RI,Zin Maw Lwin,2.23441E+15,MRCTBANK,5499,Moe San,9891371722,Moe San,2.23756E+15,"100,000.00",0,0,0,50,0,0,0,"100,000.00",SUCCESS,,,
18/08/2026 19:53,2.10242E+19,31088I19530556000131,1.22026E+17,MMQR_PAYMENT,2102 - KBZ OI,4203 - MMIV RI,Saw Joy Si,2.23737E+15,MRCTBANK,5499,ANGEL,9968970070,ANGEL,2.23756E+15,"22,000.00",0,0,0,11,0,0,0,"22,000.00",SUCCESS,,,
18/08/2026 19:52,2.10242E+19,31088I19522789000121,1.22026E+17,MMQR_PAYMENT,2102 - KBZ OI,4203 - MMIV RI,Nay win htay,2.23737E+15,MRCTBANK,5499,La Woon Store,9763013719,La Woon Store,2.23756E+15,"10,100.00",0,0,0,5.05,0,0,0,"10,100.00",SUCCESS,,,
18/08/2026 19:45,3.10142E+19,wm126821009992435459141,1.22026E+17,MMQR_PAYMENT,3101 - WAVE OI,4203 - MMIV RI,Hla Myint Aye,2.23441E+15,MRCTBANK,5499,PYI SONE WIN PHONE STORE,9770050552,PYI SONE WIN PHONE STORE,2.23756E+15,"100,000.00",0,0,0,50,0,0,0,"100,000.00",SUCCESS,,,
18/08/2026 19:43,3.10142E+19,wm126819689188455039962,1.22026E+17,MMQR_PAYMENT,3101 - WAVE OI,4203 - MMIV RI,Khaing Zin Wai,2.23441E+15,MRCTBANK,5499,Moe San,9891371722,Moe San,2.23756E+15,"200,000.00",0,0,0,100,0,0,0,"200,000.00",SUCCESS,,,
18/08/2026 19:42,2.10242E+19,31088I19422743000103,1.22026E+17,MMQR_PAYMENT,2102 - KBZ OI,4203 - MMIV RI,THEIN THEIN AYE,2.23737E+15,MRCTBANK,5499,Moe San,9891371722,Moe San,2.23756E+15,"252,500.00",0,0,0,126.25,0,0,0,"252,500.00",SUCCESS,,,
18/08/2026 19:38,2.10242E+19,31088I19381656000238,1.22026E+17,MMQR_PAYMENT,2102 - KBZ OI,4203 - MMIV RI,MA NWAY YADANAR KYAW,2.23737E+15,MRCTBANK,5499,May Myanmar,9448098913,May Myanmar,2.23756E+15,"5,000.00",0,0,0,2.5,0,0,0,"5,000.00",SUCCESS,,,
18/08/2026 19:37,2.10242E+19,31088I19371789000263,1.22026E+17,MMQR_PAYMENT,2102 - KBZ OI,4203 - MMIV RI,Ma Shwe Yi Win Lae,2.23737E+15,MRCTBANK,5499,SOUL COFFEE STUDIO,9421128983,SOUL COFFEE STUDIO,2.23756E+15,"11,500.00",0,0,0,5.75,0,0,0,"11,500.00",SUCCESS,,,
18/08/2026 19:37,2.10242E+19,31088I19371435000163,1.22026E+17,MMQR_PAYMENT,2102 - KBZ OI,4203 - MMIV RI,Ma Su Myat Naing Oo,2.23737E+15,MRCTBANK,5499,KHINE MYITTER,9789470438,KHINE MYITTER,2.23756E+15,"50,500.00",0,0,0,25.25,0,0,0,"50,500.00",SUCCESS,,,
18/08/2026 19:33,2.10242E+19,31088I19333802000141,1.22026E+17,MMQR_PAYMENT,2102 - KBZ OI,4203 - MMIV RI,Thu Rein Soe,2.23737E+15,MRCTBANK,5499,La Woon Store,9763013719,La Woon Store,2.23756E+15,"70,000.00",0,0,0,35,0,0,0,"70,000.00",SUCCESS,,,
18/08/2026 19:29,2.10242E+19,31088I19294789000101,1.22026E+17,MMQR_PAYMENT,2102 - KBZ OI,4203 - MMIV RI,Ma Moe Moe khaing,2.23737E+15,MRCTBANK,5499,KHIT,9795209908,KHIT,2.23756E+15,"8,300.00",0,0,0,4.15,0,0,0,"8,300.00",SUCCESS,,,
18/08/2026 19:27,2.10242E+19,31088I19265435000227,1.22026E+17,MMQR_PAYMENT,2102 - KBZ OI,4203 - MMIV RI,Han Thi Htoo,2.23737E+15,MRCTBANK,5499,KHIT YOE YAR,9792262224,KHIT YOE YAR,2.23756E+15,"13,300.00",0,0,0,6.65,0,0,0,"13,300.00",SUCCESS,,,
18/08/2026 19:25,2.10242E+19,31088I19253343000113,1.22026E+17,MMQR_PAYMENT,2102 - KBZ OI,4203 - MMIV RI,HTET HTET OO MYINT,2.23737E+15,MRCTBANK,5812,Eugenia Cafe,943200739,Eugenia Cafe,2.23756E+15,"101,850.00",509.25,234.25,275,50.93,0,0,183.32,"101,340.75",SUCCESS,,,
18/08/2026 19:24,3.10142E+19,wm63041012971759445189,1.22026E+17,MMQR_PAYMENT,3101 - WAVE OI,4203 - MMIV RI,Pyae Phyo Wai,2.23441E+15,MRCTBANK,5499,IC 2,9959533636,IC 2,2.23756E+15,"15,000.00",0,0,0,7.5,0,0,0,"15,000.00",SUCCESS,,,
18/08/2026 19:24,2.10242E+19,31088I19244943000123,1.22026E+17,MMQR_PAYMENT,2102 - KBZ OI,4203 - MMIV RI,Pyae Phyo Khaing,2.23737E+15,MRCTBANK,5499,Moe San,9891371722,Moe San,2.23756E+15,"10,000.00",0,0,0,5,0,0,0,"10,000.00",SUCCESS,,,
18/08/2026 19:18,2.10142E+19,AYA21016a8454b4057a0c072f79b1b3,1.22026E+17,MMQR_PAYMENT,2101 - AYA OI,4203 - MMIV RI,EI MYAT NOE THU,2.237E+15,MRCTBANK,5812,Eugenia Cafe,943200739,Eugenia Cafe,2.23756E+15,"119,700.00",598.5,275.31,323.19,59.85,0,0,215.46,"119,101.50",SUCCESS,,,
18/08/2026 19:18,2.10242E+19,31088I19182343000111,1.22026E+17,MMQR_PAYMENT,2102 - KBZ OI,4203 - MMIV RI,Roi Ja,2.23737E+15,MRCTBANK,5499,ANGEL,9968970070,ANGEL,2.23756E+15,"7,000.00",0,0,0,3.5,0,0,0,"7,000.00",SUCCESS,,,
18/08/2026 19:18,2.10242E+19,31088I19182456000120,1.22026E+17,MMQR_PAYMENT,2102 - KBZ OI,4203 - MMIV RI,LWIN MOE MYINT,2.23737E+15,MRCTBANK,5499,A.S.K,95156238,A.S.K,2.23756E+15,"20,300.00",0,0,0,10.15,0,0,0,"20,300.00",SUCCESS,,,
18/08/2026 19:18,2.10242E+19,31088I19181935000213,1.22026E+17,MMQR_PAYMENT,2102 - KBZ OI,4203 - MMIV RI,MgSawBwarKyaw,2.23737E+15,MRCTBANK,5499,SAN THIT LWIN,9966431676,SAN THIT LWIN,2.23756E+15,"20,000.00",0,0,0,10,0,0,0,"20,000.00",SUCCESS,,,
18/08/2026 19:11,2.10242E+19,31088I19110002000128,1.22026E+17,MMQR_PAYMENT,2102 - KBZ OI,4203 - MMIV RI,Tat Nay Lin,2.23737E+15,MRCTBANK,5499,KHINE MYITTER,9789470438,KHINE MYITTER,2.23756E+15,"50,500.00",0,0,0,25.25,0,0,0,"50,500.00",SUCCESS,,,
18/08/2026 19:10,2.10242E+19,31088I19103828000144,1.22026E+17,MMQR_PAYMENT,2102 - KBZ OI,4203 - MMIV RI,DAW KYANG HTANT,2.23737E+15,MRCTBANK,5499,SOUL COFFEE STUDIO,9421128983,SOUL COFFEE STUDIO,2.23756E+15,"18,000.00",0,0,0,9,0,0,0,"18,000.00",SUCCESS,,,
18/08/2026 19:10,2.10242E+19,31088I19101056000128,1.22026E+17,MMQR_PAYMENT,2102 - KBZ OI,4203 - MMIV RI,Tat Nay Lin,2.23737E+15,MRCTBANK,5499,KHINE MYITTER,9789470438,KHINE MYITTER,2.23756E+15,"50,000.00",0,0,0,25,0,0,0,"50,000.00",SUCCESS,,,
18/08/2026 19:09,2.10242E+19,31088I19093035000101,1.22026E+17,MMQR_PAYMENT,2102 - KBZ OI,4203 - MMIV RI,aye soe paing,2.23737E+15,MRCTBANK,5499,May Myanmar,9448098913,May Myanmar,2.23756E+15,"3,500.00",0,0,0,1.75,0,0,0,"3,500.00",SUCCESS,,,
18/08/2026 19:07,2.10242E+19,31088I19073535000157,1.22026E+17,MMQR_PAYMENT,2102 - KBZ OI,4203 - MMIV RI,Naw Htoo Say Wah,2.23737E+15,MRCTBANK,5499,San Cherry Electronic,9452241144,San Cherry Electronic,2.23756E+15,"200,000.00",0,0,0,100,0,0,0,"200,000.00",SUCCESS,,,
18/08/2026 19:07,3.10142E+19,wm126797876453041688859,1.22026E+17,MMQR_PAYMENT,3101 - WAVE OI,4203 - MMIV RI,Khin San Nwe,2.23441E+15,MRCTBANK,5499,MARIO,9964152596,MARIO,2.23756E+15,"20,000.00",0,0,0,10,0,0,0,"20,000.00",SUCCESS,,,
18/08/2026 19:00,2.10542E+19,E2E223767202608181900040546490384,1.22026E+17,MMQR_PAYMENT,2105 - UAB OI,4203 - MMIV RI,Nadi Moe Oo,2.23768E+15,MRCTBANK,5499,Quartz Tun Tun,9254396307,Quartz Tun Tun,2.23756E+15,"200,000.00",0,0,0,100,0,0,0,"200,000.00",SUCCESS,,,
18/08/2026 18:57,2.10242E+19,31088I18573956000231,1.22026E+17,MMQR_PAYMENT,2102 - KBZ OI,4203 - MMIV RI,U Win Bo,2.23737E+15,MRCTBANK,5499,Tun Win Kyaw Electronic,9785686985,Tun Win Kyaw Electronic,2.23756E+15,"5,000.00",0,0,0,2.5,0,0,0,"5,000.00",SUCCESS,,,
18/08/2026 18:56,2.10242E+19,31088I18560543000140,1.22026E+17,MMQR_PAYMENT,2102 - KBZ OI,4203 - MMIV RI,Ye Kyaw Thein,2.23737E+15,MRCTBANK,5499,IC 2,9959533636,IC 2,2.23756E+15,"50,000.00",0,0,0,25,0,0,0,"50,000.00",SUCCESS,,,
18/08/2026 18:56,2.10242E+19,31088I18555489000249,1.22026E+17,MMQR_PAYMENT,2102 - KBZ OI,4203 - MMIV RI,Zarni Phyo,2.23737E+15,MRCTBANK,5499,KHINE MYITTER,9789470438,KHINE MYITTER,2.23756E+15,"100,500.00",0,0,0,50.25,0,0,0,"100,500.00",SUCCESS,,,
18/08/2026 18:54,2.10242E+19,31088I18545028000106,1.22026E+17,MMQR_PAYMENT,2102 - KBZ OI,4203 - MMIV RI,U J Ko Ko Oo,2.23737E+15,MRCTBANK,5499,ANGEL,9968970070,ANGEL,2.23756E+15,"61,600.00",0,0,0,30.8,0,0,0,"61,600.00",SUCCESS,,,
18/08/2026 18:53,2.10242E+19,31088I18532643000255,1.22026E+17,MMQR_PAYMENT,2102 - KBZ OI,4203 - MMIV RI,Kyaw Swar Phyo,2.23737E+15,MRCTBANK,5812,Eugenia Cafe,943200739,Eugenia Cafe,2.23756E+15,"104,475.00",522.38,240.3,282.08,52.24,0,0,188.06,"103,952.62",SUCCESS,,,
18/08/2026 18:52,2.10242E+19,31088I18521402000202,1.22026E+17,MMQR_PAYMENT,2102 - KBZ OI,4203 - MMIV RI,Ma Aye Thidar Khine,2.23737E+15,MRCTBANK,5499,May Myanmar,9448098913,May Myanmar,2.23756E+15,"400,000.00",0,0,0,200,0,0,0,"400,000.00",SUCCESS,,,
18/08/2026 18:51,2.10242E+19,31088I18514202000102,1.22026E+17,MMQR_PAYMENT,2102 - KBZ OI,4203 - MMIV RI,Ma Aye Thidar Khine,2.23737E+15,MRCTBANK,5499,May Myanmar,9448098913,May Myanmar,2.23756E+15,"500,000.00",0,0,0,250,0,0,0,"500,000.00",SUCCESS,,,
18/08/2026 18:50,2.10242E+19,31088I18503056000202,1.22026E+17,MMQR_PAYMENT,2102 - KBZ OI,4203 - MMIV RI,Ma Aye Thidar Khine,2.23737E+15,MRCTBANK,5499,May Myanmar,9448098913,May Myanmar,2.23756E+15,"500,000.00",0,0,0,250,0,0,0,"500,000.00",SUCCESS,,,
18/08/2026 18:49,2.10242E+19,31088I18495102000102,1.22026E+17,MMQR_PAYMENT,2102 - KBZ OI,4203 - MMIV RI,Ma Aye Thidar Khine,2.23737E+15,MRCTBANK,5499,May Myanmar,9448098913,May Myanmar,2.23756E+15,"500,000.00",0,0,0,250,0,0,0,"500,000.00",SUCCESS,,,
18/08/2026 18:49,2.10242E+19,31088I18490656000302,1.22026E+17,MMQR_PAYMENT,2102 - KBZ OI,4203 - MMIV RI,Ma Aye Thidar Khine,2.23737E+15,MRCTBANK,5499,May Myanmar,9448098913,May Myanmar,2.23756E+15,"500,000.00",0,0,0,250,0,0,0,"500,000.00",SUCCESS,,,
18/08/2026 18:48,2.10242E+19,31088I18481102000102,1.22026E+17,MMQR_PAYMENT,2102 - KBZ OI,4203 - MMIV RI,Ma Aye Thidar Khine,2.23737E+15,MRCTBANK,5499,May Myanmar,9448098913,May Myanmar,2.23756E+15,"500,000.00",0,0,0,250,0,0,0,"500,000.00",SUCCESS,,,
18/08/2026 18:46,2.10242E+19,31088I18455343000163,1.22026E+17,MMQR_PAYMENT,2102 - KBZ OI,4203 - MMIV RI,Maung Aung Myo Htike,2.23737E+15,MRCTBANK,5499,IC 2,9959533636,IC 2,2.23756E+15,"50,500.00",0,0,0,25.25,0,0,0,"50,500.00",SUCCESS,,,
18/08/2026 18:45,2.10742E+19,210720260818184551623692991a2859511,1.22026E+17,MMQR_PAYMENT,2107 - YOMA OI,4203 - MMIV RI,U SAW HTET NAY LIN KYAW,2.23699E+15,MRCTBANK,5499,Johnnie Liquor Store,9782540815,Johnnie Liquor Store,2.23756E+15,"4,000.00",0,0,0,2,0,0,0,"4,000.00",SUCCESS,,,
18/08/2026 18:45,2.10242E+19,31088I18454202000205,1.22026E+17,MMQR_PAYMENT,2102 - KBZ OI,4203 - MMIV RI,Moe Moe Swe,2.23737E+15,MRCTBANK,5812,Eugenia Cafe,943200739,Eugenia Cafe,2.23756E+15,"33,600.00",168,77.28,90.72,16.8,0,0,60.48,"33,432.00",SUCCESS,,,
18/08/2026 18:43,2.10242E+19,31088I18434789000111,1.22026E+17,MMQR_PAYMENT,2102 - KBZ OI,4203 - MMIV RI,KAUNG KHANT,2.23737E+15,MRCTBANK,5499,ANGEL,9968970070,ANGEL,2.23756E+15,"10,000.00",0,0,0,5,0,0,0,"10,000.00",SUCCESS,,,
18/08/2026 18:41,2.10242E+19,31088I18412643000248,1.22026E+17,MMQR_PAYMENT,2102 - KBZ OI,4203 - MMIV RI,zayar lin,2.23737E+15,MRCTBANK,5499,May Myanmar,9448098913,May Myanmar,2.23756E+15,"27,500.00",0,0,0,13.75,0,0,0,"27,500.00",SUCCESS,,,
18/08/2026 18:38,2.10142E+19,AYA21016a844b4908bf6d8741d0afb6,1.22026E+17,MMQR_PAYMENT,2101 - AYA OI,4203 - MMIV RI,KHIN HSU MON WIN,2.237E+15,MRCTBANK,5499,IC 2,9959533636,IC 2,2.23756E+15,"50,000.00",0,0,0,25,0,0,0,"50,000.00",SUCCESS,,,
18/08/2026 18:36,3.10142E+19,wm126779592292119636475,1.22026E+17,MMQR_PAYMENT,3101 - WAVE OI,4203 - MMIV RI,La Min Ko Ko,2.23441E+15,MRCTBANK,5499,A.S.K,95156238,A.S.K,2.23756E+15,"45,000.00",0,0,0,22.5,0,0,0,"45,000.00",SUCCESS,,,
18/08/2026 18:32,2.10242E+19,31088I18315843000109,1.22026E+17,MMQR_PAYMENT,2102 - KBZ OI,4203 - MMIV RI,U ZAW MIN HEIN,2.23737E+15,MRCTBANK,5499,LAMIN THAR,9765787858,LAMIN THAR,2.23756E+15,"9,300.00",0,0,0,4.65,0,0,0,"9,300.00",SUCCESS,,,
18/08/2026 18:31,2.10242E+19,31088I18314389000133,1.22026E+17,MMQR_PAYMENT,2102 - KBZ OI,4203 - MMIV RI,Akarit Mann,2.23737E+15,MRCTBANK,5499,PO PO PHARMACY,9266367096,PO PO PHARMACY,2.23756E+15,"10,500.00",0,0,0,5.25,0,0,0,"10,500.00",SUCCESS,,,
18/08/2026 18:28,2.10242E+19,31088I18280489000163,1.22026E+17,MMQR_PAYMENT,2102 - KBZ OI,4203 - MMIV RI,U Thura Tun,2.23737E+15,MRCTBANK,5812,Eugenia Cafe,943200739,Eugenia Cafe,2.23756E+15,"31,000.00",155,71.3,83.7,15.5,0,0,55.8,"30,845.00",SUCCESS,,,
18/08/2026 18:27,2.10142E+19,AYA21016a8448af89311d236f168637,1.22026E+17,MMQR_PAYMENT,2101 - AYA OI,4203 - MMIV RI,THEIN THAN MIN,2.237E+15,MRCTBANK,5499,IC 2,9959533636,IC 2,2.23756E+15,"30,300.00",0,0,0,15.15,0,0,0,"30,300.00",SUCCESS,,,
18/08/2026 18:27,2.10242E+19,31088I18270589000113,1.22026E+17,MMQR_PAYMENT,2102 - KBZ OI,4203 - MMIV RI,Thiha Zaw,2.23737E+15,MRCTBANK,5499,Pyoe Mini Mart,9421083972,Pyoe Mini Mart,2.23756E+15,"2,500.00",0,0,0,1.25,0,0,0,"2,500.00",SUCCESS,,,
18/08/2026 18:25,2.10242E+19,31088I18245356000406,1.22026E+17,MMQR_PAYMENT,2102 - KBZ OI,4203 - MMIV RI,Thiri Nandar,2.23737E+15,MRCTBANK,5812,Eugenia Cafe,943200739,Eugenia Cafe,2.23756E+15,"74,550.00",372.75,171.46,201.29,37.28,0,0,134.18,"74,177.25",SUCCESS,,,
18/08/2026 18:20,2.10242E+19,31088I18201435000227,1.22026E+17,MMQR_PAYMENT,2102 - KBZ OI,4203 - MMIV RI,Thetngonphoo,2.23737E+15,MRCTBANK,5499,LAMIN THAR,9765787858,LAMIN THAR,2.23756E+15,"2,400.00",0,0,0,1.2,0,0,0,"2,400.00",SUCCESS,,,
18/08/2026 18:17,2.10242E+19,31088I18165643000124,1.22026E+17,MMQR_PAYMENT,2102 - KBZ OI,4203 - MMIV RI,Daw Hla Kyi,2.23737E+15,MRCTBANK,5499,A.S.K,95156238,A.S.K,2.23756E+15,"100,000.00",0,0,0,50,0,0,0,"100,000.00",SUCCESS,,,
18/08/2026 18:15,2.10242E+19,31088I18152089000149,1.22026E+17,MMQR_PAYMENT,2102 - KBZ OI,4203 - MMIV RI,May Thet Khine,2.23737E+15,MRCTBANK,5812,Eugenia Cafe,943200739,Eugenia Cafe,2.23756E+15,"32,550.00",162.75,74.86,87.89,16.28,0,0,58.58,"32,387.25",SUCCESS,,,
18/08/2026 18:12,3.10142E+19,wm126764774448068938826,1.22026E+17,MMQR_PAYMENT,3101 - WAVE OI,4203 - MMIV RI,Thet Hay Marn Win,2.23441E+15,MRCTBANK,5499,IC 2,9959533636,IC 2,2.23756E+15,"30,000.00",0,0,0,15,0,0,0,"30,000.00",SUCCESS,,,
18/08/2026 18:11,2.10242E+19,31088I18112902000256,1.22026E+17,MMQR_PAYMENT,2102 - KBZ OI,4203 - MMIV RI,Yan lin kyal,2.23737E+15,MRCTBANK,5499,LAMIN THAR,9765787858,LAMIN THAR,2.23756E+15,"2,000.00",0,0,0,1,0,0,0,"2,000.00",SUCCESS,,,
18/08/2026 18:10,2.10242E+19,31088I18102956000208,1.22026E+17,MMQR_PAYMENT,2102 - KBZ OI,4203 - MMIV RI,Bhone thet paing,2.23737E+15,MRCTBANK,5499,SOE THIT SAN MOBILE SHOP,9790712555,SOE THIT SAN MOBILE SHOP,2.23756E+15,"5,000.00",0,0,0,2.5,0,0,0,"5,000.00",SUCCESS,,,
18/08/2026 18:10,2.10242E+19,31088I18101943000208,1.22026E+17,MMQR_PAYMENT,2102 - KBZ OI,4203 - MMIV RI,Bhone thet paing,2.23737E+15,MRCTBANK,5499,SOE THIT SAN MOBILE SHOP,9790712555,SOE THIT SAN MOBILE SHOP,2.23756E+15,"5,000.00",0,0,0,2.5,0,0,0,"5,000.00",SUCCESS,,,
18/08/2026 18:10,2.10242E+19,31088I18100802000208,1.22026E+17,MMQR_PAYMENT,2102 - KBZ OI,4203 - MMIV RI,Bhone thet paing,2.23737E+15,MRCTBANK,5499,SOE THIT SAN MOBILE SHOP,9790712555,SOE THIT SAN MOBILE SHOP,2.23756E+15,"5,000.00",0,0,0,2.5,0,0,0,"5,000.00",SUCCESS,,,
18/08/2026 18:10,3.10142E+19,wm126763595325049696464,1.22026E+17,MMQR_PAYMENT,3101 - WAVE OI,4203 - MMIV RI,Wanna Kyaw,2.23441E+15,MRCTBANK,5499,Pa Hta Wi Ar Kar,9420558864,Pa Hta Wi Ar Kar,2.23756E+15,"70,000.00",0,0,0,35,0,0,0,"70,000.00",SUCCESS,,,
18/08/2026 18:10,2.10242E+19,31088I18095702000108,1.22026E+17,MMQR_PAYMENT,2102 - KBZ OI,4203 - MMIV RI,Bhone thet paing,2.23737E+15,MRCTBANK,5499,SOE THIT SAN MOBILE SHOP,9790712555,SOE THIT SAN MOBILE SHOP,2.23756E+15,"5,000.00",0,0,0,2.5,0,0,0,"5,000.00",SUCCESS,,,
18/08/2026 18:10,2.10242E+19,31088I18095443000231,1.22026E+17,MMQR_PAYMENT,2102 - KBZ OI,4203 - MMIV RI,U HLA SEIN,2.23737E+15,MRCTBANK,5499,SEIN MITHARSU(2),9740011544,SEIN MITHARSU(2),2.23756E+15,"50,000.00",0,0,0,25,0,0,0,"50,000.00",SUCCESS,,,
18/08/2026 18:09,2.10242E+19,31088I18094602000108,1.22026E+17,MMQR_PAYMENT,2102 - KBZ OI,4203 - MMIV RI,Bhone thet paing,2.23737E+15,MRCTBANK,5499,SOE THIT SAN MOBILE SHOP,9790712555,SOE THIT SAN MOBILE SHOP,2.23756E+15,"5,000.00",0,0,0,2.5,0,0,0,"5,000.00",SUCCESS,,,
18/08/2026 18:09,2.10242E+19,31088I18093656000108,1.22026E+17,MMQR_PAYMENT,2102 - KBZ OI,4203 - MMIV RI,Bhone thet paing,2.23737E+15,MRCTBANK,5499,SOE THIT SAN MOBILE SHOP,9790712555,SOE THIT SAN MOBILE SHOP,2.23756E+15,"5,000.00",0,0,0,2.5,0,0,0,"5,000.00",SUCCESS,,,
18/08/2026 18:09,2.10242E+19,31088I18093443000131,1.22026E+17,MMQR_PAYMENT,2102 - KBZ OI,4203 - MMIV RI,U HLA SEIN,2.23737E+15,MRCTBANK,5499,SEIN MITHARSU(2),9740011544,SEIN MITHARSU(2),2.23756E+15,"50,000.00",0,0,0,25,0,0,0,"50,000.00",SUCCESS,,,
18/08/2026 18:09,2.10242E+19,31088I18092689000108,1.22026E+17,MMQR_PAYMENT,2102 - KBZ OI,4203 - MMIV RI,Bhone thet paing,2.23737E+15,MRCTBANK,5499,SOE THIT SAN MOBILE SHOP,9790712555,SOE THIT SAN MOBILE SHOP,2.23756E+15,"5,000.00",0,0,0,2.5,0,0,0,"5,000.00",SUCCESS,,,
18/08/2026 18:09,2.10242E+19,31088I18092343000431,1.22026E+17,MMQR_PAYMENT,2102 - KBZ OI,4203 - MMIV RI,U HLA SEIN,2.23737E+15,MRCTBANK,5499,SEIN MITHARSU(2),9740011544,SEIN MITHARSU(2),2.23756E+15,"50,000.00",0,0,0,25,0,0,0,"50,000.00",SUCCESS,,,
18/08/2026 18:09,2.10242E+19,31088I18091735000104,1.22026E+17,MMQR_PAYMENT,2102 - KBZ OI,4203 - MMIV RI,U Tun Tun Oo,2.23737E+15,MRCTBANK,5499,Pa Hta Wi Ar Kar,9420558864,Pa Hta Wi Ar Kar,2.23756E+15,"285,000.00",0,0,0,142.5,0,0,0,"285,000.00",SUCCESS,,,
18/08/2026 18:09,2.10242E+19,31088I18091389000131,1.22026E+17,MMQR_PAYMENT,2102 - KBZ OI,4203 - MMIV RI,U HLA SEIN,2.23737E+15,MRCTBANK,5499,SEIN MITHARSU(2),9740011544,SEIN MITHARSU(2),2.23756E+15,"50,000.00",0,0,0,25,0,0,0,"50,000.00",SUCCESS,,,
18/08/2026 18:09,2.10242E+19,31088I18085843000131,1.22026E+17,MMQR_PAYMENT,2102 - KBZ OI,4203 - MMIV RI,U HLA SEIN,2.23737E+15,MRCTBANK,5499,SEIN MITHARSU(2),9740011544,SEIN MITHARSU(2),2.23756E+15,"50,000.00",0,0,0,25,0,0,0,"50,000.00",SUCCESS,,,
18/08/2026 18:08,2.10242E+19,31088I18084356000108,1.22026E+17,MMQR_PAYMENT,2102 - KBZ OI,4203 - MMIV RI,Bhone thet paing,2.23737E+15,MRCTBANK,5499,SOE THIT SAN MOBILE SHOP,9790712555,SOE THIT SAN MOBILE SHOP,2.23756E+15,"5,000.00",0,0,0,2.5,0,0,0,"5,000.00",SUCCESS,,,
18/08/2026 18:08,2.10242E+19,31088I18083302000108,1.22026E+17,MMQR_PAYMENT,2102 - KBZ OI,4203 - MMIV RI,Bhone thet paing,2.23737E+15,MRCTBANK,5499,SOE THIT SAN MOBILE SHOP,9790712555,SOE THIT SAN MOBILE SHOP,2.23756E+15,"5,000.00",0,0,0,2.5,0,0,0,"5,000.00",SUCCESS,,,
18/08/2026 18:08,3.10142E+19,wm126762605702182559606,1.22026E+17,MMQR_PAYMENT,3101 - WAVE OI,4203 - MMIV RI,Naing Thu Lwin,2.23441E+15,MRCTBANK,5499,IC 2,9959533636,IC 2,2.23756E+15,"30,300.00",0,0,0,15.15,0,0,0,"30,300.00",SUCCESS,,,
18/08/2026 18:08,2.10242E+19,31088I18081589000108,1.22026E+17,MMQR_PAYMENT,2102 - KBZ OI,4203 - MMIV RI,Bhone thet paing,2.23737E+15,MRCTBANK,5499,SOE THIT SAN MOBILE SHOP,9790712555,SOE THIT SAN MOBILE SHOP,2.23756E+15,"5,000.00",0,0,0,2.5,0,0,0,"5,000.00",SUCCESS,,,
18/08/2026 18:07,2.10242E+19,31088I18074802000412,1.22026E+17,MMQR_PAYMENT,2102 - KBZ OI,4203 - MMIV RI,Thein Zaw Win,2.23737E+15,MRCTBANK,5499,DAW KYIN SHWE,95151480,DAW KYIN SHWE,2.23756E+15,"101,000.00",0,0,0,50.5,0,0,0,"101,000.00",SUCCESS,,,
18/08/2026 18:07,3.10142E+19,wm126762028205893293705,1.22026E+17,MMQR_PAYMENT,3101 - WAVE OI,4203 - MMIV RI,NiLar Aung,2.23441E+15,MRCTBANK,5499,SEIN MITHARSU(2),9740011544,SEIN MITHARSU(2),2.23756E+15,"25,000.00",0,0,0,12.5,0,0,0,"25,000.00",SUCCESS,,,
18/08/2026 18:07,2.10242E+19,31088I18065402000209,1.22026E+17,MMQR_PAYMENT,2102 - KBZ OI,4203 - MMIV RI,KYAW KYAW SOE,2.23737E+15,MRCTBANK,5812,Eugenia Cafe,943200739,Eugenia Cafe,2.23756E+15,"73,500.00",367.5,169.05,198.45,36.75,0,0,132.3,"73,132.50",SUCCESS,,,
18/08/2026 18:06,2.10242E+19,31088I18064502000151,1.22026E+17,MMQR_PAYMENT,2102 - KBZ OI,4203 - MMIV RI,DAW NILAR AUNG,2.23737E+15,MRCTBANK,5499,SEIN MITHARSU(2),9740011544,SEIN MITHARSU(2),2.23756E+15,"22,000.00",0,0,0,11,0,0,0,"22,000.00",SUCCESS,,,
18/08/2026 18:06,2.10242E+19,31088I18064035000203,1.22026E+17,MMQR_PAYMENT,2102 - KBZ OI,4203 - MMIV RI,U Kaung Htet Aung,2.23737E+15,MRCTBANK,5499,ANGEL,9968970070,ANGEL,2.23756E+15,"33,200.00",0,0,0,16.6,0,0,0,"33,200.00",SUCCESS,,,
18/08/2026 18:05,2.10242E+19,31088I18051343000338,1.22026E+17,MMQR_PAYMENT,2102 - KBZ OI,4203 - MMIV RI,U Aung Moe,2.23737E+15,MRCTBANK,5499,IC 2,9959533636,IC 2,2.23756E+15,"7,000.00",0,0,0,3.5,0,0,0,"7,000.00",SUCCESS,,,
18/08/2026 18:02,2.10242E+19,31088I18020643000216,1.22026E+17,MMQR_PAYMENT,2102 - KBZ OI,4203 - MMIV RI,Aye Chan May,2.23737E+15,MRCTBANK,5499,ANGEL,9968970070,ANGEL,2.23756E+15,"10,000.00",0,0,0,5,0,0,0,"10,000.00",SUCCESS,,,
18/08/2026 18:02,2.10242E+19,31088I18022843000118,1.22026E+17,MMQR_PAYMENT,2102 - KBZ OI,4203 - MMIV RI,Phone Yan Soe Moe,2.23737E+15,MRCTBANK,5812,Eugenia Cafe,943200739,Eugenia Cafe,2.23756E+15,"10,500.00",52.5,24.15,28.35,5.25,0,0,18.9,"10,447.50",SUCCESS,,,
18/08/2026 17:59,2.10142E+19,AYA21016a84422133ff351286065203,1.22026E+17,MMQR_PAYMENT,2101 - AYA OI,4203 - MMIV RI,EI ZIN PHYOE,2.237E+15,MRCTBANK,5499,Khin Min Thu Store,9961091599,Khin Min Thu Store,2.23756E+15,"3,000.00",0,0,0,1.5,0,0,0,"3,000.00",SUCCESS,,,
18/08/2026 17:56,2.10242E+19,31088I17560835000229,1.22026E+17,MMQR_PAYMENT,2102 - KBZ OI,4203 - MMIV RI,THIN MYAT OO,2.23737E+15,MRCTBANK,5499,May Myanmar,9448098913,May Myanmar,2.23756E+15,"37,500.00",0,0,0,18.75,0,0,0,"37,500.00",SUCCESS,,,
18/08/2026 17:55,2.10242E+19,31088I17554302000145,1.22026E+17,MMQR_PAYMENT,2102 - KBZ OI,4203 - MMIV RI,WAI YAN PHYO,2.23737E+15,MRCTBANK,5499,Shan Lay Store,9972000766,Shan Lay Store,2.23756E+15,"90,000.00",0,0,0,45,0,0,0,"90,000.00",SUCCESS,,,
18/08/2026 17:55,2.10242E+19,31088I17550743000223,1.22026E+17,MMQR_PAYMENT,2102 - KBZ OI,4203 - MMIV RI,U Khaing Tun,2.23737E+15,MRCTBANK,5499,San Thit,9772869401,San Thit,2.23756E+15,"120,000.00",0,0,0,60,0,0,0,"120,000.00",SUCCESS,,,
18/08/2026 17:53,2.10242E+19,31088I17533589000226,1.22026E+17,MMQR_PAYMENT,2102 - KBZ OI,4203 - MMIV RI,Naine Makha Aung,2.23737E+15,MRCTBANK,5499,IC 2,9959533636,IC 2,2.23756E+15,"121,000.00",0,0,0,60.5,0,0,0,"121,000.00",SUCCESS,,,
18/08/2026 17:48,2.10242E+19,31088I17484489000145,1.22026E+17,MMQR_PAYMENT,2102 - KBZ OI,4203 - MMIV RI,MYINT THAN OO,2.23737E+15,MRCTBANK,5499,KHINE MYITTER,9789470438,KHINE MYITTER,2.23756E+15,"10,500.00",0,0,0,5.25,0,0,0,"10,500.00",SUCCESS,,,
18/08/2026 17:47,2.10142E+19,AYA21016a843f2e9f7a1c2c1a1b3e8b,1.22026E+17,MMQR_PAYMENT,2101 - AYA OI,4203 - MMIV RI,SIZUELIA,2.237E+15,MRCTBANK,5499,KHINE MYITTER,9789470438,KHINE MYITTER,2.23756E+15,"20,200.00",0,0,0,10.1,0,0,0,"20,200.00",SUCCESS,,,
18/08/2026 17:46,2.10242E+19,31088I17464089000125,1.22026E+17,MMQR_PAYMENT,2102 - KBZ OI,4203 - MMIV RI,Sandar tun,2.23737E+15,MRCTBANK,5499,KHINE MYITTER,9789470438,KHINE MYITTER,2.23756E+15,"20,200.00",0,0,0,10.1,0,0,0,"20,200.00",SUCCESS,,,
18/08/2026 17:44,2.10242E+19,31088I17441556000132,1.22026E+17,MMQR_PAYMENT,2102 - KBZ OI,4203 - MMIV RI,Min Thi Ha,2.23737E+15,MRCTBANK,5499,DAW KYIN SHWE,95151480,DAW KYIN SHWE,2.23756E+15,"20,000.00",0,0,0,10,0,0,0,"20,000.00",SUCCESS,,,
18/08/2026 17:36,2.10242E+19,31088I17363928000128,1.22026E+17,MMQR_PAYMENT,2102 - KBZ OI,4203 - MMIV RI,Aung Soe Thu,2.23737E+15,MRCTBANK,5499,LAMIN THAR,9765787858,LAMIN THAR,2.23756E+15,"110,000.00",0,0,0,55,0,0,0,"110,000.00",SUCCESS,,,
18/08/2026 17:35,2.10242E+19,31088I17354028000225,1.22026E+17,MMQR_PAYMENT,2102 - KBZ OI,4203 - MMIV RI,Ma su wint naing,2.23737E+15,MRCTBANK,5499,SOUL COFFEE STUDIO,9421128983,SOUL COFFEE STUDIO,2.23756E+15,"36,000.00",0,0,0,18,0,0,0,"36,000.00",SUCCESS,,,
18/08/2026 17:35,2.10442E+19,AP21042026081876801004559581335978,1.22026E+17,MMQR_PAYMENT,2104 - AB OI,4203 - MMIV RI,Win Thu Aung,2.2359E+15,MRCTBANK,5499,A.S.K,95156238,A.S.K,2.23756E+15,"180,000.00",0,0,0,90,0,0,0,"180,000.00",SUCCESS,,,
18/08/2026 17:34,2.10242E+19,31088I17335943000220,1.22026E+17,MMQR_PAYMENT,2102 - KBZ OI,4203 - MMIV RI,Nandar Win,2.23737E+15,MRCTBANK,5499,Pyoe Mini Mart,9421083972,Pyoe Mini Mart,2.23756E+15,"1,800.00",0,0,0,0.9,0,0,0,"1,800.00",SUCCESS,,,
18/08/2026 17:32,3.10142E+19,wm126741236237456115757,1.22026E+17,MMQR_PAYMENT,3101 - WAVE OI,4203 - MMIV RI,Khaing Zar Myo,2.23441E+15,MRCTBANK,5499,KHINE MYITTER,9789470438,KHINE MYITTER,2.23756E+15,"13,000.00",0,0,0,6.5,0,0,0,"13,000.00",SUCCESS,,,
18/08/2026 17:32,2.10242E+19,31088I17323035000220,1.22026E+17,MMQR_PAYMENT,2102 - KBZ OI,4203 - MMIV RI,Nandar Win,2.23737E+15,MRCTBANK,5499,Pyoe Mini Mart,9421083972,Pyoe Mini Mart,2.23756E+15,"3,400.00",0,0,0,1.7,0,0,0,"3,400.00",SUCCESS,,,
18/08/2026 17:32,2.10242E+19,31088I17321502000109,1.22026E+17,MMQR_PAYMENT,2102 - KBZ OI,4203 - MMIV RI,Daw Nwe Nwe Oo,2.23737E+15,MRCTBANK,5499,KHINE MYITTER,9789470438,KHINE MYITTER,2.23756E+15,"7,500.00",0,0,0,3.75,0,0,0,"7,500.00",SUCCESS,,,
18/08/2026 17:31,2.10242E+19,31088I17314543000125,1.22026E+17,MMQR_PAYMENT,2102 - KBZ OI,4203 - MMIV RI,Ma Thandar Aung,2.23737E+15,MRCTBANK,5499,May Myanmar,9448098913,May Myanmar,2.23756E+15,"21,000.00",0,0,0,10.5,0,0,0,"21,000.00",SUCCESS,,,
18/08/2026 17:31,3.10142E+19,wm126740552860281472613,1.22026E+17,MMQR_PAYMENT,3101 - WAVE OI,4203 - MMIV RI,Aung Kyaw Zin,2.23441E+15,MRCTBANK,5499,PYI SONE WIN PHONE STORE,9770050552,PYI SONE WIN PHONE STORE,2.23756E+15,"50,000.00",0,0,0,25,0,0,0,"50,000.00",SUCCESS,,,
18/08/2026 17:31,2.10242E+19,31088I17310602000338,1.22026E+17,MMQR_PAYMENT,2102 - KBZ OI,4203 - MMIV RI,San Myan Naing,2.23737E+15,MRCTBANK,5499,SOUL COFFEE STUDIO,9421128983,SOUL COFFEE STUDIO,2.23756E+15,"3,000.00",0,0,0,1.5,0,0,0,"3,000.00",SUCCESS,,,
18/08/2026 17:30,3.10142E+19,wm126739956591427897551,1.22026E+17,MMQR_PAYMENT,3101 - WAVE OI,4203 - MMIV RI,Aung Kyaw Zin,2.23441E+15,MRCTBANK,5499,PYI SONE WIN PHONE STORE,9770050552,PYI SONE WIN PHONE STORE,2.23756E+15,"50,000.00",0,0,0,25,0,0,0,"50,000.00",SUCCESS,,,
18/08/2026 17:30,2.10242E+19,31088I17303256000238,1.22026E+17,MMQR_PAYMENT,2102 - KBZ OI,4203 - MMIV RI,San Myan Naing,2.23737E+15,MRCTBANK,5499,SOUL COFFEE STUDIO,9421128983,SOUL COFFEE STUDIO,2.23756E+15,"30,000.00",0,0,0,15,0,0,0,"30,000.00",SUCCESS,,,
18/08/2026 17:30,2.10242E+19,31088I17301828000160,1.22026E+17,MMQR_PAYMENT,2102 - KBZ OI,4203 - MMIV RI,DAW KHINE KHINE MOE,2.23737E+15,MRCTBANK,5499,LAMIN THAR,9765787858,LAMIN THAR,2.23756E+15,"25,300.00",0,0,0,12.65,0,0,0,"25,300.00",SUCCESS,,,
18/08/2026 17:30,3.10142E+19,wm126739616276412052293,1.22026E+17,MMQR_PAYMENT,3101 - WAVE OI,4203 - MMIV RI,Aung Kyaw Zin,2.23441E+15,MRCTBANK,5499,PYI SONE WIN PHONE STORE,9770050552,PYI SONE WIN PHONE STORE,2.23756E+15,"50,000.00",0,0,0,25,0,0,0,"50,000.00",SUCCESS,,,
18/08/2026 17:29,3.10142E+19,wm126739442517295361973,1.22026E+17,MMQR_PAYMENT,3101 - WAVE OI,4203 - MMIV RI,Aung Kyaw Zin,2.23441E+15,MRCTBANK,5499,PYI SONE WIN PHONE STORE,9770050552,PYI SONE WIN PHONE STORE,2.23756E+15,"50,000.00",0,0,0,25,0,0,0,"50,000.00",SUCCESS,,,
18/08/2026 17:28,2.10242E+19,31088I17282356000146,1.22026E+17,MMQR_PAYMENT,2102 - KBZ OI,4203 - MMIV RI,Maung Maung Thant,2.23737E+15,MRCTBANK,5499,IC 2,9959533636,IC 2,2.23756E+15,"5,000.00",0,0,0,2.5,0,0,0,"5,000.00",SUCCESS,,,
18/08/2026 17:27,3.10142E+19,wm126737810966198656990,1.22026E+17,MMQR_PAYMENT,3101 - WAVE OI,4203 - MMIV RI,Aung Khant Bo,2.23441E+15,MRCTBANK,5499,LAMIN THAR,9765787858,LAMIN THAR,2.23756E+15,"1,500.00",0,0,0,0.75,0,0,0,"1,500.00",SUCCESS,,,
18/08/2026 17:26,3.10142E+19,wm126737692765781358236,1.22026E+17,MMQR_PAYMENT,3101 - WAVE OI,4203 - MMIV RI,Aung Kyaw Zin,2.23441E+15,MRCTBANK,5499,PYI SONE WIN PHONE STORE,9770050552,PYI SONE WIN PHONE STORE,2.23756E+15,"50,000.00",0,0,0,25,0,0,0,"50,000.00",SUCCESS,,,
18/08/2026 17:26,2.10242E+19,31088I17264843000103,1.22026E+17,MMQR_PAYMENT,2102 - KBZ OI,4203 - MMIV RI,Naw Aye Thadar,2.23737E+15,MRCTBANK,5499,SEIN FAMILY,9790178150,SEIN FAMILY,2.23756E+15,"180,000.00",0,0,0,90,0,0,0,"180,000.00",SUCCESS,,,
18/08/2026 17:25,3.10142E+19,wm126736690259574849329,1.22026E+17,MMQR_PAYMENT,3101 - WAVE OI,4203 - MMIV RI,Ei Ei Khaing,2.23441E+15,MRCTBANK,5499,PYI SONE WIN PHONE STORE,9770050552,PYI SONE WIN PHONE STORE,2.23756E+15,"50,000.00",0,0,0,25,0,0,0,"50,000.00",SUCCESS,,,
18/08/2026 17:23,2.10242E+19,31088I17231289000101,1.22026E+17,MMQR_PAYMENT,2102 - KBZ OI,4203 - MMIV RI,JEREMIAH VAN,2.23737E+15,MRCTBANK,5499,SAI THIHA,9666127440,SAI THIHA,2.23756E+15,"4,500.00",0,0,0,2.25,0,0,0,"4,500.00",SUCCESS,,,
18/08/2026 17:23,3.10142E+19,wm62968021385970314953,1.22026E+17,MMQR_PAYMENT,3101 - WAVE OI,4203 - MMIV RI,Pyae Phyo Aung,2.23441E+15,MRCTBANK,5499,JUNCTION PINLAUNG LAPHET,9697999586,JUNCTION PINLAUNG LAPHET,2.23756E+15,"117,000.00",0,0,0,58.5,0,0,0,"117,000.00",SUCCESS,,,
18/08/2026 17:21,2.10242E+19,31088I17212543000238,1.22026E+17,MMQR_PAYMENT,2102 - KBZ OI,4203 - MMIV RI,U Myo Zaw,2.23737E+15,MRCTBANK,5499,KHINE MYITTER,9789470438,KHINE MYITTER,2.23756E+15,"20,000.00",0,0,0,10,0,0,0,"20,000.00",SUCCESS,,,
18/08/2026 17:20,3.10142E+19,wm126733865662180085644,1.22026E+17,MMQR_PAYMENT,3101 - WAVE OI,4203 - MMIV RI,Yu Wai Hnin,2.23441E+15,MRCTBANK,5499,IC 2,9959533636,IC 2,2.23756E+15,"10,000.00",0,0,0,5,0,0,0,"10,000.00",SUCCESS,,,
18/08/2026 17:19,2.10242E+19,31088I17190456000232,1.22026E+17,MMQR_PAYMENT,2102 - KBZ OI,4203 - MMIV RI,Nan Yu Yu Aung,2.23737E+15,MRCTBANK,5499,May Myanmar,9448098913,May Myanmar,2.23756E+15,"33,000.00",0,0,0,16.5,0,0,0,"33,000.00",SUCCESS,,,
18/08/2026 17:17,3.10142E+19,wm126731982634012702509,1.22026E+17,MMQR_PAYMENT,3101 - WAVE OI,4203 - MMIV RI,Wai Phyo Min Paing,2.23441E+15,MRCTBANK,5499,May Myanmar,9448098913,May Myanmar,2.23756E+15,"6,000.00",0,0,0,3,0,0,0,"6,000.00",SUCCESS,,,
18/08/2026 17:16,2.10242E+19,31088I17164643000415,1.22026E+17,MMQR_PAYMENT,2102 - KBZ OI,4203 - MMIV RI,MYO THU HTUN,2.23737E+15,MRCTBANK,5499,DAW KYIN SHWE,95151480,DAW KYIN SHWE,2.23756E+15,"100,000.00",0,0,0,50,0,0,0,"100,000.00",SUCCESS,,,
18/08/2026 17:14,3.10142E+19,wm126730425828481753209,1.22026E+17,MMQR_PAYMENT,3101 - WAVE OI,4203 - MMIV RI,Shine Kyaw Kyaw Bo,2.23441E+15,MRCTBANK,5499,SAN THIT LWIN,9966431676,SAN THIT LWIN,2.23756E+15,"6,600.00",0,0,0,3.3,0,0,0,"6,600.00",SUCCESS,,,
18/08/2026 17:13,2.10242E+19,31088I17130756000239,1.22026E+17,MMQR_PAYMENT,2102 - KBZ OI,4203 - MMIV RI,Htet Paing Htun Oo,2.23737E+15,MRCTBANK,5499,LAMIN THAR,9765787858,LAMIN THAR,2.23756E+15,"164,300.00",0,0,0,82.15,0,0,0,"164,300.00",SUCCESS,,,
18/08/2026 17:12,2.10142E+19,AYA21016a84371468b4c1bc692f0838,1.22026E+17,MMQR_PAYMENT,2101 - AYA OI,4203 - MMIV RI,MOE NANDAR SOE,2.237E+15,MRCTBANK,5812,Eugenia Cafe,943200739,Eugenia Cafe,2.23756E+15,"107,600.00",538,247.48,290.52,53.8,0,0,193.68,"107,062.00",SUCCESS,,,
18/08/2026 17:10,3.10142E+19,wm126727849901358969594,1.22026E+17,MMQR_PAYMENT,3101 - WAVE OI,4203 - MMIV RI,Myint Oo,2.23441E+15,MRCTBANK,5499,SOE THIT SAN MOBILE SHOP,9790712555,SOE THIT SAN MOBILE SHOP,2.23756E+15,"5,100.00",0,0,0,2.55,0,0,0,"5,100.00",SUCCESS,,,
18/08/2026 17:07,2.10242E+19,31088I17071643000338,1.22026E+17,MMQR_PAYMENT,2102 - KBZ OI,4203 - MMIV RI,Wah Wah Kyaw,2.23737E+15,MRCTBANK,5499,IC 2,9959533636,IC 2,2.23756E+15,"20,200.00",0,0,0,10.1,0,0,0,"20,200.00",SUCCESS,,,
18/08/2026 17:07,2.10242E+19,31088I17071056000323,1.22026E+17,MMQR_PAYMENT,2102 - KBZ OI,4203 - MMIV RI,DAW KHIN YAMON ZAW,2.23737E+15,MRCTBANK,5812,Eugenia Cafe,943200739,Eugenia Cafe,2.23756E+15,"77,700.00",388.5,178.71,209.79,38.85,0,0,139.86,"77,311.50",SUCCESS,,,
18/08/2026 17:06,2.10242E+19,31088I17060489000159,1.22026E+17,MMQR_PAYMENT,2102 - KBZ OI,4203 - MMIV RI,Su Pyae Yadanar,2.23737E+15,MRCTBANK,5499,DAW KYIN SHWE,95151480,DAW KYIN SHWE,2.23756E+15,"100,000.00",0,0,0,50,0,0,0,"100,000.00",SUCCESS,,,
18/08/2026 17:00,3.10142E+19,wm126721995989373917831,1.22026E+17,MMQR_PAYMENT,3101 - WAVE OI,4203 - MMIV RI,Ko Ko Aung,2.23441E+15,MRCTBANK,5499,PYI SONE WIN PHONE STORE,9770050552,PYI SONE WIN PHONE STORE,2.23756E+15,"20,000.00",0,0,0,10,0,0,0,"20,000.00",SUCCESS,,,
18/08/2026 16:59,2.10242E+19,31088I16585435000120,1.22026E+17,MMQR_PAYMENT,2102 - KBZ OI,4203 - MMIV RI,Ma Ei Ei Mon,2.23737E+15,MRCTBANK,5499,SAN THIT LWIN,9966431676,SAN THIT LWIN,2.23756E+15,"50,000.00",0,0,0,25,0,0,0,"50,000.00",SUCCESS,,,
18/08/2026 16:58,2.10242E+19,31088I16580528000243,1.22026E+17,MMQR_PAYMENT,2102 - KBZ OI,4203 - MMIV RI,WAI KHANT AUNG,2.23737E+15,MRCTBANK,5499,La Woon Store,9763013719,La Woon Store,2.23756E+15,"10,100.00",0,0,0,5.05,0,0,0,"10,100.00",SUCCESS,,,
18/08/2026 16:49,2.10242E+19,31088I16494628000151,1.22026E+17,MMQR_PAYMENT,2102 - KBZ OI,4203 - MMIV RI,Myat Nyein Win,2.23737E+15,MRCTBANK,5499,Quartz Tun Tun,9254396307,Quartz Tun Tun,2.23756E+15,"257,800.00",0,0,0,128.9,0,0,0,"257,800.00",SUCCESS,,,
18/08/2026 16:49,2.10242E+19,31088I16492235000128,1.22026E+17,MMQR_PAYMENT,2102 - KBZ OI,4203 - MMIV RI,Than Than Myint,2.23737E+15,MRCTBANK,5499,PYI SONE WIN PHONE STORE,9770050552,PYI SONE WIN PHONE STORE,2.23756E+15,"100,500.00",0,0,0,50.25,0,0,0,"100,500.00",SUCCESS,,,
18/08/2026 16:47,2.10242E+19,31088I16474989000130,1.22026E+17,MMQR_PAYMENT,2102 - KBZ OI,4203 - MMIV RI,AUNG KADAY KYAW,2.23737E+15,MRCTBANK,5812,Eugenia Cafe,943200739,Eugenia Cafe,2.23756E+15,"32,550.00",162.75,74.86,87.89,16.28,0,0,58.58,"32,387.25",SUCCESS,,,
18/08/2026 16:47,2.10242E+19,31088I16471189000121,1.22026E+17,MMQR_PAYMENT,2102 - KBZ OI,4203 - MMIV RI,Ma Lin Lin Aung,2.23737E+15,MRCTBANK,5499,KHINE MYITTER,9789470438,KHINE MYITTER,2.23756E+15,"40,000.00",0,0,0,20,0,0,0,"40,000.00",SUCCESS,,,
18/08/2026 16:44,2.10242E+19,31088I16441202000315,1.22026E+17,MMQR_PAYMENT,2102 - KBZ OI,4203 - MMIV RI,MYINT MYINT HTAY,2.23737E+15,MRCTBANK,5499,May Myanmar,9448098913,May Myanmar,2.23756E+15,"5,200.00",0,0,0,2.6,0,0,0,"5,200.00",SUCCESS,,,
18/08/2026 16:44,2.10242E+19,31088I16440528000432,1.22026E+17,MMQR_PAYMENT,2102 - KBZ OI,4203 - MMIV RI,DAW CHUE CHUE,2.23737E+15,MRCTBANK,5499,ANGEL,9968970070,ANGEL,2.23756E+15,"2,700.00",0,0,0,1.35,0,0,0,"2,700.00",SUCCESS,,,
18/08/2026 16:42,2.10242E+19,31088I16423856000346,1.22026E+17,MMQR_PAYMENT,2102 - KBZ OI,4203 - MMIV RI,U KOKO,2.23737E+15,MRCTBANK,5542,100 Power 2 -YMT,9681976325,100 Power 2 -YMT,2.23756E+15,"251,000.00",753,351.4,401.6,125.5,0,0,225.9,"250,247.00",SUCCESS,,,
18/08/2026 16:42,2.10242E+19,31088I16420028000142,1.22026E+17,MMQR_PAYMENT,2102 - KBZ OI,4203 - MMIV RI,Paing Oo Lwin,2.23737E+15,MRCTBANK,5499,IC 2,9959533636,IC 2,2.23756E+15,"50,000.00",0,0,0,25,0,0,0,"50,000.00",SUCCESS,,,
18/08/2026 16:41,2.10242E+19,31088I16411443000116,1.22026E+17,MMQR_PAYMENT,2102 - KBZ OI,4203 - MMIV RI,U SOE MIN AUNG,2.23737E+15,MRCTBANK,5499,IC 2,9959533636,IC 2,2.23756E+15,"20,000.00",0,0,0,10,0,0,0,"20,000.00",SUCCESS,,,
18/08/2026 16:39,2.10242E+19,31088I16393802000200,1.22026E+17,MMQR_PAYMENT,2102 - KBZ OI,4203 - MMIV RI,su myat nandar,2.23737E+15,MRCTBANK,5812,Eugenia Cafe,943200739,Eugenia Cafe,2.23756E+15,"51,900.00",259.5,119.37,140.13,25.95,0,0,93.42,"51,640.50",SUCCESS,,,
18/08/2026 16:39,2.10142E+19,AYA21016a842f525444251488253feb,1.22026E+17,MMQR_PAYMENT,2101 - AYA OI,4203 - MMIV RI,EI EI PYONE,2.237E+15,MRCTBANK,5499,MARIO,9964152596,MARIO,2.23756E+15,"1,000.00",0,0,0,0.5,0,0,0,"1,000.00",SUCCESS,,,
18/08/2026 16:39,2.10142E+19,AYA21016a842f424ac9a6a6b8deab49,1.22026E+17,MMQR_PAYMENT,2101 - AYA OI,4203 - MMIV RI,EI EI PYONE,2.237E+15,MRCTBANK,5499,MARIO,9964152596,MARIO,2.23756E+15,"1,000.00",0,0,0,0.5,0,0,0,"1,000.00",SUCCESS,,,
18/08/2026 16:37,2.10242E+19,31088I16373856000138,1.22026E+17,MMQR_PAYMENT,2102 - KBZ OI,4203 - MMIV RI,Ma wai wai hnin,2.23737E+15,MRCTBANK,5812,Eugenia Cafe,943200739,Eugenia Cafe,2.23756E+15,"22,400.00",112,51.52,60.48,11.2,0,0,40.32,"22,288.00",SUCCESS,,,
18/08/2026 16:37,2.10542E+19,E2E223767202608181637393783652914,1.22026E+17,MMQR_PAYMENT,2105 - UAB OI,4203 - MMIV RI,EI EI PYONE,2.23768E+15,MRCTBANK,5499,MARIO,9964152596,MARIO,2.23756E+15,500,0,0,0,0.25,0,0,0,500,SUCCESS,,,
18/08/2026 16:36,2.10242E+19,31088I16361789000163,1.22026E+17,MMQR_PAYMENT,2102 - KBZ OI,4203 - MMIV RI,Yadanar Oo,2.23737E+15,MRCTBANK,5499,KHINE MYITTER,9789470438,KHINE MYITTER,2.23756E+15,"10,300.00",0,0,0,5.15,0,0,0,"10,300.00",SUCCESS,,,
18/08/2026 16:36,2.10542E+19,E2E223767202608181636025998390860,1.22026E+17,MMQR_PAYMENT,2105 - UAB OI,4203 - MMIV RI,EI EI PYONE,2.23768E+15,MRCTBANK,5499,MARIO,9964152596,MARIO,2.23756E+15,500,0,0,0,0.25,0,0,0,500,SUCCESS,,,
18/08/2026 16:35,2.10242E+19,31088I16354943000163,1.22026E+17,MMQR_PAYMENT,2102 - KBZ OI,4203 - MMIV RI,Yadanar Oo,2.23737E+15,MRCTBANK,5499,KHINE MYITTER,9789470438,KHINE MYITTER,2.23756E+15,"20,000.00",0,0,0,10,0,0,0,"20,000.00",SUCCESS,,,
18/08/2026 16:34,2.10542E+19,E2E223767202608181634417808975727,1.22026E+17,MMQR_PAYMENT,2105 - UAB OI,4203 - MMIV RI,EI EI PYONE,2.23768E+15,MRCTBANK,5499,MARIO,9964152596,MARIO,2.23756E+15,500,0,0,0,0.25,0,0,0,500,SUCCESS,,,
18/08/2026 16:34,2.10542E+19,E2E223767202608181634296166564181,1.22026E+17,MMQR_PAYMENT,2105 - UAB OI,4203 - MMIV RI,EI EI PYONE,2.23768E+15,MRCTBANK,5499,MARIO,9964152596,MARIO,2.23756E+15,500,0,0,0,0.25,0,0,0,500,SUCCESS,,,
18/08/2026 16:34,2.10542E+19,E2E223767202608181634164135796658,1.22026E+17,MMQR_PAYMENT,2105 - UAB OI,4203 - MMIV RI,EI EI PYONE,2.23768E+15,MRCTBANK,5499,MARIO,9964152596,MARIO,2.23756E+15,500,0,0,0,0.25,0,0,0,500,SUCCESS,,,
18/08/2026 16:34,2.10542E+19,E2E223767202608181634029671476117,1.22026E+17,MMQR_PAYMENT,2105 - UAB OI,4203 - MMIV RI,EI EI PYONE,2.23768E+15,MRCTBANK,5499,MARIO,9964152596,MARIO,2.23756E+15,500,0,0,0,0.25,0,0,0,500,SUCCESS,,,
18/08/2026 16:33,2.10542E+19,E2E223767202608181633436845513019,1.22026E+17,MMQR_PAYMENT,2105 - UAB OI,4203 - MMIV RI,EI EI PYONE,2.23768E+15,MRCTBANK,5499,MARIO,9964152596,MARIO,2.23756E+15,500,0,0,0,0.25,0,0,0,500,SUCCESS,,,
18/08/2026 16:33,2.10242E+19,31088I16333028000136,1.22026E+17,MMQR_PAYMENT,2102 - KBZ OI,4203 - MMIV RI,Kyaw Soe Htut,2.23737E+15,MRCTBANK,5499,SEIN MITHARSU(2),9740011544,SEIN MITHARSU(2),2.23756E+15,"29,600.00",0,0,0,14.8,0,0,0,"29,600.00",SUCCESS,,,
18/08/2026 16:33,2.10542E+19,E2E223767202608181633313523893866,1.22026E+17,MMQR_PAYMENT,2105 - UAB OI,4203 - MMIV RI,EI EI PYONE,2.23768E+15,MRCTBANK,5499,MARIO,9964152596,MARIO,2.23756E+15,500,0,0,0,0.25,0,0,0,500,SUCCESS,,,
18/08/2026 16:33,2.10542E+19,E2E223767202608181633156879529248,1.22026E+17,MMQR_PAYMENT,2105 - UAB OI,4203 - MMIV RI,EI EI PYONE,2.23768E+15,MRCTBANK,5499,MARIO,9964152596,MARIO,2.23756E+15,"1,000.00",0,0,0,0.5,0,0,0,"1,000.00",SUCCESS,,,
18/08/2026 16:33,2.10542E+19,E2E223767202608181633022570734003,1.22026E+17,MMQR_PAYMENT,2105 - UAB OI,4203 - MMIV RI,EI EI PYONE,2.23768E+15,MRCTBANK,5499,MARIO,9964152596,MARIO,2.23756E+15,"1,000.00",0,0,0,0.5,0,0,0,"1,000.00",SUCCESS,,,
18/08/2026 16:32,2.10242E+19,31088I16324589000218,1.22026E+17,MMQR_PAYMENT,2102 - KBZ OI,4203 - MMIV RI,EI SHWE ZIN,2.23737E+15,MRCTBANK,5499,Lucky Store,9795553574,Lucky Store,2.23756E+15,"1,000.00",0,0,0,0.5,0,0,0,"1,000.00",SUCCESS,,,
18/08/2026 16:32,2.10142E+19,AYA21016a842d96e3445a95ced9d096,1.22026E+17,MMQR_PAYMENT,2101 - AYA OI,4203 - MMIV RI,YE YE KYAW SWE,2.237E+15,MRCTBANK,5499,A.S.K,95156238,A.S.K,2.23756E+15,"44,000.00",0,0,0,22,0,0,0,"44,000.00",SUCCESS,,,
18/08/2026 16:31,2.10242E+19,31088I16305628000224,1.22026E+17,MMQR_PAYMENT,2102 - KBZ OI,4203 - MMIV RI,DAW WAI WAI SOE,2.23737E+15,MRCTBANK,5499,PYI SONE WIN PHONE STORE,9770050552,PYI SONE WIN PHONE STORE,2.23756E+15,"13,000.00",0,0,0,6.5,0,0,0,"13,000.00",SUCCESS,,,
18/08/2026 16:29,2.10242E+19,31088I16291256000114,1.22026E+17,MMQR_PAYMENT,2102 - KBZ OI,4203 - MMIV RI,Pyae Phyo Saw Naing,2.23737E+15,MRCTBANK,5812,Eugenia Cafe,943200739,Eugenia Cafe,2.23756E+15,"106,250.00",531.25,244.37,286.88,53.13,0,0,191.24,"105,718.75",SUCCESS,,,
18/08/2026 16:28,2.10242E+19,31088I16284556000149,1.22026E+17,MMQR_PAYMENT,2102 - KBZ OI,4203 - MMIV RI,Saw Than naing oo,2.23737E+15,MRCTBANK,5499,SEIN FAMILY,9790178150,SEIN FAMILY,2.23756E+15,"15,000.00",0,0,0,7.5,0,0,0,"15,000.00",SUCCESS,,,
18/08/2026 16:23,2.10242E+19,31088I16233002000201,1.22026E+17,MMQR_PAYMENT,2102 - KBZ OI,4203 - MMIV RI,JEREMIAH VAN,2.23737E+15,MRCTBANK,5499,SAI THIHA,9666127440,SAI THIHA,2.23756E+15,"7,500.00",0,0,0,3.75,0,0,0,"7,500.00",SUCCESS,,,
18/08/2026 16:23,2.10142E+19,AYA21016a842b876a3479d828e5bfee,1.22026E+17,MMQR_PAYMENT,2101 - AYA OI,4203 - MMIV RI,HTET AUNG,2.237E+15,MRCTBANK,5499,SAN THIT LWIN,9966431676,SAN THIT LWIN,2.23756E+15,"25,300.00",0,0,0,12.65,0,0,0,"25,300.00",SUCCESS,,,
18/08/2026 16:21,2.10242E+19,31088I16213189000213,1.22026E+17,MMQR_PAYMENT,2102 - KBZ OI,4203 - MMIV RI,Tar Yar Bo,2.23737E+15,MRCTBANK,5499,SAN THIT LWIN,9966431676,SAN THIT LWIN,2.23756E+15,"30,000.00",0,0,0,15,0,0,0,"30,000.00",SUCCESS,,,
18/08/2026 16:17,2.10242E+19,31088I16171402000206,1.22026E+17,MMQR_PAYMENT,2102 - KBZ OI,4203 - MMIV RI,Daw Myat Kay Thi Hlaing,2.23737E+15,MRCTBANK,5499,ANGEL,9968970070,ANGEL,2.23756E+15,"2,000.00",0,0,0,1,0,0,0,"2,000.00",SUCCESS,,,
18/08/2026 16:14,2.10242E+19,31088I16142435000130,1.22026E+17,MMQR_PAYMENT,2102 - KBZ OI,4203 - MMIV RI,KYAW LIN TUN,2.23737E+15,MRCTBANK,5812,Eugenia Cafe,943200739,Eugenia Cafe,2.23756E+15,"12,000.00",60,27.6,32.4,6,0,0,21.6,"11,940.00",SUCCESS,,,
18/08/2026 16:13,2.10242E+19,31088I16134956000163,1.22026E+17,MMQR_PAYMENT,2102 - KBZ OI,4203 - MMIV RI,U Kyaw Hein,2.23737E+15,MRCTBANK,5499,IC 2,9959533636,IC 2,2.23756E+15,"13,000.00",0,0,0,6.5,0,0,0,"13,000.00",SUCCESS,,,
18/08/2026 16:13,2.10242E+19,31088I16131843000115,1.22026E+17,MMQR_PAYMENT,2102 - KBZ OI,4203 - MMIV RI,paing naing oo,2.23737E+15,MRCTBANK,5499,La Woon Store,9763013719,La Woon Store,2.23756E+15,"50,000.00",0,0,0,25,0,0,0,"50,000.00",SUCCESS,,,
18/08/2026 16:12,2.10242E+19,31088I16123456000233,1.22026E+17,MMQR_PAYMENT,2102 - KBZ OI,4203 - MMIV RI,Ma Ei Mon Kyaw,2.23737E+15,MRCTBANK,5499,Zaw Hmine,9976470977,Zaw Hmine,2.23756E+15,"6,000.00",0,0,0,3,0,0,0,"6,000.00",SUCCESS,,,
18/08/2026 16:11,2.10242E+19,31088I16112056000152,1.22026E+17,MMQR_PAYMENT,2102 - KBZ OI,4203 - MMIV RI,Zwe Marn Aung,2.23737E+15,MRCTBANK,5499,SEIN MITHARSU(2),9740011544,SEIN MITHARSU(2),2.23756E+15,"61,000.00",0,0,0,30.5,0,0,0,"61,000.00",SUCCESS,,,
18/08/2026 16:10,2.10242E+19,31088I16101935000122,1.22026E+17,MMQR_PAYMENT,2102 - KBZ OI,4203 - MMIV RI,Myat Minn Thiha,2.23737E+15,MRCTBANK,5499,SAN THIT LWIN,9966431676,SAN THIT LWIN,2.23756E+15,"75,000.00",0,0,0,37.5,0,0,0,"75,000.00",SUCCESS,,,
18/08/2026 16:09,2.10242E+19,31088I16093202000209,1.22026E+17,MMQR_PAYMENT,2102 - KBZ OI,4203 - MMIV RI,Daw Nwe Nwe Oo,2.23737E+15,MRCTBANK,5499,KHINE MYITTER,9789470438,KHINE MYITTER,2.23756E+15,"10,100.00",0,0,0,5.05,0,0,0,"10,100.00",SUCCESS,,,
18/08/2026 16:06,2.10142E+19,AYA21016a84279fe0efca84cff55313,1.22026E+17,MMQR_PAYMENT,2101 - AYA OI,4203 - MMIV RI,AYE AYE MYAT,2.237E+15,MRCTBANK,5499,Myat Fashion,95083418,Myat Fashion,2.23756E+15,"3,000.00",0,0,0,1.5,0,0,0,"3,000.00",SUCCESS,,,
18/08/2026 16:05,2.10242E+19,31088I16051035000118,1.22026E+17,MMQR_PAYMENT,2102 - KBZ OI,4203 - MMIV RI,TOE CHIT THE,2.23737E+15,MRCTBANK,5499,IC 2,9959533636,IC 2,2.23756E+15,"17,000.00",0,0,0,8.5,0,0,0,"17,000.00",SUCCESS,,,
18/08/2026 16:00,2.10242E+19,31088I16003956000143,1.22026E+17,MMQR_PAYMENT,2102 - KBZ OI,4203 - MMIV RI,San Htun Oo,2.23737E+15,MRCTBANK,5812,Eugenia Cafe,943200739,Eugenia Cafe,2.23756E+15,"60,900.00",304.5,140.07,164.43,30.45,0,0,109.62,"60,595.50",SUCCESS,,,
18/08/2026 15:59,2.10242E+19,31088I15594789000126,1.22026E+17,MMQR_PAYMENT,2102 - KBZ OI,4203 - MMIV RI,MAY THU THU AUNG,2.23737E+15,MRCTBANK,5499,JUNCTION PINLAUNG LAPHET,9697999586,JUNCTION PINLAUNG LAPHET,2.23756E+15,"4,500.00",0,0,0,2.25,0,0,0,"4,500.00",SUCCESS,,,
18/08/2026 15:58,2.10242E+19,31088I15580143000156,1.22026E+17,MMQR_PAYMENT,2102 - KBZ OI,4203 - MMIV RI,Shoon Lae Nadi,2.23737E+15,MRCTBANK,5499,ANGEL,9968970070,ANGEL,2.23756E+15,"1,500.00",0,0,0,0.75,0,0,0,"1,500.00",SUCCESS,,,
18/08/2026 15:51,3.10142E+19,wm126680597529452362868,1.22026E+17,MMQR_PAYMENT,3101 - WAVE OI,4203 - MMIV RI,Kyaw Thu,2.23441E+15,MRCTBANK,5499,Shan Lay Store,9972000766,Shan Lay Store,2.23756E+15,"40,000.00",0,0,0,20,0,0,0,"40,000.00",SUCCESS,,,
18/08/2026 15:51,2.10242E+19,31088I15512343000148,1.22026E+17,MMQR_PAYMENT,2102 - KBZ OI,4203 - MMIV RI,U TAY ZAR NWE,2.23737E+15,MRCTBANK,5812,Eugenia Cafe,943200739,Eugenia Cafe,2.23756E+15,"47,750.00",238.75,109.82,128.93,23.88,0,0,85.94,"47,511.25",SUCCESS,,,
18/08/2026 15:49,2.10242E+19,31088I15491356000112,1.22026E+17,MMQR_PAYMENT,2102 - KBZ OI,4203 - MMIV RI,U Yu Pa,2.23737E+15,MRCTBANK,5499,Shan Lay Store,9972000766,Shan Lay Store,2.23756E+15,"101,000.00",0,0,0,50.5,0,0,0,"101,000.00",SUCCESS,,,
18/08/2026 15:40,2.10242E+19,31088I15403356000161,1.22026E+17,MMQR_PAYMENT,2102 - KBZ OI,4203 - MMIV RI,KYAW SOE MIN,2.23737E+15,MRCTBANK,5499,SOUL COFFEE STUDIO,9421128983,SOUL COFFEE STUDIO,2.23756E+15,"25,500.00",0,0,0,12.75,0,0,0,"25,500.00",SUCCESS,,,
18/08/2026 15:40,2.10142E+19,AYA21016a84217bc231620ddbb4a223,1.22026E+17,MMQR_PAYMENT,2101 - AYA OI,4203 - MMIV RI,NAN CHAN MYA WIN,2.237E+15,MRCTBANK,5499,PWINT PHYU,9790279491,PWINT PHYU,2.23756E+15,"5,000.00",0,0,0,2.5,0,0,0,"5,000.00",SUCCESS,,,
18/08/2026 15:39,2.10142E+19,AYA21016a842155ffdfa529387f679e,1.22026E+17,MMQR_PAYMENT,2101 - AYA OI,4203 - MMIV RI,NAN CHAN MYA WIN,2.237E+15,MRCTBANK,5499,PWINT PHYU,9790279491,PWINT PHYU,2.23756E+15,"6,000.00",0,0,0,3,0,0,0,"6,000.00",SUCCESS,,,
18/08/2026 15:39,2.10142E+19,AYA21016a84213e982e134ecfbf1c42,1.22026E+17,MMQR_PAYMENT,2101 - AYA OI,4203 - MMIV RI,NAN CHAN MYA WIN,2.237E+15,MRCTBANK,5499,PWINT PHYU,9790279491,PWINT PHYU,2.23756E+15,"6,700.00",0,0,0,3.35,0,0,0,"6,700.00",SUCCESS,,,
18/08/2026 15:38,2.10142E+19,AYA21016a84211434a61adaef7f990a,1.22026E+17,MMQR_PAYMENT,2101 - AYA OI,4203 - MMIV RI,NAN CHAN MYA WIN,2.237E+15,MRCTBANK,5499,PWINT PHYU,9790279491,PWINT PHYU,2.23756E+15,"5,500.00",0,0,0,2.75,0,0,0,"5,500.00",SUCCESS,,,
18/08/2026 15:38,2.10142E+19,AYA21016a8420fdc231620ddbb4a17a,1.22026E+17,MMQR_PAYMENT,2101 - AYA OI,4203 - MMIV RI,NAN CHAN MYA WIN,2.237E+15,MRCTBANK,5499,PWINT PHYU,9790279491,PWINT PHYU,2.23756E+15,"9,100.00",0,0,0,4.55,0,0,0,"9,100.00",SUCCESS,,,
18/08/2026 15:38,2.10142E+19,AYA21016a8420ecffdfa529387f66e3,1.22026E+17,MMQR_PAYMENT,2101 - AYA OI,4203 - MMIV RI,NAN CHAN MYA WIN,2.237E+15,MRCTBANK,5499,PWINT PHYU,9790279491,PWINT PHYU,2.23756E+15,"7,500.00",0,0,0,3.75,0,0,0,"7,500.00",SUCCESS,,,
18/08/2026 15:37,2.10142E+19,AYA21016a8420d9afb3d06c4e849a83,1.22026E+17,MMQR_PAYMENT,2101 - AYA OI,4203 - MMIV RI,NAN CHAN MYA WIN,2.237E+15,MRCTBANK,5499,PWINT PHYU,9790279491,PWINT PHYU,2.23756E+15,"6,800.00",0,0,0,3.4,0,0,0,"6,800.00",SUCCESS,,,
18/08/2026 15:37,2.10142E+19,AYA21016a8420c3dac762f93b91eda1,1.22026E+17,MMQR_PAYMENT,2101 - AYA OI,4203 - MMIV RI,NAN CHAN MYA WIN,2.237E+15,MRCTBANK,5499,PWINT PHYU,9790279491,PWINT PHYU,2.23756E+15,"6,300.00",0,0,0,3.15,0,0,0,"6,300.00",SUCCESS,,,
18/08/2026 15:36,2.10142E+19,AYA21016a8420aceac080fe8842e714,1.22026E+17,MMQR_PAYMENT,2101 - AYA OI,4203 - MMIV RI,NAN CHAN MYA WIN,2.237E+15,MRCTBANK,5499,PWINT PHYU,9790279491,PWINT PHYU,2.23756E+15,"5,900.00",0,0,0,2.95,0,0,0,"5,900.00",SUCCESS,,,
18/08/2026 15:36,2.10142E+19,AYA21016a842095d5a20d7719728152,1.22026E+17,MMQR_PAYMENT,2101 - AYA OI,4203 - MMIV RI,NAN CHAN MYA WIN,2.237E+15,MRCTBANK,5499,PWINT PHYU,9790279491,PWINT PHYU,2.23756E+15,"5,100.00",0,0,0,2.55,0,0,0,"5,100.00",SUCCESS,,,
18/08/2026 15:34,2.10242E+19,31088I15343035000136,1.22026E+17,MMQR_PAYMENT,2102 - KBZ OI,4203 - MMIV RI,Pyi Thein Kyaw,2.23737E+15,MRCTBANK,5499,PAN TA PWINT,9771125878,PAN TA PWINT,2.23756E+15,100,0,0,0,0.05,0,0,0,100,SUCCESS,,,
18/08/2026 15:29,3.10142E+19,wm126667168916487246096,1.22026E+17,MMQR_PAYMENT,3101 - WAVE OI,4203 - MMIV RI,Kyaw Kyaw,2.23441E+15,MRCTBANK,5499,Shan Lay Store,9972000766,Shan Lay Store,2.23756E+15,"60,000.00",0,0,0,30,0,0,0,"60,000.00",SUCCESS,,,
18/08/2026 15:28,2.10242E+19,31088I15281602000239,1.22026E+17,MMQR_PAYMENT,2102 - KBZ OI,4203 - MMIV RI,Daw Zin Mar Than,2.23737E+15,MRCTBANK,5812,Eugenia Cafe,943200739,Eugenia Cafe,2.23756E+15,"52,250.00",261.25,120.17,141.08,26.13,0,0,94.04,"51,988.75",SUCCESS,,,
18/08/2026 15:25,2.10242E+19,31088I15245328000105,1.22026E+17,MMQR_PAYMENT,2102 - KBZ OI,4203 - MMIV RI,Daw Zar Chi Thaung,2.23737E+15,MRCTBANK,5499,A.S.K,95156238,A.S.K,2.23756E+15,"100,000.00",0,0,0,50,0,0,0,"100,000.00",SUCCESS,,,
18/08/2026 15:24,3.10142E+19,wm126664419473176844989,1.22026E+17,MMQR_PAYMENT,3101 - WAVE OI,4203 - MMIV RI,Tun Ko Ko,2.23441E+15,MRCTBANK,5499,IC 2,9959533636,IC 2,2.23756E+15,"18,000.00",0,0,0,9,0,0,0,"18,000.00",SUCCESS,,,
18/08/2026 15:19,2.10242E+19,31088I15193235000144,1.22026E+17,MMQR_PAYMENT,2102 - KBZ OI,4203 - MMIV RI,Thet Naing,2.23737E+15,MRCTBANK,5499,Lucky Store,9795553574,Lucky Store,2.23756E+15,"3,000.00",0,0,0,1.5,0,0,0,"3,000.00",SUCCESS,,,
18/08/2026 15:13,2.10242E+19,31088I15133635000136,1.22026E+17,MMQR_PAYMENT,2102 - KBZ OI,4203 - MMIV RI,Pyi Thein Kyaw,2.23737E+15,MRCTBANK,5499,Ma Yu,9760110157,Ma Yu,2.23756E+15,100,0,0,0,0.05,0,0,0,100,SUCCESS,,,
18/08/2026 15:07,2.10242E+19,31088I15070428000211,1.22026E+17,MMQR_PAYMENT,2102 - KBZ OI,4203 - MMIV RI,U YAN NAING ZIN,2.23737E+15,MRCTBANK,5499,SOUL COFFEE STUDIO,9421128983,SOUL COFFEE STUDIO,2.23756E+15,"4,500.00",0,0,0,2.25,0,0,0,"4,500.00",SUCCESS,,,
18/08/2026 14:55,2.10242E+19,31088I14553156000127,1.22026E+17,MMQR_PAYMENT,2102 - KBZ OI,4203 - MMIV RI,KYAW MIN HLAING,2.23737E+15,MRCTBANK,5812,Eugenia Cafe,943200739,Eugenia Cafe,2.23756E+15,"14,700.00",73.5,33.81,39.69,7.35,0,0,26.46,"14,626.50",SUCCESS,,,
18/08/2026 14:53,2.10242E+19,31088I14532028000224,1.22026E+17,MMQR_PAYMENT,2102 - KBZ OI,4203 - MMIV RI,Ma Hnin Ei Khine,2.23737E+15,MRCTBANK,5499,PWINT PHYU,9790279491,PWINT PHYU,2.23756E+15,"20,000.00",0,0,0,10,0,0,0,"20,000.00",SUCCESS,,,
18/08/2026 14:52,2.10242E+19,31088I14522556000255,1.22026E+17,MMQR_PAYMENT,2102 - KBZ OI,4203 - MMIV RI,Soethiha,2.23737E+15,MRCTBANK,5812,Eugenia Cafe,943200739,Eugenia Cafe,2.23756E+15,"27,300.00",136.5,62.79,73.71,13.65,0,0,49.14,"27,163.50",SUCCESS,,,
18/08/2026 14:51,3.10142E+19,wm126644346475485691172,1.22026E+17,MMQR_PAYMENT,3101 - WAVE OI,4203 - MMIV RI,Lwin Mar Oo,2.23441E+15,MRCTBANK,5499,Aung Nyein Chan,9793882717,Aung Nyein Chan,2.23756E+15,"20,000.00",0,0,0,10,0,0,0,"20,000.00",SUCCESS,,,
18/08/2026 14:42,2.10242E+19,31088I14422602000233,1.22026E+17,MMQR_PAYMENT,2102 - KBZ OI,4203 - MMIV RI,Myat Bhone Hlyan Khant,2.23737E+15,MRCTBANK,5499,ANGEL,9968970070,ANGEL,2.23756E+15,"2,600.00",0,0,0,1.3,0,0,0,"2,600.00",SUCCESS,,,
18/08/2026 14:38,2.10542E+19,E2E223767202608181438346443914569,1.22026E+17,MMQR_PAYMENT,2105 - UAB OI,4203 - MMIV RI,EI EI PYONE,2.23768E+15,MRCTBANK,5499,MARIO,9964152596,MARIO,2.23756E+15,"1,000.00",0,0,0,0.5,0,0,0,"1,000.00",SUCCESS,,,
18/08/2026 14:37,2.10242E+19,31088I14370043000136,1.22026E+17,MMQR_PAYMENT,2102 - KBZ OI,4203 - MMIV RI,Pyi Thein Kyaw,2.23737E+15,MRCTBANK,5499,LIKE,9694124611,LIKE,2.23756E+15,100,0,0,0,0.05,0,0,0,100,SUCCESS,,,
18/08/2026 14:36,2.10542E+19,E2E223767202608181436406241374107,1.22026E+17,MMQR_PAYMENT,2105 - UAB OI,4203 - MMIV RI,EI EI PYONE,2.23768E+15,MRCTBANK,5499,MARIO,9964152596,MARIO,2.23756E+15,"1,000.00",0,0,0,0.5,0,0,0,"1,000.00",SUCCESS,,,
18/08/2026 14:36,2.10542E+19,E2E223767202608181436013368025900,1.22026E+17,MMQR_PAYMENT,2105 - UAB OI,4203 - MMIV RI,EI EI PYONE,2.23768E+15,MRCTBANK,5499,MARIO,9964152596,MARIO,2.23756E+15,"1,000.00",0,0,0,0.5,0,0,0,"1,000.00",SUCCESS,,,
18/08/2026 14:35,2.10542E+19,E2E223767202608181435449964528551,1.22026E+17,MMQR_PAYMENT,2105 - UAB OI,4203 - MMIV RI,EI EI PYONE,2.23768E+15,MRCTBANK,5499,MARIO,9964152596,MARIO,2.23756E+15,"1,000.00",0,0,0,0.5,0,0,0,"1,000.00",SUCCESS,,,
18/08/2026 14:35,2.10542E+19,E2E223767202608181435296081526860,1.22026E+17,MMQR_PAYMENT,2105 - UAB OI,4203 - MMIV RI,EI EI PYONE,2.23768E+15,MRCTBANK,5499,MARIO,9964152596,MARIO,2.23756E+15,"1,000.00",0,0,0,0.5,0,0,0,"1,000.00",SUCCESS,,,
18/08/2026 14:35,2.10542E+19,E2E223767202608181435085012946073,1.22026E+17,MMQR_PAYMENT,2105 - UAB OI,4203 - MMIV RI,EI EI PYONE,2.23768E+15,MRCTBANK,5499,MARIO,9964152596,MARIO,2.23756E+15,"1,000.00",0,0,0,0.5,0,0,0,"1,000.00",SUCCESS,,,
18/08/2026 14:30,2.10242E+19,31088I14301535000160,1.22026E+17,MMQR_PAYMENT,2102 - KBZ OI,4203 - MMIV RI,Nay lin tun,2.23737E+15,MRCTBANK,5499,A.S.K,95156238,A.S.K,2.23756E+15,"21,200.00",0,0,0,10.6,0,0,0,"21,200.00",SUCCESS,,,
18/08/2026 14:30,2.10242E+19,31088I14295335000216,1.22026E+17,MMQR_PAYMENT,2102 - KBZ OI,4203 - MMIV RI,Nan Hsu Yadanar Moe,2.23737E+15,MRCTBANK,5499,IC 2,9959533636,IC 2,2.23756E+15,"50,500.00",0,0,0,25.25,0,0,0,"50,500.00",SUCCESS,,,
18/08/2026 14:30,2.10242E+19,31088I14295228000241,1.22026E+17,MMQR_PAYMENT,2102 - KBZ OI,4203 - MMIV RI,Daw Aye Aye Win,2.23737E+15,MRCTBANK,5499,A LINN THIT MOBILE,9898459560,A LINN THIT MOBILE,2.23756E+15,"40,400.00",0,0,0,20.2,0,0,0,"40,400.00",SUCCESS,,,
18/08/2026 14:28,3.10142E+19,wm126630782604268012234,1.22026E+17,MMQR_PAYMENT,3101 - WAVE OI,4203 - MMIV RI,Khaing Zar Myo,2.23441E+15,MRCTBANK,5499,KHINE MYITTER,9789470438,KHINE MYITTER,2.23756E+15,"7,000.00",0,0,0,3.5,0,0,0,"7,000.00",SUCCESS,,,
18/08/2026 14:28,2.10342E+19,FT26230G2K78,1.22026E+17,MMQR_PAYMENT,2103 - CB OI,4203 - MMIV RI,DAW SU MYAT NAING OO,2.23772E+15,MRCTBANK,5499,KHINE MYITTER,9789470438,KHINE MYITTER,2.23756E+15,"50,500.00",0,0,0,25.25,0,0,0,"50,500.00",SUCCESS,,,
18/08/2026 14:27,2.10242E+19,31088I14271256000208,1.22026E+17,MMQR_PAYMENT,2102 - KBZ OI,4203 - MMIV RI,Ei Ei Hlaing,2.23737E+15,MRCTBANK,5499,SAN THIT LWIN,9966431676,SAN THIT LWIN,2.23756E+15,"50,500.00",0,0,0,25.25,0,0,0,"50,500.00",SUCCESS,,,
18/08/2026 14:25,2.10242E+19,31088I14250402000220,1.22026E+17,MMQR_PAYMENT,2102 - KBZ OI,4203 - MMIV RI,khinethinmon,2.23737E+15,MRCTBANK,5542,100 Power 4 -NYU,9664540527,100 Power 4 -NYU,2.23756E+15,"470,000.00","1,410.00",658,752,235,0,0,423,"468,590.00",SUCCESS,,,
18/08/2026 14:14,2.10242E+19,31088I14132489000253,1.22026E+17,MMQR_PAYMENT,2102 - KBZ OI,4203 - MMIV RI,Wai Lin,2.23737E+15,MRCTBANK,5499,La Woon Store,9763013719,La Woon Store,2.23756E+15,"50,000.00",0,0,0,25,0,0,0,"50,000.00",SUCCESS,,,
18/08/2026 14:13,3.10142E+19,wm62854346397508878753,1.22026E+17,MMQR_PAYMENT,3101 - WAVE OI,4203 - MMIV RI,Chit Su Hlaing,2.23441E+15,MRCTBANK,5499,Lucky Store,9795553574,Lucky Store,2.23756E+15,"68,200.00",0,0,0,34.1,0,0,0,"68,200.00",SUCCESS,,,
18/08/2026 14:12,3.10142E+19,wm62853259133987102359,1.22026E+17,MMQR_PAYMENT,3101 - WAVE OI,4203 - MMIV RI,Chit Su Hlaing,2.23441E+15,MRCTBANK,5499,Lucky Store,9795553574,Lucky Store,2.23756E+15,"1,000.00",0,0,0,0.5,0,0,0,"1,000.00",SUCCESS,,,
18/08/2026 14:05,3.10142E+19,wm62849580484208958333,1.22026E+17,MMQR_PAYMENT,3101 - WAVE OI,4203 - MMIV RI,Htet Ko Ko,2.23441E+15,MRCTBANK,5499,PWINT PHYU,9790279491,PWINT PHYU,2.23756E+15,"11,000.00",0,0,0,5.5,0,0,0,"11,000.00",SUCCESS,,,
18/08/2026 14:05,3.10142E+19,wm126616973563844913529,1.22026E+17,MMQR_PAYMENT,3101 - WAVE OI,4203 - MMIV RI,Htet Ko Ko,2.23441E+15,MRCTBANK,5499,PWINT PHYU,9790279491,PWINT PHYU,2.23756E+15,"6,000.00",0,0,0,3,0,0,0,"6,000.00",SUCCESS,,,
18/08/2026 14:05,3.10142E+19,wm126616873927794141367,1.22026E+17,MMQR_PAYMENT,3101 - WAVE OI,4203 - MMIV RI,Htet Ko Ko,2.23441E+15,MRCTBANK,5499,PWINT PHYU,9790279491,PWINT PHYU,2.23756E+15,"7,000.00",0,0,0,3.5,0,0,0,"7,000.00",SUCCESS,,,
18/08/2026 14:00,2.10242E+19,31088I14005156000248,1.22026E+17,MMQR_PAYMENT,2102 - KBZ OI,4203 - MMIV RI,U No Tue,2.23737E+15,MRCTBANK,5542,100 Power 2 -YMT,9681976325,100 Power 2 -YMT,2.23756E+15,"90,000.00",270,126,144,45,0,0,81,"89,730.00",SUCCESS,,,
18/08/2026 14:00,2.10242E+19,31088I14002828000148,1.22026E+17,MMQR_PAYMENT,2102 - KBZ OI,4203 - MMIV RI,U No Tue,2.23737E+15,MRCTBANK,5542,100 Power 2 -YMT,9681976325,100 Power 2 -YMT,2.23756E+15,"121,000.00",363,169.4,193.6,60.5,0,0,108.9,"120,637.00",SUCCESS,,,
18/08/2026 14:00,2.10242E+19,31088I14000528000148,1.22026E+17,MMQR_PAYMENT,2102 - KBZ OI,4203 - MMIV RI,U No Tue,2.23737E+15,MRCTBANK,5542,100 Power 2 -YMT,9681976325,100 Power 2 -YMT,2.23756E+15,"110,000.00",330,154,176,55,0,0,99,"109,670.00",SUCCESS,,,
18/08/2026 13:57,3.10142E+19,wm126611911847058588911,1.22026E+17,MMQR_PAYMENT,3101 - WAVE OI,4203 - MMIV RI,Htet Ko Ko,2.23441E+15,MRCTBANK,5499,PWINT PHYU,9790279491,PWINT PHYU,2.23756E+15,"6,000.00",0,0,0,3,0,0,0,"6,000.00",SUCCESS,,,
18/08/2026 13:56,3.10142E+19,wm126611274514608995312,1.22026E+17,MMQR_PAYMENT,3101 - WAVE OI,4203 - MMIV RI,Htet Ko Ko,2.23441E+15,MRCTBANK,5499,PWINT PHYU,9790279491,PWINT PHYU,2.23756E+15,"7,000.00",0,0,0,3.5,0,0,0,"7,000.00",SUCCESS,,,
18/08/2026 13:55,3.10142E+19,wm126611101490093752416,1.22026E+17,MMQR_PAYMENT,3101 - WAVE OI,4203 - MMIV RI,Htet Ko Ko,2.23441E+15,MRCTBANK,5499,PWINT PHYU,9790279491,PWINT PHYU,2.23756E+15,"10,000.00",0,0,0,5,0,0,0,"10,000.00",SUCCESS,,,
18/08/2026 13:55,3.10142E+19,wm126610805602797971459,1.22026E+17,MMQR_PAYMENT,3101 - WAVE OI,4203 - MMIV RI,Htet Ko Ko,2.23441E+15,MRCTBANK,5499,PWINT PHYU,9790279491,PWINT PHYU,2.23756E+15,"7,000.00",0,0,0,3.5,0,0,0,"7,000.00",SUCCESS,,,
18/08/2026 13:54,3.10142E+19,wm126610428019616467941,1.22026E+17,MMQR_PAYMENT,3101 - WAVE OI,4203 - MMIV RI,Htet Ko Ko,2.23441E+15,MRCTBANK,5499,PWINT PHYU,9790279491,PWINT PHYU,2.23756E+15,"6,000.00",0,0,0,3,0,0,0,"6,000.00",SUCCESS,,,
18/08/2026 13:53,3.10142E+19,wm126609962280966412102,1.22026E+17,MMQR_PAYMENT,3101 - WAVE OI,4203 - MMIV RI,Htet Ko Ko,2.23441E+15,MRCTBANK,5499,PWINT PHYU,9790279491,PWINT PHYU,2.23756E+15,"5,000.00",0,0,0,2.5,0,0,0,"5,000.00",SUCCESS,,,
18/08/2026 13:53,3.10142E+19,wm126609641009310866040,1.22026E+17,MMQR_PAYMENT,3101 - WAVE OI,4203 - MMIV RI,Htet Ko Ko,2.23441E+15,MRCTBANK,5499,PWINT PHYU,9790279491,PWINT PHYU,2.23756E+15,"7,000.00",0,0,0,3.5,0,0,0,"7,000.00",SUCCESS,,,
18/08/2026 13:52,3.10142E+19,wm126609292157708393605,1.22026E+17,MMQR_PAYMENT,3101 - WAVE OI,4203 - MMIV RI,Htet Ko Ko,2.23441E+15,MRCTBANK,5499,PWINT PHYU,9790279491,PWINT PHYU,2.23756E+15,"8,000.00",0,0,0,4,0,0,0,"8,000.00",SUCCESS,,,
18/08/2026 13:52,3.10142E+19,wm126609186919420786205,1.22026E+17,MMQR_PAYMENT,3101 - WAVE OI,4203 - MMIV RI,Htet Ko Ko,2.23441E+15,MRCTBANK,5499,PWINT PHYU,9790279491,PWINT PHYU,2.23756E+15,"5,000.00",0,0,0,2.5,0,0,0,"5,000.00",SUCCESS,,,
18/08/2026 13:52,3.10142E+19,wm126608876878065736044,1.22026E+17,MMQR_PAYMENT,3101 - WAVE OI,4203 - MMIV RI,Htet Ko Ko,2.23441E+15,MRCTBANK,5499,PWINT PHYU,9790279491,PWINT PHYU,2.23756E+15,"6,000.00",0,0,0,3,0,0,0,"6,000.00",SUCCESS,,,
18/08/2026 13:51,3.10142E+19,wm126608691147078639011,1.22026E+17,MMQR_PAYMENT,3101 - WAVE OI,4203 - MMIV RI,Htet Ko Ko,2.23441E+15,MRCTBANK,5499,PWINT PHYU,9790279491,PWINT PHYU,2.23756E+15,"9,000.00",0,0,0,4.5,0,0,0,"9,000.00",SUCCESS,,,
18/08/2026 13:49,2.10242E+19,31088I13491928000136,1.22026E+17,MMQR_PAYMENT,2102 - KBZ OI,4203 - MMIV RI,Pyi Thein Kyaw,2.23737E+15,MRCTBANK,5499,999,9250672057,999,2.23756E+15,100,0,0,0,0.05,0,0,0,100,SUCCESS,,,
18/08/2026 13:47,2.10242E+19,31088I13470635000323,1.22026E+17,MMQR_PAYMENT,2102 - KBZ OI,4203 - MMIV RI,Thu Ya Win,2.23737E+15,MRCTBANK,5499,PYI SONE WIN PHONE STORE,9770050552,PYI SONE WIN PHONE STORE,2.23756E+15,"100,000.00",0,0,0,50,0,0,0,"100,000.00",SUCCESS,,,
18/08/2026 13:43,3.10142E+19,wm126603435098211534985,1.22026E+17,MMQR_PAYMENT,3101 - WAVE OI,4203 - MMIV RI,Khin Maung Win,2.23441E+15,MRCTBANK,5499,La Woon Store,9763013719,La Woon Store,2.23756E+15,"15,000.00",0,0,0,7.5,0,0,0,"15,000.00",SUCCESS,,,
18/08/2026 13:42,2.10242E+19,31088I13414835000248,1.22026E+17,MMQR_PAYMENT,2102 - KBZ OI,4203 - MMIV RI,U Khin Mg Win,2.23737E+15,MRCTBANK,5499,La Woon Store,9763013719,La Woon Store,2.23756E+15,"25,000.00",0,0,0,12.5,0,0,0,"25,000.00",SUCCESS,,,
18/08/2026 13:38,2.10242E+19,31088I13384243000112,1.22026E+17,MMQR_PAYMENT,2102 - KBZ OI,4203 - MMIV RI,AUNG AUNG,2.23737E+15,MRCTBANK,5499,Thin Store,9420291365,Thin Store,2.23756E+15,"201,000.00",0,0,0,100.5,0,0,0,"201,000.00",SUCCESS,,,
18/08/2026 13:38,2.10542E+19,E2E223767202608181338147151624272,1.22026E+17,MMQR_PAYMENT,2105 - UAB OI,4203 - MMIV RI,EI EI PYONE,2.23768E+15,MRCTBANK,5499,MARIO,9964152596,MARIO,2.23756E+15,"100,000.00",0,0,0,50,0,0,0,"100,000.00",SUCCESS,,,
18/08/2026 13:34,2.10242E+19,31088I13334889000258,1.22026E+17,MMQR_PAYMENT,2102 - KBZ OI,4203 - MMIV RI,Aung Myo Thu,2.23737E+15,MRCTBANK,5499,Pan Ei,9774859992,Pan Ei,2.23756E+15,100,0,0,0,0.05,0,0,0,100,SUCCESS,,,
18/08/2026 13:31,2.10142E+19,AYA21016a84032a0083d934012f567b,1.22026E+17,MMQR_PAYMENT,2101 - AYA OI,4203 - MMIV RI,TUN TUN WIN,2.237E+15,MRCTBANK,5812,Eugenia Cafe,943200739,Eugenia Cafe,2.23756E+15,"148,050.00",740.25,340.51,399.74,74.03,0,0,266.48,"147,309.75",SUCCESS,,,
18/08/2026 13:29,2.10242E+19,31088I13290102000101,1.22026E+17,MMQR_PAYMENT,2102 - KBZ OI,4203 - MMIV RI,Ma Pyae Sone Oo,2.23737E+15,MRCTBANK,5499,PYI SONE WIN PHONE STORE,9770050552,PYI SONE WIN PHONE STORE,2.23756E+15,"40,000.00",0,0,0,20,0,0,0,"40,000.00",SUCCESS,,,
18/08/2026 13:28,2.10142E+19,AYA21016a84027450b4b085e09e4044,1.22026E+17,MMQR_PAYMENT,2101 - AYA OI,4203 - MMIV RI,EI EI PYONE,2.237E+15,MRCTBANK,5499,MARIO,9964152596,MARIO,2.23756E+15,"400,000.00",0,0,0,200,0,0,0,"400,000.00",SUCCESS,,,
18/08/2026 13:22,2.10242E+19,31088I13224989000313,1.22026E+17,MMQR_PAYMENT,2102 - KBZ OI,4203 - MMIV RI,Tar Yar Bo,2.23737E+15,MRCTBANK,5499,SAN THIT LWIN,9966431676,SAN THIT LWIN,2.23756E+15,"7,500.00",0,0,0,3.75,0,0,0,"7,500.00",SUCCESS,,,
18/08/2026 13:22,2.10242E+19,31088I13222443000135,1.22026E+17,MMQR_PAYMENT,2102 - KBZ OI,4203 - MMIV RI,Khant Nyi Phyo,2.23737E+15,MRCTBANK,5499,IC 2,9959533636,IC 2,2.23756E+15,"10,000.00",0,0,0,5,0,0,0,"10,000.00",SUCCESS,,,
18/08/2026 13:21,2.10242E+19,31088I13212243000155,1.22026E+17,MMQR_PAYMENT,2102 - KBZ OI,4203 - MMIV RI,Ma May Su Mon,2.23737E+15,MRCTBANK,5499,May Myanmar,9448098913,May Myanmar,2.23756E+15,"28,700.00",0,0,0,14.35,0,0,0,"28,700.00",SUCCESS,,,
18/08/2026 13:21,2.10242E+19,31088I13210343000206,1.22026E+17,MMQR_PAYMENT,2102 - KBZ OI,4203 - MMIV RI,Ma May Hnin Moe,2.23737E+15,MRCTBANK,5812,Eugenia Cafe,943200739,Eugenia Cafe,2.23756E+15,"45,650.00",228.25,104.99,123.26,22.83,0,0,82.16,"45,421.75",SUCCESS,,,
18/08/2026 13:20,2.10242E+19,31088I13204002000226,1.22026E+17,MMQR_PAYMENT,2102 - KBZ OI,4203 - MMIV RI,Khin Moe Thu,2.23737E+15,MRCTBANK,5499,Hla Thidar Aung Store,9795551319,Hla Thidar Aung Store,2.23756E+15,"1,200.00",0,0,0,0.6,0,0,0,"1,200.00",SUCCESS,,,
18/08/2026 13:17,2.10242E+19,31088I13170743000155,1.22026E+17,MMQR_PAYMENT,2102 - KBZ OI,4203 - MMIV RI,Ma May Su Mon,2.23737E+15,MRCTBANK,5499,May Myanmar,9448098913,May Myanmar,2.23756E+15,"66,000.00",0,0,0,33,0,0,0,"66,000.00",SUCCESS,,,
18/08/2026 13:14,3.10142E+19,wm126586386729228741966,1.22026E+17,MMQR_PAYMENT,3101 - WAVE OI,4203 - MMIV RI,Aung Ko Oo,2.23441E+15,MRCTBANK,5499,Shan Lay Store,9972000766,Shan Lay Store,2.23756E+15,"4,400.00",0,0,0,2.2,0,0,0,"4,400.00",SUCCESS,,,
18/08/2026 13:14,2.10242E+19,31088I13141843000218,1.22026E+17,MMQR_PAYMENT,2102 - KBZ OI,4203 - MMIV RI,THIN THIN KHAING,2.23737E+15,MRCTBANK,5499,SEIN FAMILY,9790178150,SEIN FAMILY,2.23756E+15,"225,400.00",0,0,0,112.7,0,0,0,"225,400.00",SUCCESS,,,
18/08/2026 13:13,2.10242E+19,31088I13133128000118,1.22026E+17,MMQR_PAYMENT,2102 - KBZ OI,4203 - MMIV RI,THIN THIN KHAING,2.23737E+15,MRCTBANK,5499,SEIN FAMILY,9790178150,SEIN FAMILY,2.23756E+15,"500,000.00",0,0,0,250,0,0,0,"500,000.00",SUCCESS,,,
18/08/2026 13:13,2.10242E+19,31088I13131543000418,1.22026E+17,MMQR_PAYMENT,2102 - KBZ OI,4203 - MMIV RI,THIN THIN KHAING,2.23737E+15,MRCTBANK,5499,SEIN FAMILY,9790178150,SEIN FAMILY,2.23756E+15,"500,000.00",0,0,0,250,0,0,0,"500,000.00",SUCCESS,,,
18/08/2026 13:13,2.10242E+19,31088I13125435000318,1.22026E+17,MMQR_PAYMENT,2102 - KBZ OI,4203 - MMIV RI,THIN THIN KHAING,2.23737E+15,MRCTBANK,5499,SEIN FAMILY,9790178150,SEIN FAMILY,2.23756E+15,"500,000.00",0,0,0,250,0,0,0,"500,000.00",SUCCESS,,,
18/08/2026 13:12,2.10242E+19,31088I13123643000126,1.22026E+17,MMQR_PAYMENT,2102 - KBZ OI,4203 - MMIV RI,War War Soe,2.23737E+15,MRCTBANK,5499,SAI THIHA,9666127440,SAI THIHA,2.23756E+15,"5,000.00",0,0,0,2.5,0,0,0,"5,000.00",SUCCESS,,,
18/08/2026 13:12,2.10242E+19,31088I13121828000118,1.22026E+17,MMQR_PAYMENT,2102 - KBZ OI,4203 - MMIV RI,THIN THIN KHAING,2.23737E+15,MRCTBANK,5499,SEIN FAMILY,9790178150,SEIN FAMILY,2.23756E+15,"500,000.00",0,0,0,250,0,0,0,"500,000.00",SUCCESS,,,
18/08/2026 13:12,2.10242E+19,31088I13115502000112,1.22026E+17,MMQR_PAYMENT,2102 - KBZ OI,4203 - MMIV RI,MOON JAN,2.23737E+15,MRCTBANK,5812,Eugenia Cafe,943200739,Eugenia Cafe,2.23756E+15,"101,850.00",509.25,234.25,275,50.93,0,0,183.32,"101,340.75",SUCCESS,,,
18/08/2026 13:10,2.10242E+19,31088I13100689000127,1.22026E+17,MMQR_PAYMENT,2102 - KBZ OI,4203 - MMIV RI,Ma Sin Thi Yar Mon,2.23737E+15,MRCTBANK,5499,A.S.K,95156238,A.S.K,2.23756E+15,"20,300.00",0,0,0,10.15,0,0,0,"20,300.00",SUCCESS,,,
18/08/2026 13:08,2.10242E+19,31088I13080643000236,1.22026E+17,MMQR_PAYMENT,2102 - KBZ OI,4203 - MMIV RI,Pyi Thein Kyaw,2.23737E+15,MRCTBANK,5499,MARIO,9964152596,MARIO,2.23756E+15,100,0,0,0,0.05,0,0,0,100,SUCCESS,,,
18/08/2026 13:05,3.10142E+19,wm62813357868901977896,1.22026E+17,MMQR_PAYMENT,3101 - WAVE OI,4203 - MMIV RI,Thet Wai Aung,2.23441E+15,MRCTBANK,5499,LAMIN THAR,9765787858,LAMIN THAR,2.23756E+15,"500,000.00",0,0,0,250,0,0,0,"500,000.00",SUCCESS,,,
18/08/2026 13:04,3.10142E+19,wm126580447692845978850,1.22026E+17,MMQR_PAYMENT,3101 - WAVE OI,4203 - MMIV RI,Thet Wai Aung,2.23441E+15,MRCTBANK,5499,LAMIN THAR,9765787858,LAMIN THAR,2.23756E+15,"500,000.00",0,0,0,250,0,0,0,"500,000.00",SUCCESS,,,
18/08/2026 13:04,2.10242E+19,31088I13043828000218,1.22026E+17,MMQR_PAYMENT,2102 - KBZ OI,4203 - MMIV RI,MOE MOE MAY ZIN KHAING,2.23737E+15,MRCTBANK,5499,A.S.K,95156238,A.S.K,2.23756E+15,"20,300.00",0,0,0,10.15,0,0,0,"20,300.00",SUCCESS,,,
18/08/2026 12:58,2.10142E+19,AYA21016a83fb91dc99c13430f5d335,1.22026E+17,MMQR_PAYMENT,2101 - AYA OI,4203 - MMIV RI,TET TUN,2.237E+15,MRCTBANK,5499,LA WUNN CLOTHING SHOP,9755592080,LA WUNN CLOTHING SHOP,2.23756E+15,"200,000.00",0,0,0,100,0,0,0,"200,000.00",SUCCESS,,,
18/08/2026 12:58,2.10142E+19,AYA21016a83fb7be2787928a35d9458,1.22026E+17,MMQR_PAYMENT,2101 - AYA OI,4203 - MMIV RI,TET TUN,2.237E+15,MRCTBANK,5499,LA WUNN CLOTHING SHOP,9755592080,LA WUNN CLOTHING SHOP,2.23756E+15,"200,000.00",0,0,0,100,0,0,0,"200,000.00",SUCCESS,,,
18/08/2026 12:57,2.10142E+19,AYA21016a83fb66ac122a90be8e0250,1.22026E+17,MMQR_PAYMENT,2101 - AYA OI,4203 - MMIV RI,TET TUN,2.237E+15,MRCTBANK,5499,LA WUNN CLOTHING SHOP,9755592080,LA WUNN CLOTHING SHOP,2.23756E+15,"100,000.00",0,0,0,50,0,0,0,"100,000.00",SUCCESS,,,
18/08/2026 12:57,2.10142E+19,AYA21016a83fb460c695bb28b2b4496,1.22026E+17,MMQR_PAYMENT,2101 - AYA OI,4203 - MMIV RI,TET TUN,2.237E+15,MRCTBANK,5499,LA WUNN CLOTHING SHOP,9755592080,LA WUNN CLOTHING SHOP,2.23756E+15,"300,000.00",0,0,0,150,0,0,0,"300,000.00",SUCCESS,,,
18/08/2026 12:57,2.10142E+19,AYA21016a83fb321c36c4277194097c,1.22026E+17,MMQR_PAYMENT,2101 - AYA OI,4203 - MMIV RI,TET TUN,2.237E+15,MRCTBANK,5499,LA WUNN CLOTHING SHOP,9755592080,LA WUNN CLOTHING SHOP,2.23756E+15,"100,000.00",0,0,0,50,0,0,0,"100,000.00",SUCCESS,,,
18/08/2026 12:56,2.10142E+19,AYA21016a83fb1d239cadb73ebbf35b,1.22026E+17,MMQR_PAYMENT,2101 - AYA OI,4203 - MMIV RI,TET TUN,2.237E+15,MRCTBANK,5499,LA WUNN CLOTHING SHOP,9755592080,LA WUNN CLOTHING SHOP,2.23756E+15,"300,000.00",0,0,0,150,0,0,0,"300,000.00",SUCCESS,,,
18/08/2026 12:56,2.10142E+19,AYA21016a83faf5fcde401c022f3941,1.22026E+17,MMQR_PAYMENT,2101 - AYA OI,4203 - MMIV RI,TET TUN,2.237E+15,MRCTBANK,5499,LA WUNN CLOTHING SHOP,9755592080,LA WUNN CLOTHING SHOP,2.23756E+15,"200,000.00",0,0,0,100,0,0,0,"200,000.00",SUCCESS,,,
18/08/2026 12:55,2.10142E+19,AYA21016a83fadf35c0ea8dbd098e54,1.22026E+17,MMQR_PAYMENT,2101 - AYA OI,4203 - MMIV RI,TET TUN,2.237E+15,MRCTBANK,5499,LA WUNN CLOTHING SHOP,9755592080,LA WUNN CLOTHING SHOP,2.23756E+15,"200,000.00",0,0,0,100,0,0,0,"200,000.00",SUCCESS,,,
18/08/2026 12:55,2.10142E+19,AYA21016a83fac4239cadb73ebbf2bc,1.22026E+17,MMQR_PAYMENT,2101 - AYA OI,4203 - MMIV RI,TET TUN,2.237E+15,MRCTBANK,5499,LA WUNN CLOTHING SHOP,9755592080,LA WUNN CLOTHING SHOP,2.23756E+15,"200,000.00",0,0,0,100,0,0,0,"200,000.00",SUCCESS,,,
18/08/2026 12:51,2.10242E+19,31088I12505702000259,1.22026E+17,MMQR_PAYMENT,2102 - KBZ OI,4203 - MMIV RI,CHAW YU THWE,2.23737E+15,MRCTBANK,5499,A.S.K,95156238,A.S.K,2.23756E+15,"30,500.00",0,0,0,15.25,0,0,0,"30,500.00",SUCCESS,,,
18/08/2026 12:38,2.10142E+19,AYA21016a83f6ec02bc93bdce72fdb1,1.22026E+17,MMQR_PAYMENT,2101 - AYA OI,4203 - MMIV RI,NILAR AUNG,2.237E+15,MRCTBANK,5499,SEIN MITHARSU(2),9740011544,SEIN MITHARSU(2),2.23756E+15,"200,000.00",0,0,0,100,0,0,0,"200,000.00",SUCCESS,,,
18/08/2026 12:38,2.10242E+19,31088I12375835000150,1.22026E+17,MMQR_PAYMENT,2102 - KBZ OI,4203 - MMIV RI,shweyaminoo,2.23737E+15,MRCTBANK,5499,La Woon Store,9763013719,La Woon Store,2.23756E+15,"20,000.00",0,0,0,10,0,0,0,"20,000.00",SUCCESS,,,
18/08/2026 12:36,3.10142E+19,wm126563431660235501045,1.22026E+17,MMQR_PAYMENT,3101 - WAVE OI,4203 - MMIV RI,Nan Chan Mya Win,2.23441E+15,MRCTBANK,5499,PWINT PHYU,9790279491,PWINT PHYU,2.23756E+15,"5,000.00",0,0,0,2.5,0,0,0,"5,000.00",SUCCESS,,,
18/08/2026 12:35,2.10242E+19,31088I12355356000153,1.22026E+17,MMQR_PAYMENT,2102 - KBZ OI,4203 - MMIV RI,NAING LOON PYAE,2.23737E+15,MRCTBANK,5499,LAMIN THAR,9765787858,LAMIN THAR,2.23756E+15,"50,500.00",0,0,0,25.25,0,0,0,"50,500.00",SUCCESS,,,
18/08/2026 12:35,3.10142E+19,wm126562791979575938821,1.22026E+17,MMQR_PAYMENT,3101 - WAVE OI,4203 - MMIV RI,Nan Chan Mya Win,2.23441E+15,MRCTBANK,5499,PWINT PHYU,9790279491,PWINT PHYU,2.23756E+15,"7,000.00",0,0,0,3.5,0,0,0,"7,000.00",SUCCESS,,,
18/08/2026 12:35,3.10142E+19,wm126562663343438099984,1.22026E+17,MMQR_PAYMENT,3101 - WAVE OI,4203 - MMIV RI,Nan Chan Mya Win,2.23441E+15,MRCTBANK,5499,PWINT PHYU,9790279491,PWINT PHYU,2.23756E+15,"6,200.00",0,0,0,3.1,0,0,0,"6,200.00",SUCCESS,,,
18/08/2026 12:34,3.10142E+19,wm126562532291544968413,1.22026E+17,MMQR_PAYMENT,3101 - WAVE OI,4203 - MMIV RI,Nan Chan Mya Win,2.23441E+15,MRCTBANK,5499,PWINT PHYU,9790279491,PWINT PHYU,2.23756E+15,"5,600.00",0,0,0,2.8,0,0,0,"5,600.00",SUCCESS,,,
18/08/2026 12:34,2.10242E+19,31088I12342156000206,1.22026E+17,MMQR_PAYMENT,2102 - KBZ OI,4203 - MMIV RI,AYE PWINT SAN,2.23737E+15,MRCTBANK,5499,Shine Ray,92225127,Shine Ray,2.23756E+15,"30,300.00",0,0,0,15.15,0,0,0,"30,300.00",SUCCESS,,,
18/08/2026 12:34,3.10142E+19,wm126562118122942972125,1.22026E+17,MMQR_PAYMENT,3101 - WAVE OI,4203 - MMIV RI,Nan Chan Mya Win,2.23441E+15,MRCTBANK,5499,PWINT PHYU,9790279491,PWINT PHYU,2.23756E+15,"7,100.00",0,0,0,3.55,0,0,0,"7,100.00",SUCCESS,,,
18/08/2026 12:34,3.10142E+19,wm126561971956604112734,1.22026E+17,MMQR_PAYMENT,3101 - WAVE OI,4203 - MMIV RI,Nan Chan Mya Win,2.23441E+15,MRCTBANK,5499,PWINT PHYU,9790279491,PWINT PHYU,2.23756E+15,"5,700.00",0,0,0,2.85,0,0,0,"5,700.00",SUCCESS,,,
18/08/2026 12:33,3.10142E+19,wm126561819284204544651,1.22026E+17,MMQR_PAYMENT,3101 - WAVE OI,4203 - MMIV RI,Nan Chan Mya Win,2.23441E+15,MRCTBANK,5499,PWINT PHYU,9790279491,PWINT PHYU,2.23756E+15,"5,100.00",0,0,0,2.55,0,0,0,"5,100.00",SUCCESS,,,
18/08/2026 12:33,3.10142E+19,wm126561645946840668344,1.22026E+17,MMQR_PAYMENT,3101 - WAVE OI,4203 - MMIV RI,Nan Chan Mya Win,2.23441E+15,MRCTBANK,5499,PWINT PHYU,9790279491,PWINT PHYU,2.23756E+15,"9,900.00",0,0,0,4.95,0,0,0,"9,900.00",SUCCESS,,,
18/08/2026 12:33,2.10242E+19,31088I12331443000200,1.22026E+17,MMQR_PAYMENT,2102 - KBZ OI,4203 - MMIV RI,Kaung Khant Kyaw,2.23737E+15,MRCTBANK,5499,KHIN HNIN WAI,9253007127,KHIN HNIN WAI,2.23756E+15,"1,000.00",0,0,0,0.5,0,0,0,"1,000.00",SUCCESS,,,
18/08/2026 12:33,2.10242E+19,31088I12330756000110,1.22026E+17,MMQR_PAYMENT,2102 - KBZ OI,4203 - MMIV RI,U MYINT ZAW AUNG,2.23737E+15,MRCTBANK,5812,Eugenia Cafe,943200739,Eugenia Cafe,2.23756E+15,"16,250.00",81.25,37.37,43.88,8.13,0,0,29.24,"16,168.75",SUCCESS,,,
18/08/2026 12:32,3.10142E+19,wm126561278165077969512,1.22026E+17,MMQR_PAYMENT,3101 - WAVE OI,4203 - MMIV RI,Nan Chan Mya Win,2.23441E+15,MRCTBANK,5499,PWINT PHYU,9790279491,PWINT PHYU,2.23756E+15,"5,900.00",0,0,0,2.95,0,0,0,"5,900.00",SUCCESS,,,
18/08/2026 12:32,3.10142E+19,wm126560858525853508134,1.22026E+17,MMQR_PAYMENT,3101 - WAVE OI,4203 - MMIV RI,Nan Chan Mya Win,2.23441E+15,MRCTBANK,5499,PWINT PHYU,9790279491,PWINT PHYU,2.23756E+15,"7,200.00",0,0,0,3.6,0,0,0,"7,200.00",SUCCESS,,,
18/08/2026 12:31,3.10142E+19,wm126560610068550229776,1.22026E+17,MMQR_PAYMENT,3101 - WAVE OI,4203 - MMIV RI,Nan Chan Mya Win,2.23441E+15,MRCTBANK,5499,PWINT PHYU,9790279491,PWINT PHYU,2.23756E+15,"6,300.00",0,0,0,3.15,0,0,0,"6,300.00",SUCCESS,,,
18/08/2026 12:30,2.10242E+19,31088I12303856000308,1.22026E+17,MMQR_PAYMENT,2102 - KBZ OI,4203 - MMIV RI,PHYO WAI THAUNG,2.23737E+15,MRCTBANK,5499,LAMIN THAR,9765787858,LAMIN THAR,2.23756E+15,"70,700.00",0,0,0,35.35,0,0,0,"70,700.00",SUCCESS,,,
18/08/2026 12:20,2.10242E+19,31088I12195843000157,1.22026E+17,MMQR_PAYMENT,2102 - KBZ OI,4203 - MMIV RI,NAY LIN,2.23737E+15,MRCTBANK,5812,Eugenia Cafe,943200739,Eugenia Cafe,2.23756E+15,"16,250.00",81.25,37.37,43.88,8.13,0,0,29.24,"16,168.75",SUCCESS,,,
18/08/2026 12:17,2.10242E+19,31088I12173643000229,1.22026E+17,MMQR_PAYMENT,2102 - KBZ OI,4203 - MMIV RI,Mg Aung Aung,2.23737E+15,MRCTBANK,5499,A.S.K,95156238,A.S.K,2.23756E+15,"10,000.00",0,0,0,5,0,0,0,"10,000.00",SUCCESS,,,
18/08/2026 12:16,2.10342E+19,FT26230DSSPR,1.22026E+17,MMQR_PAYMENT,2103 - CB OI,4203 - MMIV RI,SHYAM KUMAR,2.23772E+15,MRCTBANK,5499,Shan Lay Store,9972000766,Shan Lay Store,2.23756E+15,"5,000.00",0,0,0,2.5,0,0,0,"5,000.00",SUCCESS,,,
18/08/2026 12:15,2.10142E+19,AYA21016a83f189fcde401c022f285a,1.22026E+17,MMQR_PAYMENT,2101 - AYA OI,4203 - MMIV RI,SHYAM KUMAR,2.237E+15,MRCTBANK,5499,Shan Lay Store,9972000766,Shan Lay Store,2.23756E+15,"18,180.00",0,0,0,9.09,0,0,0,"18,180.00",SUCCESS,,,
18/08/2026 12:15,2.10142E+19,AYA21016a83f17b4f00544bcdb5f304,1.22026E+17,MMQR_PAYMENT,2101 - AYA OI,4203 - MMIV RI,SHYAM KUMAR,2.237E+15,MRCTBANK,5499,Shan Lay Store,9972000766,Shan Lay Store,2.23756E+15,"70,000.00",0,0,0,35,0,0,0,"70,000.00",SUCCESS,,,
18/08/2026 12:15,2.10142E+19,AYA21016a83f16e032ebb26a016eab3,1.22026E+17,MMQR_PAYMENT,2101 - AYA OI,4203 - MMIV RI,SHYAM KUMAR,2.237E+15,MRCTBANK,5499,Shan Lay Store,9972000766,Shan Lay Store,2.23756E+15,"75,000.00",0,0,0,37.5,0,0,0,"75,000.00",SUCCESS,,,
18/08/2026 12:15,2.10142E+19,AYA21016a83f161fcde401c022f2825,1.22026E+17,MMQR_PAYMENT,2101 - AYA OI,4203 - MMIV RI,SHYAM KUMAR,2.237E+15,MRCTBANK,5499,Shan Lay Store,9972000766,Shan Lay Store,2.23756E+15,"80,000.00",0,0,0,40,0,0,0,"80,000.00",SUCCESS,,,
18/08/2026 12:14,2.10142E+19,AYA21016a83f152fcde401c022f2814,1.22026E+17,MMQR_PAYMENT,2101 - AYA OI,4203 - MMIV RI,SHYAM KUMAR,2.237E+15,MRCTBANK,5499,Shan Lay Store,9972000766,Shan Lay Store,2.23756E+15,"85,000.00",0,0,0,42.5,0,0,0,"85,000.00",SUCCESS,,,
18/08/2026 12:14,2.10142E+19,AYA21016a83f1438a6e7a84e8ec71d1,1.22026E+17,MMQR_PAYMENT,2101 - AYA OI,4203 - MMIV RI,SHYAM KUMAR,2.237E+15,MRCTBANK,5499,Shan Lay Store,9972000766,Shan Lay Store,2.23756E+15,"90,000.00",0,0,0,45,0,0,0,"90,000.00",SUCCESS,,,
18/08/2026 12:14,2.10142E+19,AYA21016a83f1323cb02d3966d5c961,1.22026E+17,MMQR_PAYMENT,2101 - AYA OI,4203 - MMIV RI,SHYAM KUMAR,2.237E+15,MRCTBANK,5499,Shan Lay Store,9972000766,Shan Lay Store,2.23756E+15,"95,000.00",0,0,0,47.5,0,0,0,"95,000.00",SUCCESS,,,
18/08/2026 12:11,2.10242E+19,31088I12111789000233,1.22026E+17,MMQR_PAYMENT,2102 - KBZ OI,4203 - MMIV RI,San Tho Kumar,2.23737E+15,MRCTBANK,5499,Ko Phone Electronic,95416195,Ko Phone Electronic,2.23756E+15,"135,000.00",0,0,0,67.5,0,0,0,"135,000.00",SUCCESS,,,
18/08/2026 12:11,2.10242E+19,31088I12110543000232,1.22026E+17,MMQR_PAYMENT,2102 - KBZ OI,4203 - MMIV RI,Kyaw Naing Moe,2.23737E+15,MRCTBANK,5499,Pyoe Mini Mart,9421083972,Pyoe Mini Mart,2.23756E+15,"2,100.00",0,0,0,1.05,0,0,0,"2,100.00",SUCCESS,,,
18/08/2026 12:09,2.10242E+19,31088I12094089000117,1.22026E+17,MMQR_PAYMENT,2102 - KBZ OI,4203 - MMIV RI,Khun Kyaw Zaw,2.23737E+15,MRCTBANK,5499,JUNCTION PINLAUNG LAPHET,9697999586,JUNCTION PINLAUNG LAPHET,2.23756E+15,"23,500.00",0,0,0,11.75,0,0,0,"23,500.00",SUCCESS,,,
18/08/2026 12:09,2.10142E+19,AYA21016a83eff63cb02d3966d5c70a,1.22026E+17,MMQR_PAYMENT,2101 - AYA OI,4203 - MMIV RI,SHYAM KUMAR,2.237E+15,MRCTBANK,5499,Shan Lay Store,9972000766,Shan Lay Store,2.23756E+15,"100,000.00",0,0,0,50,0,0,0,"100,000.00",SUCCESS,,,
18/08/2026 12:07,2.10142E+19,AYA21016a83ef7be6be3519be8bc748,1.22026E+17,MMQR_PAYMENT,2101 - AYA OI,4203 - MMIV RI,SHYAM KUMAR,2.237E+15,MRCTBANK,5499,Shan Lay Store,9972000766,Shan Lay Store,2.23756E+15,"90,000.00",0,0,0,45,0,0,0,"90,000.00",SUCCESS,,,
18/08/2026 12:06,2.10242E+19,31088I12063828000336,1.22026E+17,MMQR_PAYMENT,2102 - KBZ OI,4203 - MMIV RI,Pyi Thein Kyaw,2.23737E+15,MRCTBANK,5499,SAUNG THAZIN,9799209699,SAUNG THAZIN,2.23756E+15,100,0,0,0,0.05,0,0,0,100,SUCCESS,,,
18/08/2026 12:06,2.10142E+19,AYA21016a83ef5f90ffd169bdab4a34,1.22026E+17,MMQR_PAYMENT,2101 - AYA OI,4203 - MMIV RI,SHYAM KUMAR,2.237E+15,MRCTBANK,5499,Shan Lay Store,9972000766,Shan Lay Store,2.23756E+15,"85,000.00",0,0,0,42.5,0,0,0,"85,000.00",SUCCESS,,,
18/08/2026 12:06,2.10142E+19,AYA21016a83ef4c7e348143e37fba87,1.22026E+17,MMQR_PAYMENT,2101 - AYA OI,4203 - MMIV RI,SHYAM KUMAR,2.237E+15,MRCTBANK,5499,Shan Lay Store,9972000766,Shan Lay Store,2.23756E+15,"80,000.00",0,0,0,40,0,0,0,"80,000.00",SUCCESS,,,
18/08/2026 12:06,2.10142E+19,AYA21016a83ef3bc0173ee3c860a426,1.22026E+17,MMQR_PAYMENT,2101 - AYA OI,4203 - MMIV RI,SHYAM KUMAR,2.237E+15,MRCTBANK,5499,Shan Lay Store,9972000766,Shan Lay Store,2.23756E+15,"75,000.00",0,0,0,37.5,0,0,0,"75,000.00",SUCCESS,,,
18/08/2026 12:05,2.10242E+19,31088I12054835000155,1.22026E+17,MMQR_PAYMENT,2102 - KBZ OI,4203 - MMIV RI,Sein Win,2.23737E+15,MRCTBANK,5812,Eugenia Cafe,943200739,Eugenia Cafe,2.23756E+15,"49,000.00",245,112.7,132.3,24.5,0,0,88.2,"48,755.00",SUCCESS,,,
18/08/2026 12:04,2.10142E+19,AYA21016a83eedb87af6a60797f12ae,1.22026E+17,MMQR_PAYMENT,2101 - AYA OI,4203 - MMIV RI,SHYAM KUMAR,2.237E+15,MRCTBANK,5499,Shan Lay Store,9972000766,Shan Lay Store,2.23756E+15,"70,000.00",0,0,0,35,0,0,0,"70,000.00",SUCCESS,,,
18/08/2026 12:03,2.10142E+19,AYA21016a83ee97dc7c7bcbffcdf5eb,1.22026E+17,MMQR_PAYMENT,2101 - AYA OI,4203 - MMIV RI,SHYAM KUMAR,2.237E+15,MRCTBANK,5499,Shan Lay Store,9972000766,Shan Lay Store,2.23756E+15,"65,000.00",0,0,0,32.5,0,0,0,"65,000.00",SUCCESS,,,
18/08/2026 12:00,2.10242E+19,31088I12000743000118,1.22026E+17,MMQR_PAYMENT,2102 - KBZ OI,4203 - MMIV RI,DAW CHAW CHAW SU,2.23737E+15,MRCTBANK,5499,San Cherry Electronic,9452241144,San Cherry Electronic,2.23756E+15,"40,000.00",0,0,0,20,0,0,0,"40,000.00",SUCCESS,,,
18/08/2026 11:59,2.10242E+19,31088I11594789000251,1.22026E+17,MMQR_PAYMENT,2102 - KBZ OI,4203 - MMIV RI,DAW NILAR AUNG,2.23737E+15,MRCTBANK,5499,SEIN FAMILY,9790178150,SEIN FAMILY,2.23756E+15,"100,000.00",0,0,0,50,0,0,0,"100,000.00",SUCCESS,,,
18/08/2026 11:59,2.10242E+19,31088I11592702000201,1.22026E+17,MMQR_PAYMENT,2102 - KBZ OI,4203 - MMIV RI,JEREMIAH VAN,2.23737E+15,MRCTBANK,5499,SAI THIHA,9666127440,SAI THIHA,2.23756E+15,"5,000.00",0,0,0,2.5,0,0,0,"5,000.00",SUCCESS,,,
18/08/2026 11:59,2.10242E+19,31088I11593556000151,1.22026E+17,MMQR_PAYMENT,2102 - KBZ OI,4203 - MMIV RI,DAW NILAR AUNG,2.23737E+15,MRCTBANK,5499,SEIN FAMILY,9790178150,SEIN FAMILY,2.23756E+15,"50,000.00",0,0,0,25,0,0,0,"50,000.00",SUCCESS,,,
18/08/2026 11:59,2.10242E+19,31088I11592302000351,1.22026E+17,MMQR_PAYMENT,2102 - KBZ OI,4203 - MMIV RI,DAW NILAR AUNG,2.23737E+15,MRCTBANK,5499,SEIN FAMILY,9790178150,SEIN FAMILY,2.23756E+15,"100,000.00",0,0,0,50,0,0,0,"100,000.00",SUCCESS,,,
18/08/2026 11:59,2.10242E+19,31088I11591028000151,1.22026E+17,MMQR_PAYMENT,2102 - KBZ OI,4203 - MMIV RI,DAW NILAR AUNG,2.23737E+15,MRCTBANK,5499,SEIN FAMILY,9790178150,SEIN FAMILY,2.23756E+15,"50,000.00",0,0,0,25,0,0,0,"50,000.00",SUCCESS,,,
18/08/2026 11:57,2.10242E+19,31088I11574228000151,1.22026E+17,MMQR_PAYMENT,2102 - KBZ OI,4203 - MMIV RI,DAW NILAR AUNG,2.23737E+15,MRCTBANK,5499,SEIN FAMILY,9790178150,SEIN FAMILY,2.23756E+15,"150,000.00",0,0,0,75,0,0,0,"150,000.00",SUCCESS,,,
18/08/2026 11:57,2.10242E+19,31088I11572602000151,1.22026E+17,MMQR_PAYMENT,2102 - KBZ OI,4203 - MMIV RI,DAW NILAR AUNG,2.23737E+15,MRCTBANK,5499,SEIN FAMILY,9790178150,SEIN FAMILY,2.23756E+15,"100,000.00",0,0,0,50,0,0,0,"100,000.00",SUCCESS,,,
18/08/2026 11:57,2.10242E+19,31088I11571343000151,1.22026E+17,MMQR_PAYMENT,2102 - KBZ OI,4203 - MMIV RI,DAW NILAR AUNG,2.23737E+15,MRCTBANK,5499,SEIN FAMILY,9790178150,SEIN FAMILY,2.23756E+15,"200,000.00",0,0,0,100,0,0,0,"200,000.00",SUCCESS,,,
18/08/2026 11:56,2.10242E+19,31088I11564443000351,1.22026E+17,MMQR_PAYMENT,2102 - KBZ OI,4203 - MMIV RI,DAW NILAR AUNG,2.23737E+15,MRCTBANK,5499,SEIN FAMILY,9790178150,SEIN FAMILY,2.23756E+15,"100,000.00",0,0,0,50,0,0,0,"100,000.00",SUCCESS,,,
18/08/2026 11:52,2.10242E+19,31088I11523056000157,1.22026E+17,MMQR_PAYMENT,2102 - KBZ OI,4203 - MMIV RI,U BHONE SAT PAING,2.23737E+15,MRCTBANK,5499,PWINT PHYU,9790279491,PWINT PHYU,2.23756E+15,500,0,0,0,0.25,0,0,0,500,SUCCESS,,,
18/08/2026 11:50,2.10242E+19,31088I11503456000149,1.22026E+17,MMQR_PAYMENT,2102 - KBZ OI,4203 - MMIV RI,Mg Aung KO Chit,2.23737E+15,MRCTBANK,5499,Pyoe Mini Mart,9421083972,Pyoe Mini Mart,2.23756E+15,"3,500.00",0,0,0,1.75,0,0,0,"3,500.00",SUCCESS,,,
18/08/2026 11:49,2.10242E+19,31088I11495135000131,1.22026E+17,MMQR_PAYMENT,2102 - KBZ OI,4203 - MMIV RI,Aung Pyae Phyo,2.23737E+15,MRCTBANK,5499,IC 2,9959533636,IC 2,2.23756E+15,"40,000.00",0,0,0,20,0,0,0,"40,000.00",SUCCESS,,,
18/08/2026 11:47,2.10242E+19,31088I11472956000103,1.22026E+17,MMQR_PAYMENT,2102 - KBZ OI,4203 - MMIV RI,Naw Aye Thadar,2.23737E+15,MRCTBANK,5499,SEIN FAMILY,9790178150,SEIN FAMILY,2.23756E+15,"300,000.00",0,0,0,150,0,0,0,"300,000.00",SUCCESS,,,
18/08/2026 11:47,2.10242E+19,31088I11470028000103,1.22026E+17,MMQR_PAYMENT,2102 - KBZ OI,4203 - MMIV RI,Naw Aye Thadar,2.23737E+15,MRCTBANK,5499,SEIN FAMILY,9790178150,SEIN FAMILY,2.23756E+15,"500,000.00",0,0,0,250,0,0,0,"500,000.00",SUCCESS,,,
18/08/2026 11:44,3.10142E+19,wm126532140469948426953,1.22026E+17,MMQR_PAYMENT,3101 - WAVE OI,4203 - MMIV RI,Thet Lwin,2.23441E+15,MRCTBANK,5499,La Woon Store,9763013719,La Woon Store,2.23756E+15,"5,000.00",0,0,0,2.5,0,0,0,"5,000.00",SUCCESS,,,
18/08/2026 11:44,2.10242E+19,31088I11440028000101,1.22026E+17,MMQR_PAYMENT,2102 - KBZ OI,4203 - MMIV RI,Lwin Lwin Moe Khine,2.23737E+15,MRCTBANK,5499,La Woon Store,9763013719,La Woon Store,2.23756E+15,"100,000.00",0,0,0,50,0,0,0,"100,000.00",SUCCESS,,,
18/08/2026 11:44,2.10242E+19,31088I11435002000137,1.22026E+17,MMQR_PAYMENT,2102 - KBZ OI,4203 - MMIV RI,Min Lwin aye,2.23737E+15,MRCTBANK,5499,Shan Lay Store,9972000766,Shan Lay Store,2.23756E+15,"10,000.00",0,0,0,5,0,0,0,"10,000.00",SUCCESS,,,
18/08/2026 11:43,2.10142E+19,AYA21016a83e9f5b75465d4ce851bb4,1.22026E+17,MMQR_PAYMENT,2101 - AYA OI,4203 - MMIV RI,SHYAM KUMAR,2.237E+15,MRCTBANK,5499,Shan Lay Store,9972000766,Shan Lay Store,2.23756E+15,"60,000.00",0,0,0,30,0,0,0,"60,000.00",SUCCESS,,,
18/08/2026 11:43,2.10142E+19,AYA21016a83e9e3cac9192bce431167,1.22026E+17,MMQR_PAYMENT,2101 - AYA OI,4203 - MMIV RI,SHYAM KUMAR,2.237E+15,MRCTBANK,5499,Shan Lay Store,9972000766,Shan Lay Store,2.23756E+15,"55,000.00",0,0,0,27.5,0,0,0,"55,000.00",SUCCESS,,,
18/08/2026 11:42,2.10142E+19,AYA21016a83e9d25d6ece86320186f0,1.22026E+17,MMQR_PAYMENT,2101 - AYA OI,4203 - MMIV RI,SHYAM KUMAR,2.237E+15,MRCTBANK,5499,Shan Lay Store,9972000766,Shan Lay Store,2.23756E+15,"50,000.00",0,0,0,25,0,0,0,"50,000.00",SUCCESS,,,
18/08/2026 11:42,2.10142E+19,AYA21016a83e9c1eb9d9aa924a8b9b4,1.22026E+17,MMQR_PAYMENT,2101 - AYA OI,4203 - MMIV RI,SHYAM KUMAR,2.237E+15,MRCTBANK,5499,Shan Lay Store,9972000766,Shan Lay Store,2.23756E+15,"45,000.00",0,0,0,22.5,0,0,0,"45,000.00",SUCCESS,,,
18/08/2026 11:42,2.10142E+19,AYA21016a83e9b49687779daf029324,1.22026E+17,MMQR_PAYMENT,2101 - AYA OI,4203 - MMIV RI,SHYAM KUMAR,2.237E+15,MRCTBANK,5499,Shan Lay Store,9972000766,Shan Lay Store,2.23756E+15,"40,000.00",0,0,0,20,0,0,0,"40,000.00",SUCCESS,,,
18/08/2026 11:42,2.10142E+19,AYA21016a83e9a2dc7c7bcbffcdec46,1.22026E+17,MMQR_PAYMENT,2101 - AYA OI,4203 - MMIV RI,SHYAM KUMAR,2.237E+15,MRCTBANK,5499,Shan Lay Store,9972000766,Shan Lay Store,2.23756E+15,"35,000.00",0,0,0,17.5,0,0,0,"35,000.00",SUCCESS,,,
18/08/2026 11:41,2.10142E+19,AYA21016a83e991f07b43c471e43286,1.22026E+17,MMQR_PAYMENT,2101 - AYA OI,4203 - MMIV RI,SHYAM KUMAR,2.237E+15,MRCTBANK,5499,Shan Lay Store,9972000766,Shan Lay Store,2.23756E+15,"30,000.00",0,0,0,15,0,0,0,"30,000.00",SUCCESS,,,
18/08/2026 11:41,2.10142E+19,AYA21016a83e96c72d7367024c080fc,1.22026E+17,MMQR_PAYMENT,2101 - AYA OI,4203 - MMIV RI,EI THET MON,2.237E+15,MRCTBANK,5499,SHWE MYINT MO THIT,9791908011,SHWE MYINT MO THIT,2.23756E+15,"500,000.00",0,0,0,250,0,0,0,"500,000.00",SUCCESS,,,
18/08/2026 11:35,2.10242E+19,31088I11353156000125,1.22026E+17,MMQR_PAYMENT,2102 - KBZ OI,4203 - MMIV RI,Ma phyu phyu Aung,2.23737E+15,MRCTBANK,5499,A LINN THIT MOBILE,9898459560,A LINN THIT MOBILE,2.23756E+15,"30,000.00",0,0,0,15,0,0,0,"30,000.00",SUCCESS,,,
18/08/2026 11:35,3.10142E+19,wm126526726336342012632,1.22026E+17,MMQR_PAYMENT,3101 - WAVE OI,4203 - MMIV RI,Phyu Phyu Aung,2.23441E+15,MRCTBANK,5499,A LINN THIT MOBILE,9898459560,A LINN THIT MOBILE,2.23756E+15,"70,000.00",0,0,0,35,0,0,0,"70,000.00",SUCCESS,,,
18/08/2026 11:31,2.10242E+19,31088I11315328000140,1.22026E+17,MMQR_PAYMENT,2102 - KBZ OI,4203 - MMIV RI,Ei Ho Ko,2.23737E+15,MRCTBANK,5812,Eugenia Cafe,943200739,Eugenia Cafe,2.23756E+15,"17,850.00",89.25,41.05,48.2,8.93,0,0,32.12,"17,760.75",SUCCESS,,,
18/08/2026 11:31,3.10142E+19,wm126524650104581107926,1.22026E+17,MMQR_PAYMENT,3101 - WAVE OI,4203 - MMIV RI,Daw Htay,2.23441E+15,MRCTBANK,5499,LAMIN THAR,9765787858,LAMIN THAR,2.23756E+15,"68,500.00",0,0,0,34.25,0,0,0,"68,500.00",SUCCESS,,,
18/08/2026 11:31,2.10242E+19,31088I11310143000160,1.22026E+17,MMQR_PAYMENT,2102 - KBZ OI,4203 - MMIV RI,Daw Khin Sandar Aung,2.23737E+15,MRCTBANK,5499,Shwe Pu Fashion,95182296,Shwe Pu Fashion,2.23756E+15,"7,500.00",0,0,0,3.75,0,0,0,"7,500.00",SUCCESS,,,
18/08/2026 11:30,2.10242E+19,31088I11302135000160,1.22026E+17,MMQR_PAYMENT,2102 - KBZ OI,4203 - MMIV RI,Daw Khin Sandar Aung,2.23737E+15,MRCTBANK,5499,Shwe Pu Fashion,95182296,Shwe Pu Fashion,2.23756E+15,"6,500.00",0,0,0,3.25,0,0,0,"6,500.00",SUCCESS,,,
18/08/2026 11:30,2.10242E+19,31088I11301289000160,1.22026E+17,MMQR_PAYMENT,2102 - KBZ OI,4203 - MMIV RI,Daw Khin Sandar Aung,2.23737E+15,MRCTBANK,5499,Shwe Pu Fashion,95182296,Shwe Pu Fashion,2.23756E+15,"6,500.00",0,0,0,3.25,0,0,0,"6,500.00",SUCCESS,,,
18/08/2026 11:30,2.10242E+19,31088I11300256000260,1.22026E+17,MMQR_PAYMENT,2102 - KBZ OI,4203 - MMIV RI,Daw Khin Sandar Aung,2.23737E+15,MRCTBANK,5499,Shwe Pu Fashion,95182296,Shwe Pu Fashion,2.23756E+15,"6,500.00",0,0,0,3.25,0,0,0,"6,500.00",SUCCESS,,,
18/08/2026 11:30,2.10242E+19,31088I11295443000260,1.22026E+17,MMQR_PAYMENT,2102 - KBZ OI,4203 - MMIV RI,Daw Khin Sandar Aung,2.23737E+15,MRCTBANK,5499,Shwe Pu Fashion,95182296,Shwe Pu Fashion,2.23756E+15,"6,500.00",0,0,0,3.25,0,0,0,"6,500.00",SUCCESS,,,
18/08/2026 11:29,2.10242E+19,31088I11294502000160,1.22026E+17,MMQR_PAYMENT,2102 - KBZ OI,4203 - MMIV RI,Daw Khin Sandar Aung,2.23737E+15,MRCTBANK,5499,Shwe Pu Fashion,95182296,Shwe Pu Fashion,2.23756E+15,"6,500.00",0,0,0,3.25,0,0,0,"6,500.00",SUCCESS,,,
18/08/2026 11:29,2.10242E+19,31088I11293635000160,1.22026E+17,MMQR_PAYMENT,2102 - KBZ OI,4203 - MMIV RI,Daw Khin Sandar Aung,2.23737E+15,MRCTBANK,5499,Shwe Pu Fashion,95182296,Shwe Pu Fashion,2.23756E+15,"6,500.00",0,0,0,3.25,0,0,0,"6,500.00",SUCCESS,,,
18/08/2026 11:29,2.10242E+19,31088I11292643000160,1.22026E+17,MMQR_PAYMENT,2102 - KBZ OI,4203 - MMIV RI,Daw Khin Sandar Aung,2.23737E+15,MRCTBANK,5499,Shwe Pu Fashion,95182296,Shwe Pu Fashion,2.23756E+15,"6,500.00",0,0,0,3.25,0,0,0,"6,500.00",SUCCESS,,,
18/08/2026 11:29,2.10242E+19,31088I11291789000160,1.22026E+17,MMQR_PAYMENT,2102 - KBZ OI,4203 - MMIV RI,Daw Khin Sandar Aung,2.23737E+15,MRCTBANK,5499,Shwe Pu Fashion,95182296,Shwe Pu Fashion,2.23756E+15,"6,500.00",0,0,0,3.25,0,0,0,"6,500.00",SUCCESS,,,
18/08/2026 11:29,2.10242E+19,31088I11290702000160,1.22026E+17,MMQR_PAYMENT,2102 - KBZ OI,4203 - MMIV RI,Daw Khin Sandar Aung,2.23737E+15,MRCTBANK,5499,Shwe Pu Fashion,95182296,Shwe Pu Fashion,2.23756E+15,"6,500.00",0,0,0,3.25,0,0,0,"6,500.00",SUCCESS,,,
18/08/2026 11:27,2.10242E+19,31088I11273789000121,1.22026E+17,MMQR_PAYMENT,2102 - KBZ OI,4203 - MMIV RI,Pyae Ko Ko,2.23737E+15,MRCTBANK,5499,A.S.K,95156238,A.S.K,2.23756E+15,"15,300.00",0,0,0,7.65,0,0,0,"15,300.00",SUCCESS,,,
18/08/2026 11:22,2.10242E+19,31088I11215956000224,1.22026E+17,MMQR_PAYMENT,2102 - KBZ OI,4203 - MMIV RI,Kaung Thiha Htoo,2.23737E+15,MRCTBANK,5499,Zaw Hmine,9976470977,Zaw Hmine,2.23756E+15,"3,000.00",0,0,0,1.5,0,0,0,"3,000.00",SUCCESS,,,
18/08/2026 11:20,2.10242E+19,31088I11204028000202,1.22026E+17,MMQR_PAYMENT,2102 - KBZ OI,4203 - MMIV RI,Chit Su,2.23737E+15,MRCTBANK,5499,KHINE MYITTER,9789470438,KHINE MYITTER,2.23756E+15,"45,000.00",0,0,0,22.5,0,0,0,"45,000.00",SUCCESS,,,
18/08/2026 11:20,2.10242E+19,31088I11200835000236,1.22026E+17,MMQR_PAYMENT,2102 - KBZ OI,4203 - MMIV RI,Pyi Thein Kyaw,2.23737E+15,MRCTBANK,5499,KYAW GYI,9750989775,KYAW GYI,2.23756E+15,100,0,0,0,0.05,0,0,0,100,SUCCESS,,,
18/08/2026 11:19,2.10242E+19,31088I11191435000116,1.22026E+17,MMQR_PAYMENT,2102 - KBZ OI,4203 - MMIV RI,Poe Ei Thu,2.23737E+15,MRCTBANK,5499,IC 2,9959533636,IC 2,2.23756E+15,"20,200.00",0,0,0,10.1,0,0,0,"20,200.00",SUCCESS,,,
18/08/2026 11:12,2.10242E+19,31088I11120056000246,1.22026E+17,MMQR_PAYMENT,2102 - KBZ OI,4203 - MMIV RI,Mg Thant Zin Aung,2.23737E+15,MRCTBANK,5499,Shan Lay Store,9972000766,Shan Lay Store,2.23756E+15,"15,000.00",0,0,0,7.5,0,0,0,"15,000.00",SUCCESS,,,
18/08/2026 11:10,2.10242E+19,31088I11101989000351,1.22026E+17,MMQR_PAYMENT,2102 - KBZ OI,4203 - MMIV RI,Sandar Win,2.23737E+15,MRCTBANK,5499,May Myanmar,9448098913,May Myanmar,2.23756E+15,"20,000.00",0,0,0,10,0,0,0,"20,000.00",SUCCESS,,,
18/08/2026 11:10,2.10242E+19,31088I11101135000120,1.22026E+17,MMQR_PAYMENT,2102 - KBZ OI,4203 - MMIV RI,U ZAW WIN HTET,2.23737E+15,MRCTBANK,5499,SOE THIT SAN MOBILE SHOP,9790712555,SOE THIT SAN MOBILE SHOP,2.23756E+15,"5,000.00",0,0,0,2.5,0,0,0,"5,000.00",SUCCESS,,,
18/08/2026 11:10,2.10242E+19,31088I11095102000157,1.22026E+17,MMQR_PAYMENT,2102 - KBZ OI,4203 - MMIV RI,U KYAW KYAW,2.23737E+15,MRCTBANK,5499,SOE THIT SAN MOBILE SHOP,9790712555,SOE THIT SAN MOBILE SHOP,2.23756E+15,"30,000.00",0,0,0,15,0,0,0,"30,000.00",SUCCESS,,,
18/08/2026 11:04,2.10242E+19,31088I11042328000122,1.22026E+17,MMQR_PAYMENT,2102 - KBZ OI,4203 - MMIV RI,Pyay Soe,2.23737E+15,MRCTBANK,5499,A LINN THIT MOBILE,9898459560,A LINN THIT MOBILE,2.23756E+15,"20,000.00",0,0,0,10,0,0,0,"20,000.00",SUCCESS,,,
18/08/2026 11:04,3.10142E+19,wm126508178586205922087,1.22026E+17,MMQR_PAYMENT,3101 - WAVE OI,4203 - MMIV RI,Naing Lwin,2.23441E+15,MRCTBANK,5499,Aye Chan Thu 2,9799840188,Aye Chan Thu 2,2.23756E+15,"350,000.00",0,0,0,175,0,0,0,"350,000.00",SUCCESS,,,
18/08/2026 11:00,2.10142E+19,AYA21016a83dfe4b75465d4ce850960,1.22026E+17,MMQR_PAYMENT,2101 - AYA OI,4203 - MMIV RI,AUNG ZAN,2.237E+15,MRCTBANK,5499,Aung,9975370539,Aung,2.23756E+15,"500,000.00",0,0,0,250,0,0,0,"500,000.00",SUCCESS,,,
18/08/2026 11:00,2.10142E+19,AYA21016a83dfd1b6f8e679ae90790e,1.22026E+17,MMQR_PAYMENT,2101 - AYA OI,4203 - MMIV RI,AUNG ZAN,2.237E+15,MRCTBANK,5499,Aung,9975370539,Aung,2.23756E+15,"500,000.00",0,0,0,250,0,0,0,"500,000.00",SUCCESS,,,
18/08/2026 10:59,2.10142E+19,AYA21016a83dfbd6487824ca1e83842,1.22026E+17,MMQR_PAYMENT,2101 - AYA OI,4203 - MMIV RI,AUNG ZAN,2.237E+15,MRCTBANK,5499,Aung,9975370539,Aung,2.23756E+15,"500,000.00",0,0,0,250,0,0,0,"500,000.00",SUCCESS,,,
18/08/2026 10:57,2.10242E+19,31088I10573102000146,1.22026E+17,MMQR_PAYMENT,2102 - KBZ OI,4203 - MMIV RI,AYE THAW DAR WIN,2.23737E+15,MRCTBANK,5499,Quartz Tun Tun,9254396307,Quartz Tun Tun,2.23756E+15,"156,000.00",0,0,0,78,0,0,0,"156,000.00",SUCCESS,,,
18/08/2026 10:57,2.10242E+19,31088I10572389000160,1.22026E+17,MMQR_PAYMENT,2102 - KBZ OI,4203 - MMIV RI,Daw Khin Sandar Aung,2.23737E+15,MRCTBANK,5499,Shwe Pu Fashion,95182296,Shwe Pu Fashion,2.23756E+15,"6,500.00",0,0,0,3.25,0,0,0,"6,500.00",SUCCESS,,,
18/08/2026 10:57,2.10242E+19,31088I10571328000360,1.22026E+17,MMQR_PAYMENT,2102 - KBZ OI,4203 - MMIV RI,Daw Khin Sandar Aung,2.23737E+15,MRCTBANK,5499,Shwe Pu Fashion,95182296,Shwe Pu Fashion,2.23756E+15,"6,500.00",0,0,0,3.25,0,0,0,"6,500.00",SUCCESS,,,
18/08/2026 10:57,2.10242E+19,31088I10570535000160,1.22026E+17,MMQR_PAYMENT,2102 - KBZ OI,4203 - MMIV RI,Daw Khin Sandar Aung,2.23737E+15,MRCTBANK,5499,Shwe Pu Fashion,95182296,Shwe Pu Fashion,2.23756E+15,"6,500.00",0,0,0,3.25,0,0,0,"6,500.00",SUCCESS,,,
18/08/2026 10:57,2.10242E+19,31088I10565602000160,1.22026E+17,MMQR_PAYMENT,2102 - KBZ OI,4203 - MMIV RI,Daw Khin Sandar Aung,2.23737E+15,MRCTBANK,5499,Shwe Pu Fashion,95182296,Shwe Pu Fashion,2.23756E+15,"6,500.00",0,0,0,3.25,0,0,0,"6,500.00",SUCCESS,,,
18/08/2026 10:56,2.10242E+19,31088I10564689000160,1.22026E+17,MMQR_PAYMENT,2102 - KBZ OI,4203 - MMIV RI,Daw Khin Sandar Aung,2.23737E+15,MRCTBANK,5499,Shwe Pu Fashion,95182296,Shwe Pu Fashion,2.23756E+15,"6,500.00",0,0,0,3.25,0,0,0,"6,500.00",SUCCESS,,,
18/08/2026 10:56,2.10242E+19,31088I10563443000121,1.22026E+17,MMQR_PAYMENT,2102 - KBZ OI,4203 - MMIV RI,Daw San San Myint,2.23737E+15,MRCTBANK,5499,San Cherry Electronic,9452241144,San Cherry Electronic,2.23756E+15,"200,000.00",0,0,0,100,0,0,0,"200,000.00",SUCCESS,,,
18/08/2026 10:56,2.10242E+19,31088I10561889000160,1.22026E+17,MMQR_PAYMENT,2102 - KBZ OI,4203 - MMIV RI,Daw Khin Sandar Aung,2.23737E+15,MRCTBANK,5499,Shwe Pu Fashion,95182296,Shwe Pu Fashion,2.23756E+15,"5,200.00",0,0,0,2.6,0,0,0,"5,200.00",SUCCESS,,,
18/08/2026 10:56,2.10242E+19,31088I10561128000159,1.22026E+17,MMQR_PAYMENT,2102 - KBZ OI,4203 - MMIV RI,Daw Aye Phyu,2.23737E+15,MRCTBANK,5499,Quartz Tun Tun,9254396307,Quartz Tun Tun,2.23756E+15,"300,000.00",0,0,0,150,0,0,0,"300,000.00",SUCCESS,,,
18/08/2026 10:56,2.10242E+19,31088I10560728000260,1.22026E+17,MMQR_PAYMENT,2102 - KBZ OI,4203 - MMIV RI,Daw Khin Sandar Aung,2.23737E+15,MRCTBANK,5499,Shwe Pu Fashion,95182296,Shwe Pu Fashion,2.23756E+15,"5,200.00",0,0,0,2.6,0,0,0,"5,200.00",SUCCESS,,,
18/08/2026 10:53,2.10242E+19,31088I10535289000160,1.22026E+17,MMQR_PAYMENT,2102 - KBZ OI,4203 - MMIV RI,Daw Khin Sandar Aung,2.23737E+15,MRCTBANK,5499,Shwe Pu Fashion,95182296,Shwe Pu Fashion,2.23756E+15,"5,200.00",0,0,0,2.6,0,0,0,"5,200.00",SUCCESS,,,
18/08/2026 10:53,2.10142E+19,AYA21016a83de56c0173ee3c8608552,1.22026E+17,MMQR_PAYMENT,2101 - AYA OI,4203 - MMIV RI,SHYAM KUMAR,2.237E+15,MRCTBANK,5499,Shan Lay Store,9972000766,Shan Lay Store,2.23756E+15,"25,000.00",0,0,0,12.5,0,0,0,"25,000.00",SUCCESS,,,
18/08/2026 10:53,2.10242E+19,31088I10534302000160,1.22026E+17,MMQR_PAYMENT,2102 - KBZ OI,4203 - MMIV RI,Daw Khin Sandar Aung,2.23737E+15,MRCTBANK,5499,Shwe Pu Fashion,95182296,Shwe Pu Fashion,2.23756E+15,"5,200.00",0,0,0,2.6,0,0,0,"5,200.00",SUCCESS,,,
18/08/2026 10:53,2.10242E+19,31088I10533302000160,1.22026E+17,MMQR_PAYMENT,2102 - KBZ OI,4203 - MMIV RI,Daw Khin Sandar Aung,2.23737E+15,MRCTBANK,5499,Shwe Pu Fashion,95182296,Shwe Pu Fashion,2.23756E+15,"5,200.00",0,0,0,2.6,0,0,0,"5,200.00",SUCCESS,,,
18/08/2026 10:53,2.10242E+19,31088I10532328000160,1.22026E+17,MMQR_PAYMENT,2102 - KBZ OI,4203 - MMIV RI,Daw Khin Sandar Aung,2.23737E+15,MRCTBANK,5499,Shwe Pu Fashion,95182296,Shwe Pu Fashion,2.23756E+15,"5,200.00",0,0,0,2.6,0,0,0,"5,200.00",SUCCESS,,,
18/08/2026 10:53,2.10142E+19,AYA21016a83de35458b2dec68a6cab8,1.22026E+17,MMQR_PAYMENT,2101 - AYA OI,4203 - MMIV RI,SHYAM KUMAR,2.237E+15,MRCTBANK,5499,Shan Lay Store,9972000766,Shan Lay Store,2.23756E+15,"2,000.00",0,0,0,1,0,0,0,"2,000.00",SUCCESS,,,
18/08/2026 10:53,2.10242E+19,31088I10524956000160,1.22026E+17,MMQR_PAYMENT,2102 - KBZ OI,4203 - MMIV RI,Daw Khin Sandar Aung,2.23737E+15,MRCTBANK,5499,Shwe Pu Fashion,95182296,Shwe Pu Fashion,2.23756E+15,"5,200.00",0,0,0,2.6,0,0,0,"5,200.00",SUCCESS,,,
18/08/2026 10:52,2.10142E+19,AYA21016a83de1808f8028e74dff4d0,1.22026E+17,MMQR_PAYMENT,2101 - AYA OI,4203 - MMIV RI,SHYAM KUMAR,2.237E+15,MRCTBANK,5499,Shan Lay Store,9972000766,Shan Lay Store,2.23756E+15,"15,000.00",0,0,0,7.5,0,0,0,"15,000.00",SUCCESS,,,
18/08/2026 10:52,2.10142E+19,AYA21016a83dde7032ebb26a016c5fe,1.22026E+17,MMQR_PAYMENT,2101 - AYA OI,4203 - MMIV RI,SHYAM KUMAR,2.237E+15,MRCTBANK,5499,Shan Lay Store,9972000766,Shan Lay Store,2.23756E+15,"10,000.00",0,0,0,5,0,0,0,"10,000.00",SUCCESS,,,
18/08/2026 10:51,2.10142E+19,AYA21016a83ddd28a6e7a84e8ec4c4b,1.22026E+17,MMQR_PAYMENT,2101 - AYA OI,4203 - MMIV RI,SHYAM KUMAR,2.237E+15,MRCTBANK,5499,Shan Lay Store,9972000766,Shan Lay Store,2.23756E+15,"5,000.00",0,0,0,2.5,0,0,0,"5,000.00",SUCCESS,,,
18/08/2026 10:42,2.10142E+19,AYA21016a83dbc251f0c75d11f8f867,1.22026E+17,MMQR_PAYMENT,2101 - AYA OI,4203 - MMIV RI,THIN YEE MON,2.237E+15,MRCTBANK,5812,Eugenia Cafe,943200739,Eugenia Cafe,2.23756E+15,"11,000.00",55,25.3,29.7,5.5,0,0,19.8,"10,945.00",SUCCESS,,,
18/08/2026 10:36,3.10142E+19,wm126491409208938244605,1.22026E+17,MMQR_PAYMENT,3101 - WAVE OI,4203 - MMIV RI,Hnin Aye Yin,2.23441E+15,MRCTBANK,5499,Quartz Tun Tun,9254396307,Quartz Tun Tun,2.23756E+15,"500,000.00",0,0,0,250,0,0,0,"500,000.00",SUCCESS,,,
18/08/2026 10:35,3.10142E+19,wm126490820545373293259,1.22026E+17,MMQR_PAYMENT,3101 - WAVE OI,4203 - MMIV RI,Hnin Aye Yin,2.23441E+15,MRCTBANK,5499,Quartz Tun Tun,9254396307,Quartz Tun Tun,2.23756E+15,"500,000.00",0,0,0,250,0,0,0,"500,000.00",SUCCESS,,,
18/08/2026 10:33,2.10142E+19,AYA21016a83d9a3d9a87ab508fea49b,1.22026E+17,MMQR_PAYMENT,2101 - AYA OI,4203 - MMIV RI,TUN TUN SOE,2.237E+15,MRCTBANK,5499,Quartz Tun Tun,9254396307,Quartz Tun Tun,2.23756E+15,"500,000.00",0,0,0,250,0,0,0,"500,000.00",SUCCESS,,,
18/08/2026 10:33,2.10142E+19,AYA21016a83d9a19afad4363e3010e9,1.22026E+17,MMQR_PAYMENT,2101 - AYA OI,4203 - MMIV RI,KYAW SOE NAING,2.237E+15,MRCTBANK,5499,Three Seasons,9421039218,Three Seasons,2.23756E+15,"101,000.00",0,0,0,50.5,0,0,0,"101,000.00",SUCCESS,,,
18/08/2026 10:33,3.10142E+19,wm126489829489015779819,1.22026E+17,MMQR_PAYMENT,3101 - WAVE OI,4203 - MMIV RI,Nan Chan Mya Win,2.23441E+15,MRCTBANK,5499,PWINT PHYU,9790279491,PWINT PHYU,2.23756E+15,"7,500.00",0,0,0,3.75,0,0,0,"7,500.00",SUCCESS,,,
18/08/2026 10:33,3.10142E+19,wm126489532355628066563,1.22026E+17,MMQR_PAYMENT,3101 - WAVE OI,4203 - MMIV RI,Nan Chan Mya Win,2.23441E+15,MRCTBANK,5499,PWINT PHYU,9790279491,PWINT PHYU,2.23756E+15,"6,500.00",0,0,0,3.25,0,0,0,"6,500.00",SUCCESS,,,
18/08/2026 10:29,3.10142E+19,wm126487320098559187542,1.22026E+17,MMQR_PAYMENT,3101 - WAVE OI,4203 - MMIV RI,Myat Phone Thit,2.23441E+15,MRCTBANK,5499,SEIN MITHARSU(2),9740011544,SEIN MITHARSU(2),2.23756E+15,500,0,0,0,0.25,0,0,0,500,SUCCESS,,,
18/08/2026 10:19,2.10242E+19,31088I10191956000140,1.22026E+17,MMQR_PAYMENT,2102 - KBZ OI,4203 - MMIV RI,HLAING WIN THU,2.23737E+15,MRCTBANK,5499,AMHWAR NYIMA,9770469333,AMHWAR NYIMA,2.23756E+15,"17,800.00",0,0,0,8.9,0,0,0,"17,800.00",SUCCESS,,,
18/08/2026 10:17,2.10242E+19,31088I10172489000154,1.22026E+17,MMQR_PAYMENT,2102 - KBZ OI,4203 - MMIV RI,EI THIRI MON,2.23737E+15,MRCTBANK,5499,SEIN MITHARSU(2),9740011544,SEIN MITHARSU(2),2.23756E+15,"202,000.00",0,0,0,101,0,0,0,"202,000.00",SUCCESS,,,
18/08/2026 10:16,3.10142E+19,wm62712178730028747478,1.22026E+17,MMQR_PAYMENT,3101 - WAVE OI,4203 - MMIV RI,Thet Wai Aung,2.23441E+15,MRCTBANK,5499,LAMIN THAR,9765787858,LAMIN THAR,2.23756E+15,"500,000.00",0,0,0,250,0,0,0,"500,000.00",SUCCESS,,,
18/08/2026 10:15,3.10142E+19,wm126478812682272396496,1.22026E+17,MMQR_PAYMENT,3101 - WAVE OI,4203 - MMIV RI,Thet Wai Aung,2.23441E+15,MRCTBANK,5499,LAMIN THAR,9765787858,LAMIN THAR,2.23756E+15,"100,000.00",0,0,0,50,0,0,0,"100,000.00",SUCCESS,,,
18/08/2026 10:14,3.10142E+19,wm126478263639325768556,1.22026E+17,MMQR_PAYMENT,3101 - WAVE OI,4203 - MMIV RI,Nan Chan Mya Win,2.23441E+15,MRCTBANK,5499,PWINT PHYU,9790279491,PWINT PHYU,2.23756E+15,"5,400.00",0,0,0,2.7,0,0,0,"5,400.00",SUCCESS,,,
18/08/2026 10:14,3.10142E+19,wm126478151077392688587,1.22026E+17,MMQR_PAYMENT,3101 - WAVE OI,4203 - MMIV RI,Nan Chan Mya Win,2.23441E+15,MRCTBANK,5499,PWINT PHYU,9790279491,PWINT PHYU,2.23756E+15,"10,000.00",0,0,0,5,0,0,0,"10,000.00",SUCCESS,,,
18/08/2026 10:13,3.10142E+19,wm126477525055421435412,1.22026E+17,MMQR_PAYMENT,3101 - WAVE OI,4203 - MMIV RI,Thet Wai Aung,2.23441E+15,MRCTBANK,5499,LAMIN THAR,9765787858,LAMIN THAR,2.23756E+15,"100,000.00",0,0,0,50,0,0,0,"100,000.00",SUCCESS,,,
18/08/2026 10:11,3.10142E+19,wm126476409171872988109,1.22026E+17,MMQR_PAYMENT,3101 - WAVE OI,4203 - MMIV RI,Thet Wai Aung,2.23441E+15,MRCTBANK,5499,LAMIN THAR,9765787858,LAMIN THAR,2.23756E+15,"100,000.00",0,0,0,50,0,0,0,"100,000.00",SUCCESS,,,
18/08/2026 10:03,2.10242E+19,31088I10032543000113,1.22026E+17,MMQR_PAYMENT,2102 - KBZ OI,4203 - MMIV RI,Mg San San,2.23737E+15,MRCTBANK,5499,A.S.K,95156238,A.S.K,2.23756E+15,"10,300.00",0,0,0,5.15,0,0,0,"10,300.00",SUCCESS,,,
18/08/2026 10:00,2.10242E+19,31088I10004102000118,1.22026E+17,MMQR_PAYMENT,2102 - KBZ OI,4203 - MMIV RI,Nyi Nyi Naing,2.23737E+15,MRCTBANK,5499,SOUL COFFEE STUDIO,9421128983,SOUL COFFEE STUDIO,2.23756E+15,"7,000.00",0,0,0,3.5,0,0,0,"7,000.00",SUCCESS,,,
18/08/2026 9:55,2.10142E+19,AYA21016a83d08a51f0c75d11f8e5a2,1.22026E+17,MMQR_PAYMENT,2101 - AYA OI,4203 - MMIV RI,CHIT KO,2.237E+15,MRCTBANK,5499,May Myanmar,9448098913,May Myanmar,2.23756E+15,"200,000.00",0,0,0,100,0,0,0,"200,000.00",SUCCESS,,,
18/08/2026 9:54,2.10142E+19,AYA21016a83d0712002f1b384082927,1.22026E+17,MMQR_PAYMENT,2101 - AYA OI,4203 - MMIV RI,CHIT KO,2.237E+15,MRCTBANK,5499,May Myanmar,9448098913,May Myanmar,2.23756E+15,"500,000.00",0,0,0,250,0,0,0,"500,000.00",SUCCESS,,,
18/08/2026 9:54,2.10142E+19,AYA21016a83d0503e44bf2025cf59af,1.22026E+17,MMQR_PAYMENT,2101 - AYA OI,4203 - MMIV RI,CHIT KO,2.237E+15,MRCTBANK,5499,May Myanmar,9448098913,May Myanmar,2.23756E+15,"500,000.00",0,0,0,250,0,0,0,"500,000.00",SUCCESS,,,
18/08/2026 9:48,2.10242E+19,31088I09482728000112,1.22026E+17,MMQR_PAYMENT,2102 - KBZ OI,4203 - MMIV RI,Thet Paing Htwe,2.23737E+15,MRCTBANK,5499,Shan Lay Store,9972000766,Shan Lay Store,2.23756E+15,"10,000.00",0,0,0,5,0,0,0,"10,000.00",SUCCESS,,,
18/08/2026 9:42,2.10242E+19,31088I09420402000150,1.22026E+17,MMQR_PAYMENT,2102 - KBZ OI,4203 - MMIV RI,shweyaminoo,2.23737E+15,MRCTBANK,5499,La Woon Store,9763013719,La Woon Store,2.23756E+15,"44,000.00",0,0,0,22,0,0,0,"44,000.00",SUCCESS,,,
18/08/2026 9:41,2.10242E+19,31088I09413243000233,1.22026E+17,MMQR_PAYMENT,2102 - KBZ OI,4203 - MMIV RI,Mg Myo Thant,2.23737E+15,MRCTBANK,5499,A.S.K,95156238,A.S.K,2.23756E+15,"80,400.00",0,0,0,40.2,0,0,0,"80,400.00",SUCCESS,,,
18/08/2026 9:41,3.10142E+19,wm126458474915114442339,1.22026E+17,MMQR_PAYMENT,3101 - WAVE OI,4203 - MMIV RI,Thet Wai Aung,2.23441E+15,MRCTBANK,5499,LAMIN THAR,9765787858,LAMIN THAR,2.23756E+15,"50,000.00",0,0,0,25,0,0,0,"50,000.00",SUCCESS,,,
18/08/2026 9:39,2.10242E+19,31088I09382743000233,1.22026E+17,MMQR_PAYMENT,2102 - KBZ OI,4203 - MMIV RI,Htet Wai Kyaw Ko,2.23737E+15,MRCTBANK,5499,Moe San,9891371722,Moe San,2.23756E+15,"340,000.00",0,0,0,170,0,0,0,"340,000.00",SUCCESS,,,
18/08/2026 9:38,2.10242E+19,31088I09381235000162,1.22026E+17,MMQR_PAYMENT,2102 - KBZ OI,4203 - MMIV RI,SAI NAY MYO TUN,2.23737E+15,MRCTBANK,5499,SEIN SHWE PHOO,92017453,SEIN SHWE PHOO,2.23756E+15,"500,000.00",0,0,0,250,0,0,0,"500,000.00",SUCCESS,,,
18/08/2026 9:37,2.10242E+19,31088I09372443000102,1.22026E+17,MMQR_PAYMENT,2102 - KBZ OI,4203 - MMIV RI,DAW EI EI PHYU,2.23737E+15,MRCTBANK,5499,SOE THIT SAN MOBILE SHOP,9790712555,SOE THIT SAN MOBILE SHOP,2.23756E+15,"5,000.00",0,0,0,2.5,0,0,0,"5,000.00",SUCCESS,,,
18/08/2026 9:37,2.10242E+19,31088I09371489000202,1.22026E+17,MMQR_PAYMENT,2102 - KBZ OI,4203 - MMIV RI,DAW EI EI PHYU,2.23737E+15,MRCTBANK,5499,SOE THIT SAN MOBILE SHOP,9790712555,SOE THIT SAN MOBILE SHOP,2.23756E+15,"5,000.00",0,0,0,2.5,0,0,0,"5,000.00",SUCCESS,,,
18/08/2026 9:37,2.10242E+19,31088I09370435000102,1.22026E+17,MMQR_PAYMENT,2102 - KBZ OI,4203 - MMIV RI,DAW EI EI PHYU,2.23737E+15,MRCTBANK,5499,SOE THIT SAN MOBILE SHOP,9790712555,SOE THIT SAN MOBILE SHOP,2.23756E+15,"5,000.00",0,0,0,2.5,0,0,0,"5,000.00",SUCCESS,,,
18/08/2026 9:37,2.10242E+19,31088I09365002000162,1.22026E+17,MMQR_PAYMENT,2102 - KBZ OI,4203 - MMIV RI,SAI NAY MYO TUN,2.23737E+15,MRCTBANK,5499,SEIN SHWE PHOO,92017453,SEIN SHWE PHOO,2.23756E+15,"500,000.00",0,0,0,250,0,0,0,"500,000.00",SUCCESS,,,
18/08/2026 9:37,2.10242E+19,31088I09365443000302,1.22026E+17,MMQR_PAYMENT,2102 - KBZ OI,4203 - MMIV RI,DAW EI EI PHYU,2.23737E+15,MRCTBANK,5499,SOE THIT SAN MOBILE SHOP,9790712555,SOE THIT SAN MOBILE SHOP,2.23756E+15,"5,000.00",0,0,0,2.5,0,0,0,"5,000.00",SUCCESS,,,
18/08/2026 9:36,2.10242E+19,31088I09364335000202,1.22026E+17,MMQR_PAYMENT,2102 - KBZ OI,4203 - MMIV RI,DAW EI EI PHYU,2.23737E+15,MRCTBANK,5499,SOE THIT SAN MOBILE SHOP,9790712555,SOE THIT SAN MOBILE SHOP,2.23756E+15,"5,000.00",0,0,0,2.5,0,0,0,"5,000.00",SUCCESS,,,
18/08/2026 9:36,2.10242E+19,31088I09363343000302,1.22026E+17,MMQR_PAYMENT,2102 - KBZ OI,4203 - MMIV RI,DAW EI EI PHYU,2.23737E+15,MRCTBANK,5499,SOE THIT SAN MOBILE SHOP,9790712555,SOE THIT SAN MOBILE SHOP,2.23756E+15,"5,000.00",0,0,0,2.5,0,0,0,"5,000.00",SUCCESS,,,
18/08/2026 9:36,3.10142E+19,wm126455467176177476943,1.22026E+17,MMQR_PAYMENT,3101 - WAVE OI,4203 - MMIV RI,Chit Min Ko,2.23441E+15,MRCTBANK,5499,SAN THIT LWIN,9966431676,SAN THIT LWIN,2.23756E+15,"10,000.00",0,0,0,5,0,0,0,"10,000.00",SUCCESS,,,
18/08/2026 9:36,2.10242E+19,31088I09362302000102,1.22026E+17,MMQR_PAYMENT,2102 - KBZ OI,4203 - MMIV RI,DAW EI EI PHYU,2.23737E+15,MRCTBANK,5499,SOE THIT SAN MOBILE SHOP,9790712555,SOE THIT SAN MOBILE SHOP,2.23756E+15,"5,000.00",0,0,0,2.5,0,0,0,"5,000.00",SUCCESS,,,
18/08/2026 9:36,2.10242E+19,31088I09361335000102,1.22026E+17,MMQR_PAYMENT,2102 - KBZ OI,4203 - MMIV RI,DAW EI EI PHYU,2.23737E+15,MRCTBANK,5499,SOE THIT SAN MOBILE SHOP,9790712555,SOE THIT SAN MOBILE SHOP,2.23756E+15,"5,000.00",0,0,0,2.5,0,0,0,"5,000.00",SUCCESS,,,
18/08/2026 9:36,2.10242E+19,31088I09360102000302,1.22026E+17,MMQR_PAYMENT,2102 - KBZ OI,4203 - MMIV RI,DAW EI EI PHYU,2.23737E+15,MRCTBANK,5499,SOE THIT SAN MOBILE SHOP,9790712555,SOE THIT SAN MOBILE SHOP,2.23756E+15,"5,000.00",0,0,0,2.5,0,0,0,"5,000.00",SUCCESS,,,
18/08/2026 9:35,2.10242E+19,31088I09354543000102,1.22026E+17,MMQR_PAYMENT,2102 - KBZ OI,4203 - MMIV RI,DAW EI EI PHYU,2.23737E+15,MRCTBANK,5499,SOE THIT SAN MOBILE SHOP,9790712555,SOE THIT SAN MOBILE SHOP,2.23756E+15,"5,000.00",0,0,0,2.5,0,0,0,"5,000.00",SUCCESS,,,
18/08/2026 9:35,2.10242E+19,31088I09352128000322,1.22026E+17,MMQR_PAYMENT,2102 - KBZ OI,4203 - MMIV RI,U PAING SOE HTET,2.23737E+15,MRCTBANK,5499,SOE THIT SAN MOBILE SHOP,9790712555,SOE THIT SAN MOBILE SHOP,2.23756E+15,"5,000.00",0,0,0,2.5,0,0,0,"5,000.00",SUCCESS,,,
18/08/2026 9:35,2.10242E+19,31088I09344856000122,1.22026E+17,MMQR_PAYMENT,2102 - KBZ OI,4203 - MMIV RI,U PAING SOE HTET,2.23737E+15,MRCTBANK,5499,SOE THIT SAN MOBILE SHOP,9790712555,SOE THIT SAN MOBILE SHOP,2.23756E+15,"5,000.00",0,0,0,2.5,0,0,0,"5,000.00",SUCCESS,,,
18/08/2026 9:34,2.10242E+19,31088I09341335000122,1.22026E+17,MMQR_PAYMENT,2102 - KBZ OI,4203 - MMIV RI,U PAING SOE HTET,2.23737E+15,MRCTBANK,5499,SOE THIT SAN MOBILE SHOP,9790712555,SOE THIT SAN MOBILE SHOP,2.23756E+15,"5,000.00",0,0,0,2.5,0,0,0,"5,000.00",SUCCESS,,,
18/08/2026 9:33,2.10242E+19,31088I09331428000122,1.22026E+17,MMQR_PAYMENT,2102 - KBZ OI,4203 - MMIV RI,U PAING SOE HTET,2.23737E+15,MRCTBANK,5499,SOE THIT SAN MOBILE SHOP,9790712555,SOE THIT SAN MOBILE SHOP,2.23756E+15,"5,000.00",0,0,0,2.5,0,0,0,"5,000.00",SUCCESS,,,
18/08/2026 9:32,2.10242E+19,31088I09314956000122,1.22026E+17,MMQR_PAYMENT,2102 - KBZ OI,4203 - MMIV RI,U PAING SOE HTET,2.23737E+15,MRCTBANK,5499,SOE THIT SAN MOBILE SHOP,9790712555,SOE THIT SAN MOBILE SHOP,2.23756E+15,"5,000.00",0,0,0,2.5,0,0,0,"5,000.00",SUCCESS,,,
18/08/2026 9:31,2.10242E+19,31088I09305635000122,1.22026E+17,MMQR_PAYMENT,2102 - KBZ OI,4203 - MMIV RI,U PAING SOE HTET,2.23737E+15,MRCTBANK,5499,SOE THIT SAN MOBILE SHOP,9790712555,SOE THIT SAN MOBILE SHOP,2.23756E+15,"5,000.00",0,0,0,2.5,0,0,0,"5,000.00",SUCCESS,,,
18/08/2026 9:29,2.10242E+19,31088I09293943000222,1.22026E+17,MMQR_PAYMENT,2102 - KBZ OI,4203 - MMIV RI,U PAING SOE HTET,2.23737E+15,MRCTBANK,5499,SOE THIT SAN MOBILE SHOP,9790712555,SOE THIT SAN MOBILE SHOP,2.23756E+15,"5,000.00",0,0,0,2.5,0,0,0,"5,000.00",SUCCESS,,,
18/08/2026 9:29,2.10242E+19,31088I09291589000122,1.22026E+17,MMQR_PAYMENT,2102 - KBZ OI,4203 - MMIV RI,U PAING SOE HTET,2.23737E+15,MRCTBANK,5499,SOE THIT SAN MOBILE SHOP,9790712555,SOE THIT SAN MOBILE SHOP,2.23756E+15,"5,000.00",0,0,0,2.5,0,0,0,"5,000.00",SUCCESS,,,
18/08/2026 9:28,2.10242E+19,31088I09283635000122,1.22026E+17,MMQR_PAYMENT,2102 - KBZ OI,4203 - MMIV RI,U PAING SOE HTET,2.23737E+15,MRCTBANK,5499,SOE THIT SAN MOBILE SHOP,9790712555,SOE THIT SAN MOBILE SHOP,2.23756E+15,"5,000.00",0,0,0,2.5,0,0,0,"5,000.00",SUCCESS,,,
18/08/2026 9:28,2.10242E+19,31088I09280835000222,1.22026E+17,MMQR_PAYMENT,2102 - KBZ OI,4203 - MMIV RI,U PAING SOE HTET,2.23737E+15,MRCTBANK,5499,SOE THIT SAN MOBILE SHOP,9790712555,SOE THIT SAN MOBILE SHOP,2.23756E+15,"5,000.00",0,0,0,2.5,0,0,0,"5,000.00",SUCCESS,,,
18/08/2026 9:27,2.10242E+19,31088I09273389000420,1.22026E+17,MMQR_PAYMENT,2102 - KBZ OI,4203 - MMIV RI,U ZAW WIN HTET,2.23737E+15,MRCTBANK,5499,SOE THIT SAN MOBILE SHOP,9790712555,SOE THIT SAN MOBILE SHOP,2.23756E+15,"5,000.00",0,0,0,2.5,0,0,0,"5,000.00",SUCCESS,,,
18/08/2026 9:27,2.10242E+19,31088I09271802000120,1.22026E+17,MMQR_PAYMENT,2102 - KBZ OI,4203 - MMIV RI,U ZAW WIN HTET,2.23737E+15,MRCTBANK,5499,SOE THIT SAN MOBILE SHOP,9790712555,SOE THIT SAN MOBILE SHOP,2.23756E+15,"5,000.00",0,0,0,2.5,0,0,0,"5,000.00",SUCCESS,,,
18/08/2026 9:27,2.10242E+19,31088I09270243000120,1.22026E+17,MMQR_PAYMENT,2102 - KBZ OI,4203 - MMIV RI,U ZAW WIN HTET,2.23737E+15,MRCTBANK,5499,SOE THIT SAN MOBILE SHOP,9790712555,SOE THIT SAN MOBILE SHOP,2.23756E+15,"5,000.00",0,0,0,2.5,0,0,0,"5,000.00",SUCCESS,,,
18/08/2026 9:26,2.10242E+19,31088I09264856000220,1.22026E+17,MMQR_PAYMENT,2102 - KBZ OI,4203 - MMIV RI,U ZAW WIN HTET,2.23737E+15,MRCTBANK,5499,SOE THIT SAN MOBILE SHOP,9790712555,SOE THIT SAN MOBILE SHOP,2.23756E+15,"5,000.00",0,0,0,2.5,0,0,0,"5,000.00",SUCCESS,,,
18/08/2026 9:26,2.10242E+19,31088I09261528000103,1.22026E+17,MMQR_PAYMENT,2102 - KBZ OI,4203 - MMIV RI,Phyu Phyu Aung,2.23737E+15,MRCTBANK,5499,SOUL COFFEE STUDIO,9421128983,SOUL COFFEE STUDIO,2.23756E+15,"4,500.00",0,0,0,2.25,0,0,0,"4,500.00",SUCCESS,,,
18/08/2026 9:26,2.10242E+19,31088I09261689000120,1.22026E+17,MMQR_PAYMENT,2102 - KBZ OI,4203 - MMIV RI,U ZAW WIN HTET,2.23737E+15,MRCTBANK,5499,SOE THIT SAN MOBILE SHOP,9790712555,SOE THIT SAN MOBILE SHOP,2.23756E+15,"5,000.00",0,0,0,2.5,0,0,0,"5,000.00",SUCCESS,,,
18/08/2026 9:26,2.10242E+19,31088I09255702000220,1.22026E+17,MMQR_PAYMENT,2102 - KBZ OI,4203 - MMIV RI,U ZAW WIN HTET,2.23737E+15,MRCTBANK,5499,SOE THIT SAN MOBILE SHOP,9790712555,SOE THIT SAN MOBILE SHOP,2.23756E+15,"5,000.00",0,0,0,2.5,0,0,0,"5,000.00",SUCCESS,,,
18/08/2026 9:25,2.10242E+19,31088I09254435000220,1.22026E+17,MMQR_PAYMENT,2102 - KBZ OI,4203 - MMIV RI,U ZAW WIN HTET,2.23737E+15,MRCTBANK,5499,SOE THIT SAN MOBILE SHOP,9790712555,SOE THIT SAN MOBILE SHOP,2.23756E+15,"5,000.00",0,0,0,2.5,0,0,0,"5,000.00",SUCCESS,,,
18/08/2026 9:25,2.10242E+19,31088I09253428000120,1.22026E+17,MMQR_PAYMENT,2102 - KBZ OI,4203 - MMIV RI,U ZAW WIN HTET,2.23737E+15,MRCTBANK,5499,SOE THIT SAN MOBILE SHOP,9790712555,SOE THIT SAN MOBILE SHOP,2.23756E+15,"5,000.00",0,0,0,2.5,0,0,0,"5,000.00",SUCCESS,,,
18/08/2026 9:25,2.10242E+19,31088I09252028000220,1.22026E+17,MMQR_PAYMENT,2102 - KBZ OI,4203 - MMIV RI,U ZAW WIN HTET,2.23737E+15,MRCTBANK,5499,SOE THIT SAN MOBILE SHOP,9790712555,SOE THIT SAN MOBILE SHOP,2.23756E+15,"5,000.00",0,0,0,2.5,0,0,0,"5,000.00",SUCCESS,,,
18/08/2026 9:25,2.10242E+19,31088I09250628000137,1.22026E+17,MMQR_PAYMENT,2102 - KBZ OI,4203 - MMIV RI,Thuzar Tint,2.23737E+15,MRCTBANK,5499,La Woon Store,9763013719,La Woon Store,2.23756E+15,"10,000.00",0,0,0,5,0,0,0,"10,000.00",SUCCESS,,,
18/08/2026 9:25,2.10242E+19,31088I09250989000120,1.22026E+17,MMQR_PAYMENT,2102 - KBZ OI,4203 - MMIV RI,U ZAW WIN HTET,2.23737E+15,MRCTBANK,5499,SOE THIT SAN MOBILE SHOP,9790712555,SOE THIT SAN MOBILE SHOP,2.23756E+15,"5,000.00",0,0,0,2.5,0,0,0,"5,000.00",SUCCESS,,,
18/08/2026 9:23,3.10142E+19,wm126447705654124633760,1.22026E+17,MMQR_PAYMENT,3101 - WAVE OI,4203 - MMIV RI,Thein Swe Win,2.23441E+15,MRCTBANK,5499,Mya Gan Na Mar,9960491413,Mya Gan Na Mar,2.23756E+15,"60,000.00",0,0,0,30,0,0,0,"60,000.00",SUCCESS,,,
18/08/2026 9:23,2.10242E+19,31088I09223828000155,1.22026E+17,MMQR_PAYMENT,2102 - KBZ OI,4203 - MMIV RI,Htet Htet Lwin,2.23737E+15,MRCTBANK,5499,Zaw Hmine,9976470977,Zaw Hmine,2.23756E+15,"5,000.00",0,0,0,2.5,0,0,0,"5,000.00",SUCCESS,,,
18/08/2026 9:20,2.10242E+19,31088I09203102000114,1.22026E+17,MMQR_PAYMENT,2102 - KBZ OI,4203 - MMIV RI,Ma Pyae Pyae Aung,2.23737E+15,MRCTBANK,5499,La Woon Store,9763013719,La Woon Store,2.23756E+15,"25,000.00",0,0,0,12.5,0,0,0,"25,000.00",SUCCESS,,,
18/08/2026 9:11,2.10242E+19,31088I09114689000116,1.22026E+17,MMQR_PAYMENT,2102 - KBZ OI,4203 - MMIV RI,U NAING LINN SWE,2.23737E+15,MRCTBANK,5499,SEIN MITHARSU(2),9740011544,SEIN MITHARSU(2),2.23756E+15,"3,000.00",0,0,0,1.5,0,0,0,"3,000.00",SUCCESS,,,
18/08/2026 9:10,2.10142E+19,AYA21016a83c617dc7c7bcbffcdb000,1.22026E+17,MMQR_PAYMENT,2101 - AYA OI,4203 - MMIV RI,SAN LWIN,2.237E+15,MRCTBANK,5499,MKM Fashion,95067514,MKM Fashion,2.23756E+15,"16,000.00",0,0,0,8,0,0,0,"16,000.00",SUCCESS,,,
18/08/2026 9:10,2.10242E+19,31088I09100956000132,1.22026E+17,MMQR_PAYMENT,2102 - KBZ OI,4203 - MMIV RI,Nwe Ni Myint Aung,2.23737E+15,MRCTBANK,5499,San Cherry Electronic,9452241144,San Cherry Electronic,2.23756E+15,"60,600.00",0,0,0,30.3,0,0,0,"60,600.00",SUCCESS,,,
18/08/2026 9:09,2.10142E+19,AYA21016a83c5da40b3378c8b8ab6e0,1.22026E+17,MMQR_PAYMENT,2101 - AYA OI,4203 - MMIV RI,SAN LWIN,2.237E+15,MRCTBANK,5499,MKM Fashion,95067514,MKM Fashion,2.23756E+15,"50,000.00",0,0,0,25,0,0,0,"50,000.00",SUCCESS,,,
18/08/2026 9:07,2.10242E+19,31088I09073943000160,1.22026E+17,MMQR_PAYMENT,2102 - KBZ OI,4203 - MMIV RI,Wint war oo,2.23737E+15,MRCTBANK,5499,KHINE MYITTER,9789470438,KHINE MYITTER,2.23756E+15,"90,000.00",0,0,0,45,0,0,0,"90,000.00",SUCCESS,,,
18/08/2026 9:07,2.10242E+19,31088I09072889000149,1.22026E+17,MMQR_PAYMENT,2102 - KBZ OI,4203 - MMIV RI,AYE NANDAR,2.23737E+15,MRCTBANK,5499,KHIT THIT SAR,9420221124,KHIT THIT SAR,2.23756E+15,"8,000.00",0,0,0,4,0,0,0,"8,000.00",SUCCESS,,,
18/08/2026 9:00,2.10142E+19,AYA21016a83c3af0c37d61523eb8f4e,1.22026E+17,MMQR_PAYMENT,2101 - AYA OI,4203 - MMIV RI,MIN KO OO,2.237E+15,MRCTBANK,5499,SEIN FAMILY,9790178150,SEIN FAMILY,2.23756E+15,"363,000.00",0,0,0,181.5,0,0,0,"363,000.00",SUCCESS,,,
18/08/2026 8:59,2.10142E+19,AYA21016a83c39aacd9b75278550f77,1.22026E+17,MMQR_PAYMENT,2101 - AYA OI,4203 - MMIV RI,MIN KO OO,2.237E+15,MRCTBANK,5499,SEIN FAMILY,9790178150,SEIN FAMILY,2.23756E+15,"500,000.00",0,0,0,250,0,0,0,"500,000.00",SUCCESS,,,
18/08/2026 8:59,2.10242E+19,31088I08592556000156,1.22026E+17,MMQR_PAYMENT,2102 - KBZ OI,4203 - MMIV RI,Min Ko Oo,2.23737E+15,MRCTBANK,5499,SEIN FAMILY,9790178150,SEIN FAMILY,2.23756E+15,"500,000.00",0,0,0,250,0,0,0,"500,000.00",SUCCESS,,,
18/08/2026 8:59,2.10242E+19,31088I08590935000356,1.22026E+17,MMQR_PAYMENT,2102 - KBZ OI,4203 - MMIV RI,Min Ko Oo,2.23737E+15,MRCTBANK,5499,SEIN FAMILY,9790178150,SEIN FAMILY,2.23756E+15,"500,000.00",0,0,0,250,0,0,0,"500,000.00",SUCCESS,,,
18/08/2026 8:58,3.10142E+19,wm126432463914185027523,1.22026E+17,MMQR_PAYMENT,3101 - WAVE OI,4203 - MMIV RI,Aung Naing,2.23441E+15,MRCTBANK,5499,Pa Hta Wi Ar Kar,9420558864,Pa Hta Wi Ar Kar,2.23756E+15,"20,000.00",0,0,0,10,0,0,0,"20,000.00",SUCCESS,,,
18/08/2026 8:58,3.10142E+19,wm126432413148022513810,1.22026E+17,MMQR_PAYMENT,3101 - WAVE OI,4203 - MMIV RI,Zaw Lin,2.23441E+15,MRCTBANK,5499,La Woon Store,9763013719,La Woon Store,2.23756E+15,"50,500.00",0,0,0,25.25,0,0,0,"50,500.00",SUCCESS,,,
18/08/2026 8:56,2.10242E+19,31088I08563089000141,1.22026E+17,MMQR_PAYMENT,2102 - KBZ OI,4203 - MMIV RI,Daw Khin Zar Phyo,2.23737E+15,MRCTBANK,5499,La Woon Store,9763013719,La Woon Store,2.23756E+15,"10,000.00",0,0,0,5,0,0,0,"10,000.00",SUCCESS,,,
18/08/2026 8:44,2.10242E+19,31088I08433556000148,1.22026E+17,MMQR_PAYMENT,2102 - KBZ OI,4203 - MMIV RI,U No Tue,2.23737E+15,MRCTBANK,5542,100 Power 2 -YMT,9681976325,100 Power 2 -YMT,2.23756E+15,"55,000.00",165,77,88,27.5,0,0,49.5,"54,835.00",SUCCESS,,,
18/08/2026 8:40,2.10242E+19,31088I08404802000132,1.22026E+17,MMQR_PAYMENT,2102 - KBZ OI,4203 - MMIV RI,SAN SAN WIN,2.23737E+15,MRCTBANK,5499,AK Store,9402737790,AK Store,2.23756E+15,"9,900.00",0,0,0,4.95,0,0,0,"9,900.00",SUCCESS,,,
18/08/2026 8:40,3.10142E+19,wm126422063804569265316,1.22026E+17,MMQR_PAYMENT,3101 - WAVE OI,4203 - MMIV RI,May Me Myint Aung,2.23441E+15,MRCTBANK,5499,Kyauk Taung Gyi,9799958230,Kyauk Taung Gyi,2.23756E+15,"413,500.00",0,0,0,206.75,0,0,0,"413,500.00",SUCCESS,,,
18/08/2026 8:40,2.10242E+19,31088I08403202000159,1.22026E+17,MMQR_PAYMENT,2102 - KBZ OI,4203 - MMIV RI,Htet Phyo Aung,2.23737E+15,MRCTBANK,5499,La Woon Store,9763013719,La Woon Store,2.23756E+15,"10,100.00",0,0,0,5.05,0,0,0,"10,100.00",SUCCESS,,,
18/08/2026 8:38,2.10242E+19,31088I08375089000337,1.22026E+17,MMQR_PAYMENT,2102 - KBZ OI,4203 - MMIV RI,Mg Zaw Myo Khaing,2.23737E+15,MRCTBANK,5542,100 Power 4 -NYU,9664540527,100 Power 4 -NYU,2.23756E+15,"50,000.00",150,70,80,25,0,0,45,"49,850.00",SUCCESS,,,
18/08/2026 8:36,2.10242E+19,31088I08360189000131,1.22026E+17,MMQR_PAYMENT,2102 - KBZ OI,4203 - MMIV RI,Ma Su Su Hlaing,2.23737E+15,MRCTBANK,5499,Shan Lay Store,9972000766,Shan Lay Store,2.23756E+15,"110,000.00",0,0,0,55,0,0,0,"110,000.00",SUCCESS,,,
18/08/2026 8:31,3.10142E+19,wm126416225843647688188,1.22026E+17,MMQR_PAYMENT,3101 - WAVE OI,4203 - MMIV RI,Khin Aung Than,2.23441E+15,MRCTBANK,5499,Pa Hta Wi Ar Kar,9420558864,Pa Hta Wi Ar Kar,2.23756E+15,"62,077.00",0,0,0,31.04,0,0,0,"62,077.00",SUCCESS,,,
18/08/2026 8:27,2.10242E+19,31088I08272989000225,1.22026E+17,MMQR_PAYMENT,2102 - KBZ OI,4203 - MMIV RI,Daw Kyi Kyi San,2.23737E+15,MRCTBANK,5499,Pa Hta Wi Ar Kar,9420558864,Pa Hta Wi Ar Kar,2.23756E+15,"35,000.00",0,0,0,17.5,0,0,0,"35,000.00",SUCCESS,,,
18/08/2026 8:26,3.10142E+19,wm126413668187711623068,1.22026E+17,MMQR_PAYMENT,3101 - WAVE OI,4203 - MMIV RI,Kyi Kyi San,2.23441E+15,MRCTBANK,5499,Pa Hta Wi Ar Kar,9420558864,Pa Hta Wi Ar Kar,2.23756E+15,"242,000.00",0,0,0,121,0,0,0,"242,000.00",SUCCESS,,,
18/08/2026 8:16,2.10242E+19,31088I08164756000153,1.22026E+17,MMQR_PAYMENT,2102 - KBZ OI,4203 - MMIV RI,MA YOON,2.23737E+15,MRCTBANK,5499,KHINE MYITTER,9789470438,KHINE MYITTER,2.23756E+15,"35,000.00",0,0,0,17.5,0,0,0,"35,000.00",SUCCESS,,,
18/08/2026 8:15,3.10142E+19,wm126406784725599931695,1.22026E+17,MMQR_PAYMENT,3101 - WAVE OI,4203 - MMIV RI,Saw Tin Htwe,2.23441E+15,MRCTBANK,5499,Kyauk Taung Gyi,9799958230,Kyauk Taung Gyi,2.23756E+15,"46,500.00",0,0,0,23.25,0,0,0,"46,500.00",SUCCESS,,,
18/08/2026 8:08,2.10142E+19,AYA21016a83b7a2efa1269dc7772514,1.22026E+17,MMQR_PAYMENT,2101 - AYA OI,4203 - MMIV RI,THU RA HEIN HTET,2.237E+15,MRCTBANK,5499,ANGEL,9968970070,ANGEL,2.23756E+15,"10,000.00",0,0,0,5,0,0,0,"10,000.00",SUCCESS,,,
18/08/2026 8:03,2.10242E+19,31088I08025789000134,1.22026E+17,MMQR_PAYMENT,2102 - KBZ OI,4203 - MMIV RI,Daw Khin Sandar Aung,2.23737E+15,MRCTBANK,5499,ANGEL,9968970070,ANGEL,2.23756E+15,"16,500.00",0,0,0,8.25,0,0,0,"16,500.00",SUCCESS,,,
18/08/2026 7:59,2.10242E+19,31088I07591928000156,1.22026E+17,MMQR_PAYMENT,2102 - KBZ OI,4203 - MMIV RI,Yawai Oo,2.23737E+15,MRCTBANK,5499,Khin Min Thu Store,9961091599,Khin Min Thu Store,2.23756E+15,"15,200.00",0,0,0,7.6,0,0,0,"15,200.00",SUCCESS,,,
18/08/2026 7:56,2.10242E+19,31088I07560989000103,1.22026E+17,MMQR_PAYMENT,2102 - KBZ OI,4203 - MMIV RI,Phoo Pyae Khaing,2.23737E+15,MRCTBANK,5499,Khin Min Thu Store,9961091599,Khin Min Thu Store,2.23756E+15,"25,300.00",0,0,0,12.65,0,0,0,"25,300.00",SUCCESS,,,
18/08/2026 7:50,2.10242E+19,31088I07503435000137,1.22026E+17,MMQR_PAYMENT,2102 - KBZ OI,4203 - MMIV RI,Nant Pwint Nadi,2.23737E+15,MRCTBANK,5499,ARR THIT (FRUITS SHOP),9782775161,ARR THIT (FRUITS SHOP),2.23756E+15,"20,200.00",0,0,0,10.1,0,0,0,"20,200.00",SUCCESS,,,
18/08/2026 7:47,3.10142E+19,wm126389809409795292041,1.22026E+17,MMQR_PAYMENT,3101 - WAVE OI,4203 - MMIV RI,Khaing Khaing Win,2.23441E+15,MRCTBANK,5499,Pa Hta Wi Ar Kar,9420558864,Pa Hta Wi Ar Kar,2.23756E+15,"15,000.00",0,0,0,7.5,0,0,0,"15,000.00",SUCCESS,,,
18/08/2026 7:43,2.10242E+19,31088I07435302000225,1.22026E+17,MMQR_PAYMENT,2102 - KBZ OI,4203 - MMIV RI,Ma Yee Mon Oo,2.23737E+15,MRCTBANK,5499,KHINE MYITTER,9789470438,KHINE MYITTER,2.23756E+15,"9,100.00",0,0,0,4.55,0,0,0,"9,100.00",SUCCESS,,,
18/08/2026 7:35,2.10242E+19,31088I07352028000122,1.22026E+17,MMQR_PAYMENT,2102 - KBZ OI,4203 - MMIV RI,SAW TIN HTWE,2.23737E+15,MRCTBANK,5499,Kyauk Taung Gyi,9799958230,Kyauk Taung Gyi,2.23756E+15,"400,000.00",0,0,0,200,0,0,0,"400,000.00",SUCCESS,,,
18/08/2026 7:32,2.10242E+19,31088I07324289000122,1.22026E+17,MMQR_PAYMENT,2102 - KBZ OI,4203 - MMIV RI,SAW TIN HTWE,2.23737E+15,MRCTBANK,5499,Kyauk Taung Gyi,9799958230,Kyauk Taung Gyi,2.23756E+15,"40,000.00",0,0,0,20,0,0,0,"40,000.00",SUCCESS,,,
18/08/2026 7:27,2.10242E+19,31088I07265956000151,1.22026E+17,MMQR_PAYMENT,2102 - KBZ OI,4203 - MMIV RI,ME ME HLAING,2.23737E+15,MRCTBANK,5499,KHINE MYITTER,9789470438,KHINE MYITTER,2.23756E+15,"50,000.00",0,0,0,25,0,0,0,"50,000.00",SUCCESS,,,
18/08/2026 7:22,3.10142E+19,wm126375247853468818143,1.22026E+17,MMQR_PAYMENT,3101 - WAVE OI,4203 - MMIV RI,Pann Ei Phyu,2.23441E+15,MRCTBANK,5499,Moe San,9891371722,Moe San,2.23756E+15,"20,000.00",0,0,0,10,0,0,0,"20,000.00",SUCCESS,,,
18/08/2026 7:12,2.10242E+19,31088I07124343000147,1.22026E+17,MMQR_PAYMENT,2102 - KBZ OI,4203 - MMIV RI,Tin Naing,2.23737E+15,MRCTBANK,5499,KHINE MYITTER,9789470438,KHINE MYITTER,2.23756E+15,"10,100.00",0,0,0,5.05,0,0,0,"10,100.00",SUCCESS,,,
18/08/2026 7:05,2.10242E+19,31088I07054335000103,1.22026E+17,MMQR_PAYMENT,2102 - KBZ OI,4203 - MMIV RI,Thant Sin Htun,2.23737E+15,MRCTBANK,5499,KHINE MYITTER,9789470438,KHINE MYITTER,2.23756E+15,"50,500.00",0,0,0,25.25,0,0,0,"50,500.00",SUCCESS,,,
18/08/2026 7:03,3.10142E+19,wm62596205691551802837,1.22026E+17,MMQR_PAYMENT,3101 - WAVE OI,4203 - MMIV RI,Tun Lin Swe,2.23441E+15,MRCTBANK,5499,Aye Mon,9680555192,Aye Mon,2.23756E+15,"20,200.00",0,0,0,10.1,0,0,0,"20,200.00",SUCCESS,,,
17/08/2026 23:31,2.10242E+19,31088H23305743000161,1.22026E+17,MMQR_PAYMENT,2102 - KBZ OI,4203 - MMIV RI,Theimt Nandar Aung,2.23737E+15,MRCTBANK,5499,Lucky Store,9795553574,Lucky Store,2.23756E+15,"128,350.00",0,0,0,64.18,0,0,0,"128,350.00",SUCCESS,,,
17/08/2026 23:30,2.10242E+19,31088H23302035000161,1.22026E+17,MMQR_PAYMENT,2102 - KBZ OI,4203 - MMIV RI,Theimt Nandar Aung,2.23737E+15,MRCTBANK,5499,Lucky Store,9795553574,Lucky Store,2.23756E+15,"500,000.00",0,0,0,250,0,0,0,"500,000.00",SUCCESS,,,
17/08/2026 23:29,2.10242E+19,31088H23285743000161,1.22026E+17,MMQR_PAYMENT,2102 - KBZ OI,4203 - MMIV RI,Theimt Nandar Aung,2.23737E+15,MRCTBANK,5499,Lucky Store,9795553574,Lucky Store,2.23756E+15,"500,000.00",0,0,0,250,0,0,0,"500,000.00",SUCCESS,,,
17/08/2026 23:03,2.10242E+19,31088H23030256000261,1.22026E+17,MMQR_PAYMENT,2102 - KBZ OI,4203 - MMIV RI,Theimt Nandar Aung,2.23737E+15,MRCTBANK,5499,Lucky Store,9795553574,Lucky Store,2.23756E+15,"145,000.00",0,0,0,72.5,0,0,0,"145,000.00",SUCCESS,,,
17/08/2026 23:02,2.10242E+19,31088H23023989000161,1.22026E+17,MMQR_PAYMENT,2102 - KBZ OI,4203 - MMIV RI,Theimt Nandar Aung,2.23737E+15,MRCTBANK,5499,Lucky Store,9795553574,Lucky Store,2.23756E+15,"500,000.00",0,0,0,250,0,0,0,"500,000.00",SUCCESS,,,
17/08/2026 23:01,2.10242E+19,31088H23012189000102,1.22026E+17,MMQR_PAYMENT,2102 - KBZ OI,4203 - MMIV RI,Thu Ra Mg Mg,2.23737E+15,MRCTBANK,5499,Lucky Store,9795553574,Lucky Store,2.23756E+15,"11,500.00",0,0,0,5.75,0,0,0,"11,500.00",SUCCESS,,,
17/08/2026 22:58,2.10242E+19,31088H22575635000161,1.22026E+17,MMQR_PAYMENT,2102 - KBZ OI,4203 - MMIV RI,Theimt Nandar Aung,2.23737E+15,MRCTBANK,5499,Lucky Store,9795553574,Lucky Store,2.23756E+15,"500,000.00",0,0,0,250,0,0,0,"500,000.00",SUCCESS,,,
17/08/2026 22:56,2.10242E+19,31088H22564743000161,1.22026E+17,MMQR_PAYMENT,2102 - KBZ OI,4203 - MMIV RI,Theimt Nandar Aung,2.23737E+15,MRCTBANK,5499,Lucky Store,9795553574,Lucky Store,2.23756E+15,"500,000.00",0,0,0,250,0,0,0,"500,000.00",SUCCESS,,,
17/08/2026 22:56,2.10242E+19,31088H22562789000161,1.22026E+17,MMQR_PAYMENT,2102 - KBZ OI,4203 - MMIV RI,Theimt Nandar Aung,2.23737E+15,MRCTBANK,5499,Lucky Store,9795553574,Lucky Store,2.23756E+15,"500,000.00",0,0,0,250,0,0,0,"500,000.00",SUCCESS,,,
17/08/2026 22:56,2.10242E+19,31088H22560543000161,1.22026E+17,MMQR_PAYMENT,2102 - KBZ OI,4203 - MMIV RI,Theimt Nandar Aung,2.23737E+15,MRCTBANK,5499,Lucky Store,9795553574,Lucky Store,2.23756E+15,"500,000.00",0,0,0,250,0,0,0,"500,000.00",SUCCESS,,,
17/08/2026 22:55,2.10242E+19,31088H22555043000161,1.22026E+17,MMQR_PAYMENT,2102 - KBZ OI,4203 - MMIV RI,Theimt Nandar Aung,2.23737E+15,MRCTBANK,5499,Lucky Store,9795553574,Lucky Store,2.23756E+15,"500,000.00",0,0,0,250,0,0,0,"500,000.00",SUCCESS,,,
17/08/2026 22:40,2.10242E+19,31088H22404635000158,1.22026E+17,MMQR_PAYMENT,2102 - KBZ OI,4203 - MMIV RI,Khine Zar Myo,2.23737E+15,MRCTBANK,5499,KHINE MYITTER,9789470438,KHINE MYITTER,2.23756E+15,"10,000.00",0,0,0,5,0,0,0,"10,000.00",SUCCESS,,,
17/08/2026 22:37,3.10142E+19,wm126060292177724748356,1.22026E+17,MMQR_PAYMENT,3101 - WAVE OI,4203 - MMIV RI,Aung Ye Kyaw Thet,2.23441E+15,MRCTBANK,5499,Lucky Store,9795553574,Lucky Store,2.23756E+15,"4,800.00",0,0,0,2.4,0,0,0,"4,800.00",SUCCESS,,,
17/08/2026 22:37,3.10142E+19,wm126060210656945552045,1.22026E+17,MMQR_PAYMENT,3101 - WAVE OI,4203 - MMIV RI,Aung Ye Kyaw Thet,2.23441E+15,MRCTBANK,5499,Lucky Store,9795553574,Lucky Store,2.23756E+15,"500,000.00",0,0,0,250,0,0,0,"500,000.00",SUCCESS,,,
17/08/2026 21:43,2.10242E+19,31088H21431989000103,1.22026E+17,MMQR_PAYMENT,2102 - KBZ OI,4203 - MMIV RI,DAW HLA SEIN,2.23737E+15,MRCTBANK,5499,Pa Hta Wi Ar Kar,9420558864,Pa Hta Wi Ar Kar,2.23756E+15,"135,500.00",0,0,0,67.75,0,0,0,"135,500.00",SUCCESS,,,
17/08/2026 21:42,2.10242E+19,31088H21423928000143,1.22026E+17,MMQR_PAYMENT,2102 - KBZ OI,4203 - MMIV RI,SU MYAT NAING,2.23737E+15,MRCTBANK,5812,Eugenia Cafe,943200739,Eugenia Cafe,2.23756E+15,"65,600.00",328,150.88,177.12,32.8,0,0,118.08,"65,272.00",SUCCESS,,,
17/08/2026 21:41,3.10142E+19,wm62259122654351942789,1.22026E+17,MMQR_PAYMENT,3101 - WAVE OI,4203 - MMIV RI,Mi Cho Win,2.23441E+15,MRCTBANK,5499,Pa Hta Wi Ar Kar,9420558864,Pa Hta Wi Ar Kar,2.23756E+15,"281,000.00",0,0,0,140.5,0,0,0,"281,000.00",SUCCESS,,,
17/08/2026 21:41,3.10142E+19,wm126026381433185354519,1.22026E+17,MMQR_PAYMENT,3101 - WAVE OI,4203 - MMIV RI,Khin Aung Than,2.23441E+15,MRCTBANK,5499,Pa Hta Wi Ar Kar,9420558864,Pa Hta Wi Ar Kar,2.23756E+15,"500,000.00",0,0,0,250,0,0,0,"500,000.00",SUCCESS,,,
17/08/2026 21:40,3.10142E+19,wm126025910682856144106,1.22026E+17,MMQR_PAYMENT,3101 - WAVE OI,4203 - MMIV RI,Khin Aung Than,2.23441E+15,MRCTBANK,5499,Pa Hta Wi Ar Kar,9420558864,Pa Hta Wi Ar Kar,2.23756E+15,"500,000.00",0,0,0,250,0,0,0,"500,000.00",SUCCESS,,,
17/08/2026 21:33,2.10242E+19,31088H21335189000110,1.22026E+17,MMQR_PAYMENT,2102 - KBZ OI,4203 - MMIV RI,Thant Zin,2.23737E+15,MRCTBANK,5499,Mr.Kaung,9793938398,Mr.Kaung,2.23756E+15,"13,000.00",0,0,0,6.5,0,0,0,"13,000.00",SUCCESS,,,
17/08/2026 21:33,3.10142E+19,wm62254148432485637404,1.22026E+17,MMQR_PAYMENT,3101 - WAVE OI,4203 - MMIV RI,Thant Zin,2.23441E+15,MRCTBANK,5499,Mr.Kaung,9793938398,Mr.Kaung,2.23756E+15,"8,400.00",0,0,0,4.2,0,0,0,"8,400.00",SUCCESS,,,
17/08/2026 21:32,3.10142E+19,wm126021078662261638827,1.22026E+17,MMQR_PAYMENT,3101 - WAVE OI,4203 - MMIV RI,Thant Zin,2.23441E+15,MRCTBANK,5499,Mr.Kaung,9793938398,Mr.Kaung,2.23756E+15,"19,800.00",0,0,0,9.9,0,0,0,"19,800.00",SUCCESS,,,
17/08/2026 21:32,2.10242E+19,31088H21321402000141,1.22026E+17,MMQR_PAYMENT,2102 - KBZ OI,4203 - MMIV RI,Thet Thet Zin,2.23737E+15,MRCTBANK,5499,Mr.Kaung,9793938398,Mr.Kaung,2.23756E+15,"13,000.00",0,0,0,6.5,0,0,0,"13,000.00",SUCCESS,,,
17/08/2026 21:24,2.10242E+19,31088H21242589000140,1.22026E+17,MMQR_PAYMENT,2102 - KBZ OI,4203 - MMIV RI,Ma Hnin Nu Nandar,2.23737E+15,MRCTBANK,5812,Eugenia Cafe,943200739,Eugenia Cafe,2.23756E+15,"16,200.00",81,37.26,43.74,8.1,0,0,29.16,"16,119.00",SUCCESS,,,
17/08/2026 21:19,2.10242E+19,31088H21191043000159,1.22026E+17,MMQR_PAYMENT,2102 - KBZ OI,4203 - MMIV RI,Mg Zay Yar  Tun,2.23737E+15,MRCTBANK,5499,Pa Hta Wi Ar Kar,9420558864,Pa Hta Wi Ar Kar,2.23756E+15,"18,200.00",0,0,0,9.1,0,0,0,"18,200.00",SUCCESS,,,
17/08/2026 21:19,2.10242E+19,31088H21184056000144,1.22026E+17,MMQR_PAYMENT,2102 - KBZ OI,4203 - MMIV RI,ma mi cho win,2.23737E+15,MRCTBANK,5499,Pa Hta Wi Ar Kar,9420558864,Pa Hta Wi Ar Kar,2.23756E+15,"101,500.00",0,0,0,50.75,0,0,0,"101,500.00",SUCCESS,,,
17/08/2026 21:18,2.10242E+19,31088H21185335000100,1.22026E+17,MMQR_PAYMENT,2102 - KBZ OI,4203 - MMIV RI,YE YINT AUNG,2.23737E+15,MRCTBANK,5812,Eugenia Cafe,943200739,Eugenia Cafe,2.23756E+15,"20,450.00",102.25,47.03,55.22,10.23,0,0,36.8,"20,347.75",SUCCESS,,,
17/08/2026 21:17,2.10242E+19,31088H21174156000147,1.22026E+17,MMQR_PAYMENT,2102 - KBZ OI,4203 - MMIV RI,Tin Naing,2.23737E+15,MRCTBANK,5499,KHINE MYITTER,9789470438,KHINE MYITTER,2.23756E+15,"28,300.00",0,0,0,14.15,0,0,0,"28,300.00",SUCCESS,,,
17/08/2026 21:14,2.10242E+19,31088H21142002000158,1.22026E+17,MMQR_PAYMENT,2102 - KBZ OI,4203 - MMIV RI,Khine Zar Myo,2.23737E+15,MRCTBANK,5499,KHINE MYITTER,9789470438,KHINE MYITTER,2.23756E+15,"6,600.00",0,0,0,3.3,0,0,0,"6,600.00",SUCCESS,,,
17/08/2026 21:13,2.10242E+19,31088H21134956000209,1.22026E+17,MMQR_PAYMENT,2102 - KBZ OI,4203 - MMIV RI,Daw Nwe Nwe Oo,2.23737E+15,MRCTBANK,5499,KHINE MYITTER,9789470438,KHINE MYITTER,2.23756E+15,"11,200.00",0,0,0,5.6,0,0,0,"11,200.00",SUCCESS,,,
17/08/2026 21:13,2.10242E+19,31088H21130835000143,1.22026E+17,MMQR_PAYMENT,2102 - KBZ OI,4203 - MMIV RI,Kyaw Wanna Tun,2.23737E+15,MRCTBANK,5499,Lucky Store,9795553574,Lucky Store,2.23756E+15,"1,400.00",0,0,0,0.7,0,0,0,"1,400.00",SUCCESS,,,
17/08/2026 21:12,3.10142E+19,wm126009301841703578355,1.22026E+17,MMQR_PAYMENT,3101 - WAVE OI,4203 - MMIV RI,Khaing Zar Myo,2.23441E+15,MRCTBANK,5499,KHINE MYITTER,9789470438,KHINE MYITTER,2.23756E+15,"5,000.00",0,0,0,2.5,0,0,0,"5,000.00",SUCCESS,,,
17/08/2026 21:12,2.10542E+19,E2E223767202608172112064303770004,1.22026E+17,MMQR_PAYMENT,2105 - UAB OI,4203 - MMIV RI,KHINE ZAR MYO,2.23768E+15,MRCTBANK,5499,KHINE MYITTER,9789470438,KHINE MYITTER,2.23756E+15,"16,400.00",0,0,0,8.2,0,0,0,"16,400.00",SUCCESS,,,
17/08/2026 21:11,3.10142E+19,wm126008590355721024888,1.22026E+17,MMQR_PAYMENT,3101 - WAVE OI,4203 - MMIV RI,Nwe Nwe Oo,2.23441E+15,MRCTBANK,5499,KHINE MYITTER,9789470438,KHINE MYITTER,2.23756E+15,"7,000.00",0,0,0,3.5,0,0,0,"7,000.00",SUCCESS,,,
17/08/2026 21:11,2.10242E+19,31088H21112128000114,1.22026E+17,MMQR_PAYMENT,2102 - KBZ OI,4203 - MMIV RI,U myo Nyein,2.23737E+15,MRCTBANK,5499,Myo Min mobile shop,9448053325,Myo Min mobile shop,2.23756E+15,"20,000.00",0,0,0,10,0,0,0,"20,000.00",SUCCESS,,,
17/08/2026 21:04,2.10242E+19,31088H21035628000242,1.22026E+17,MMQR_PAYMENT,2102 - KBZ OI,4203 - MMIV RI,U Thein Than Htay,2.23737E+15,MRCTBANK,5499,Aye Yeik Mon Store,9790197623,Aye Yeik Mon Store,2.23756E+15,"50,500.00",0,0,0,25.25,0,0,0,"50,500.00",SUCCESS,,,
17/08/2026 20:49,2.10242E+19,31088H20493928000163,1.22026E+17,MMQR_PAYMENT,2102 - KBZ OI,4203 - MMIV RI,Daw Thet Thet Zar Kyi,2.23737E+15,MRCTBANK,5812,Eugenia Cafe,943200739,Eugenia Cafe,2.23756E+15,"29,400.00",147,67.62,79.38,14.7,0,0,52.92,"29,253.00",SUCCESS,,,
17/08/2026 20:49,2.10242E+19,31088H20492002000247,1.22026E+17,MMQR_PAYMENT,2102 - KBZ OI,4203 - MMIV RI,Ma San Kham,2.23737E+15,MRCTBANK,5499,SEIN MITHARSU(2),9740011544,SEIN MITHARSU(2),2.23756E+15,"30,000.00",0,0,0,15,0,0,0,"30,000.00",SUCCESS,,,
17/08/2026 20:45,3.10142E+19,wm125992863363301098861,1.22026E+17,MMQR_PAYMENT,3101 - WAVE OI,4203 - MMIV RI,Ei Thuzar Linn,2.23441E+15,MRCTBANK,5499,San Eain Taw,9965354306,San Eain Taw,2.23756E+15,"20,000.00",0,0,0,10,0,0,0,"20,000.00",SUCCESS,,,
17/08/2026 20:43,2.10242E+19,31088H20430028000223,1.22026E+17,MMQR_PAYMENT,2102 - KBZ OI,4203 - MMIV RI,MG KHINE HTAY LWIN,2.23737E+15,MRCTBANK,5812,Eugenia Cafe,943200739,Eugenia Cafe,2.23756E+15,"35,550.00",177.75,81.76,95.99,17.78,0,0,63.98,"35,372.25",SUCCESS,,,
17/08/2026 20:39,2.10242E+19,31088H20391389000249,1.22026E+17,MMQR_PAYMENT,2102 - KBZ OI,4203 - MMIV RI,Bal Nal Del Tar,2.23737E+15,MRCTBANK,5499,KHINE MYITTER,9789470438,KHINE MYITTER,2.23756E+15,"50,000.00",0,0,0,25,0,0,0,"50,000.00",SUCCESS,,,
17/08/2026 20:34,2.10242E+19,31088H20341335000148,1.22026E+17,MMQR_PAYMENT,2102 - KBZ OI,4203 - MMIV RI,U Kyaw Myo Tun,2.23737E+15,MRCTBANK,5812,Eugenia Cafe,943200739,Eugenia Cafe,2.23756E+15,"35,700.00",178.5,82.11,96.39,17.85,0,0,64.26,"35,521.50",SUCCESS,,,
17/08/2026 20:34,2.10242E+19,31088H20335789000132,1.22026E+17,MMQR_PAYMENT,2102 - KBZ OI,4203 - MMIV RI,Kaung Myint Wai Yan,2.23737E+15,MRCTBANK,5499,SOUL COFFEE STUDIO,9421128983,SOUL COFFEE STUDIO,2.23756E+15,"25,500.00",0,0,0,12.75,0,0,0,"25,500.00",SUCCESS,,,
17/08/2026 20:26,3.10142E+19,wm125981579398028565355,1.22026E+17,MMQR_PAYMENT,3101 - WAVE OI,4203 - MMIV RI,Hein Ko Ko,2.23441E+15,MRCTBANK,5499,Moe San,9891371722,Moe San,2.23756E+15,"330,000.00",0,0,0,165,0,0,0,"330,000.00",SUCCESS,,,
17/08/2026 20:16,2.10242E+19,31088H20164589000247,1.22026E+17,MMQR_PAYMENT,2102 - KBZ OI,4203 - MMIV RI,U AUNG MYINT,2.23737E+15,MRCTBANK,5499,LAMIN THAR,9765787858,LAMIN THAR,2.23756E+15,"8,200.00",0,0,0,4.1,0,0,0,"8,200.00",SUCCESS,,,
17/08/2026 20:16,2.10242E+19,31088H20162735000212,1.22026E+17,MMQR_PAYMENT,2102 - KBZ OI,4203 - MMIV RI,Kay khaing Zin,2.23737E+15,MRCTBANK,5812,Eugenia Cafe,943200739,Eugenia Cafe,2.23756E+15,"60,350.00",301.75,138.8,162.95,30.18,0,0,108.62,"60,048.25",SUCCESS,,,
17/08/2026 20:11,2.10242E+19,31088H20114835000213,1.22026E+17,MMQR_PAYMENT,2102 - KBZ OI,4203 - MMIV RI,NYI NYI NAING,2.23737E+15,MRCTBANK,5499,ANGEL,9968970070,ANGEL,2.23756E+15,"11,000.00",0,0,0,5.5,0,0,0,"11,000.00",SUCCESS,,,
17/08/2026 20:11,2.10242E+19,31088H20114189000234,1.22026E+17,MMQR_PAYMENT,2102 - KBZ OI,4203 - MMIV RI,Aye Hkun Sint,2.23737E+15,MRCTBANK,5499,AK Store,9402737790,AK Store,2.23756E+15,"9,500.00",0,0,0,4.75,0,0,0,"9,500.00",SUCCESS,,,
17/08/2026 20:09,2.10242E+19,31088H20090528000104,1.22026E+17,MMQR_PAYMENT,2102 - KBZ OI,4203 - MMIV RI,Chan Thu Lwin,2.23737E+15,MRCTBANK,5499,Lucky Store,9795553574,Lucky Store,2.23756E+15,"1,000.00",0,0,0,0.5,0,0,0,"1,000.00",SUCCESS,,,
17/08/2026 20:07,2.10242E+19,31088H20070135000202,1.22026E+17,MMQR_PAYMENT,2102 - KBZ OI,4203 - MMIV RI,U KAUNG SI THU,2.23737E+15,MRCTBANK,5499,LAMIN THAR,9765787858,LAMIN THAR,2.23756E+15,"4,000.00",0,0,0,2,0,0,0,"4,000.00",SUCCESS,,,
17/08/2026 20:06,2.10242E+19,31088H20062202000252,1.22026E+17,MMQR_PAYMENT,2102 - KBZ OI,4203 - MMIV RI,DAW SU WAI HNIN,2.23737E+15,MRCTBANK,5499,Shwe Mi Store,9421101266,Shwe Mi Store,2.23756E+15,"3,600.00",0,0,0,1.8,0,0,0,"3,600.00",SUCCESS,,,
17/08/2026 20:05,2.10242E+19,31088H20053235000104,1.22026E+17,MMQR_PAYMENT,2102 - KBZ OI,4203 - MMIV RI,U Soe Htike Win,2.23737E+15,MRCTBANK,5812,Eugenia Cafe,943200739,Eugenia Cafe,2.23756E+15,"30,450.00",152.25,70.03,82.22,15.23,0,0,54.8,"30,297.75",SUCCESS,,,
17/08/2026 20:05,2.10242E+19,31088H20052028000153,1.22026E+17,MMQR_PAYMENT,2102 - KBZ OI,4203 - MMIV RI,Myint Zu Khaing,2.23737E+15,MRCTBANK,5499,Lucky Store,9795553574,Lucky Store,2.23756E+15,"20,200.00",0,0,0,10.1,0,0,0,"20,200.00",SUCCESS,,,
17/08/2026 20:04,2.10242E+19,31088H20045243000124,1.22026E+17,MMQR_PAYMENT,2102 - KBZ OI,4203 - MMIV RI,Thuta Kyaw,2.23737E+15,MRCTBANK,5812,Eugenia Cafe,943200739,Eugenia Cafe,2.23756E+15,"16,800.00",84,38.64,45.36,8.4,0,0,30.24,"16,716.00",SUCCESS,,,
17/08/2026 20:04,3.10142E+19,wm125968223039990431802,1.22026E+17,MMQR_PAYMENT,3101 - WAVE OI,4203 - MMIV RI,Kaung Khant Moe,2.23441E+15,MRCTBANK,5499,LAMIN THAR,9765787858,LAMIN THAR,2.23756E+15,"30,300.00",0,0,0,15.15,0,0,0,"30,300.00",SUCCESS,,,
17/08/2026 19:58,2.10242E+19,31088H19575543000134,1.22026E+17,MMQR_PAYMENT,2102 - KBZ OI,4203 - MMIV RI,Kyaw Myo Oo,2.23737E+15,MRCTBANK,5499,Johnnie Liquor Store,9782540815,Johnnie Liquor Store,2.23756E+15,"3,000.00",0,0,0,1.5,0,0,0,"3,000.00",SUCCESS,,,
17/08/2026 19:51,2.10242E+19,31088H19513756000205,1.22026E+17,MMQR_PAYMENT,2102 - KBZ OI,4203 - MMIV RI,Daw Zar Chi Thaung,2.23737E+15,MRCTBANK,5499,A.S.K,95156238,A.S.K,2.23756E+15,"26,400.00",0,0,0,13.2,0,0,0,"26,400.00",SUCCESS,,,
17/08/2026 19:45,3.10142E+19,wm125956901870311949274,1.22026E+17,MMQR_PAYMENT,3101 - WAVE OI,4203 - MMIV RI,Shein Htet Aung,2.23441E+15,MRCTBANK,5499,Moe San,9891371722,Moe San,2.23756E+15,"15,300.00",0,0,0,7.65,0,0,0,"15,300.00",SUCCESS,,,
17/08/2026 19:39,2.10242E+19,31088H19390428000155,1.22026E+17,MMQR_PAYMENT,2102 - KBZ OI,4203 - MMIV RI,U AUNG KYAW SOE,2.23737E+15,MRCTBANK,5812,Eugenia Cafe,943200739,Eugenia Cafe,2.23756E+15,"78,890.00",394.45,181.45,213,39.45,0,0,142,"78,495.55",SUCCESS,,,
17/08/2026 19:38,2.10242E+19,31088H19382002000107,1.22026E+17,MMQR_PAYMENT,2102 - KBZ OI,4203 - MMIV RI,U MYINT WAI,2.23737E+15,MRCTBANK,5499,ANGEL,9968970070,ANGEL,2.23756E+15,"18,000.00",0,0,0,9,0,0,0,"18,000.00",SUCCESS,,,
17/08/2026 19:37,2.10242E+19,31088H19375035000255,1.22026E+17,MMQR_PAYMENT,2102 - KBZ OI,4203 - MMIV RI,U AUNG KYAW SOE,2.23737E+15,MRCTBANK,5812,Eugenia Cafe,943200739,Eugenia Cafe,2.23756E+15,"8,760.00",43.8,20.15,23.65,4.38,0,0,15.77,"8,716.20",SUCCESS,,,
17/08/2026 19:28,2.10242E+19,31088H19274228000143,1.22026E+17,MMQR_PAYMENT,2102 - KBZ OI,4203 - MMIV RI,San San Myint,2.23737E+15,MRCTBANK,5499,U AUNG MYINT STORE,943033040,U AUNG MYINT STORE,2.23756E+15,"20,000.00",0,0,0,10,0,0,0,"20,000.00",SUCCESS,,,
17/08/2026 19:27,2.10242E+19,31088H19270928000210,1.22026E+17,MMQR_PAYMENT,2102 - KBZ OI,4203 - MMIV RI,U SAN PHYO WIN,2.23737E+15,MRCTBANK,5499,AK Store,9402737790,AK Store,2.23756E+15,"3,500.00",0,0,0,1.75,0,0,0,"3,500.00",SUCCESS,,,
17/08/2026 19:25,2.10242E+19,31088H19254228000160,1.22026E+17,MMQR_PAYMENT,2102 - KBZ OI,4203 - MMIV RI,AUNG KYAW HTUN,2.23737E+15,MRCTBANK,5812,Eugenia Cafe,943200739,Eugenia Cafe,2.23756E+15,"68,100.00",340.5,156.63,183.87,34.05,0,0,122.58,"67,759.50",SUCCESS,,,
17/08/2026 19:22,3.10142E+19,wm125943019490230975711,1.22026E+17,MMQR_PAYMENT,3101 - WAVE OI,4203 - MMIV RI,Wunna Aung,2.23441E+15,MRCTBANK,5499,Pa Hta Wi Ar Kar,9420558864,Pa Hta Wi Ar Kar,2.23756E+15,"10,000.00",0,0,0,5,0,0,0,"10,000.00",SUCCESS,,,
17/08/2026 19:21,2.10242E+19,31088H19213243000161,1.22026E+17,MMQR_PAYMENT,2102 - KBZ OI,4203 - MMIV RI,DAW NANG KHIN WIN,2.23737E+15,MRCTBANK,5812,Eugenia Cafe,943200739,Eugenia Cafe,2.23756E+15,"32,550.00",162.75,74.86,87.89,16.28,0,0,58.58,"32,387.25",SUCCESS,,,
17/08/2026 19:18,3.10142E+19,wm125940454254912305683,1.22026E+17,MMQR_PAYMENT,3101 - WAVE OI,4203 - MMIV RI,Thon Hay Marn Oo,2.23441E+15,MRCTBANK,5499,LAMIN THAR,9765787858,LAMIN THAR,2.23756E+15,"50,500.00",0,0,0,25.25,0,0,0,"50,500.00",SUCCESS,,,
17/08/2026 19:11,2.10242E+19,31088H19105702000103,1.22026E+17,MMQR_PAYMENT,2102 - KBZ OI,4203 - MMIV RI,Daw Aye Aye,2.23737E+15,MRCTBANK,5499,KHINE MYITTER,9789470438,KHINE MYITTER,2.23756E+15,"40,000.00",0,0,0,20,0,0,0,"40,000.00",SUCCESS,,,
17/08/2026 19:10,2.10242E+19,31088H19103028000149,1.22026E+17,MMQR_PAYMENT,2102 - KBZ OI,4203 - MMIV RI,U Aung Kyaw,2.23737E+15,MRCTBANK,5812,Eugenia Cafe,943200739,Eugenia Cafe,2.23756E+15,"67,200.00",336,154.56,181.44,33.6,0,0,120.96,"66,864.00",SUCCESS,,,
17/08/2026 19:05,2.10242E+19,31088H19055243000100,1.22026E+17,MMQR_PAYMENT,2102 - KBZ OI,4203 - MMIV RI,KYAW SOE,2.23737E+15,MRCTBANK,5812,Eugenia Cafe,943200739,Eugenia Cafe,2.23756E+15,"90,250.00",451.25,207.57,243.68,45.13,0,0,162.44,"89,798.75",SUCCESS,,,
17/08/2026 19:05,2.10242E+19,31088H19045556000262,1.22026E+17,MMQR_PAYMENT,2102 - KBZ OI,4203 - MMIV RI,nyeinchanaung,2.23737E+15,MRCTBANK,5499,Moe San,9891371722,Moe San,2.23756E+15,"25,000.00",0,0,0,12.5,0,0,0,"25,000.00",SUCCESS,,,
17/08/2026 18:58,2.10142E+19,AYA21016a82fe54e5876e66c57d0529,1.22026E+17,MMQR_PAYMENT,2101 - AYA OI,4203 - MMIV RI,KYAW SOE,2.237E+15,MRCTBANK,5499,Aye Yeik Mon Store,9790197623,Aye Yeik Mon Store,2.23756E+15,"70,000.00",0,0,0,35,0,0,0,"70,000.00",SUCCESS,,,
17/08/2026 18:57,2.10242E+19,31088H18565135000229,1.22026E+17,MMQR_PAYMENT,2102 - KBZ OI,4203 - MMIV RI,Kyan Yu Khin,2.23737E+15,MRCTBANK,5812,Eugenia Cafe,943200739,Eugenia Cafe,2.23756E+15,"44,100.00",220.5,101.43,119.07,22.05,0,0,79.38,"43,879.50",SUCCESS,,,
17/08/2026 18:52,3.10142E+19,wm125924793793974024398,1.22026E+17,MMQR_PAYMENT,3101 - WAVE OI,4203 - MMIV RI,Thant Lwin Maung,2.23441E+15,MRCTBANK,5499,SEIN MITHARSU(2),9740011544,SEIN MITHARSU(2),2.23756E+15,"50,000.00",0,0,0,25,0,0,0,"50,000.00",SUCCESS,,,
17/08/2026 18:51,3.10142E+19,wm125924149112526115181,1.22026E+17,MMQR_PAYMENT,3101 - WAVE OI,4203 - MMIV RI,Thant Lwin Maung,2.23441E+15,MRCTBANK,5499,SEIN MITHARSU(2),9740011544,SEIN MITHARSU(2),2.23756E+15,"500,000.00",0,0,0,250,0,0,0,"500,000.00",SUCCESS,,,
17/08/2026 18:50,3.10142E+19,wm125924089363377174039,1.22026E+17,MMQR_PAYMENT,3101 - WAVE OI,4203 - MMIV RI,Kyaw Soe Tun,2.23441E+15,MRCTBANK,5499,SOE THIT SAN MOBILE SHOP,9790712555,SOE THIT SAN MOBILE SHOP,2.23756E+15,"5,000.00",0,0,0,2.5,0,0,0,"5,000.00",SUCCESS,,,
17/08/2026 18:50,3.10142E+19,wm125923892710505898088,1.22026E+17,MMQR_PAYMENT,3101 - WAVE OI,4203 - MMIV RI,Kyaw Soe Tun,2.23441E+15,MRCTBANK,5499,SOE THIT SAN MOBILE SHOP,9790712555,SOE THIT SAN MOBILE SHOP,2.23756E+15,"5,000.00",0,0,0,2.5,0,0,0,"5,000.00",SUCCESS,,,
17/08/2026 18:49,2.10242E+19,31088H18491643000108,1.22026E+17,MMQR_PAYMENT,2102 - KBZ OI,4203 - MMIV RI,Bhone thet paing,2.23737E+15,MRCTBANK,5499,SOE THIT SAN MOBILE SHOP,9790712555,SOE THIT SAN MOBILE SHOP,2.23756E+15,"5,000.00",0,0,0,2.5,0,0,0,"5,000.00",SUCCESS,,,
17/08/2026 18:49,2.10242E+19,31088H18485735000108,1.22026E+17,MMQR_PAYMENT,2102 - KBZ OI,4203 - MMIV RI,Bhone thet paing,2.23737E+15,MRCTBANK,5499,SOE THIT SAN MOBILE SHOP,9790712555,SOE THIT SAN MOBILE SHOP,2.23756E+15,"5,000.00",0,0,0,2.5,0,0,0,"5,000.00",SUCCESS,,,
17/08/2026 18:48,2.10242E+19,31088H18481956000108,1.22026E+17,MMQR_PAYMENT,2102 - KBZ OI,4203 - MMIV RI,Bhone thet paing,2.23737E+15,MRCTBANK,5499,SOE THIT SAN MOBILE SHOP,9790712555,SOE THIT SAN MOBILE SHOP,2.23756E+15,"5,000.00",0,0,0,2.5,0,0,0,"5,000.00",SUCCESS,,,
17/08/2026 18:48,2.10242E+19,31088H18475143000111,1.22026E+17,MMQR_PAYMENT,2102 - KBZ OI,4203 - MMIV RI,Ma Kyi Myint Myint Oo,2.23737E+15,MRCTBANK,5499,Shan Lay Store,9972000766,Shan Lay Store,2.23756E+15,"7,000.00",0,0,0,3.5,0,0,0,"7,000.00",SUCCESS,,,
17/08/2026 18:47,2.10242E+19,31088H18474756000308,1.22026E+17,MMQR_PAYMENT,2102 - KBZ OI,4203 - MMIV RI,Bhone thet paing,2.23737E+15,MRCTBANK,5499,SOE THIT SAN MOBILE SHOP,9790712555,SOE THIT SAN MOBILE SHOP,2.23756E+15,"5,000.00",0,0,0,2.5,0,0,0,"5,000.00",SUCCESS,,,
17/08/2026 18:47,2.10242E+19,31088H18474428000132,1.22026E+17,MMQR_PAYMENT,2102 - KBZ OI,4203 - MMIV RI,YE THU,2.23737E+15,MRCTBANK,5499,Hla Thidar Aung Store,9795551319,Hla Thidar Aung Store,2.23756E+15,"3,000.00",0,0,0,1.5,0,0,0,"3,000.00",SUCCESS,,,
17/08/2026 18:45,2.10542E+19,E2E223767202608171845575072728371,1.22026E+17,MMQR_PAYMENT,2105 - UAB OI,4203 - MMIV RI,KHINE ZAR MYO,2.23768E+15,MRCTBANK,5499,KHINE MYITTER,9789470438,KHINE MYITTER,2.23756E+15,"5,000.00",0,0,0,2.5,0,0,0,"5,000.00",SUCCESS,,,
17/08/2026 18:44,2.10242E+19,31088H18435689000253,1.22026E+17,MMQR_PAYMENT,2102 - KBZ OI,4203 - MMIV RI,SHOON LAE OO,2.23737E+15,MRCTBANK,5499,May Myanmar,9448098913,May Myanmar,2.23756E+15,"1,800.00",0,0,0,0.9,0,0,0,"1,800.00",SUCCESS,,,
17/08/2026 18:44,2.10242E+19,31088H18435735000309,1.22026E+17,MMQR_PAYMENT,2102 - KBZ OI,4203 - MMIV RI,Daw Nwe Nwe Oo,2.23737E+15,MRCTBANK,5499,KHINE MYITTER,9789470438,KHINE MYITTER,2.23756E+15,"10,000.00",0,0,0,5,0,0,0,"10,000.00",SUCCESS,,,
17/08/2026 18:43,2.10242E+19,31088H18431889000135,1.22026E+17,MMQR_PAYMENT,2102 - KBZ OI,4203 - MMIV RI,Mg Pyae Phone Khant,2.23737E+15,MRCTBANK,5499,ANGEL,9968970070,ANGEL,2.23756E+15,"10,000.00",0,0,0,5,0,0,0,"10,000.00",SUCCESS,,,
17/08/2026 18:42,2.10242E+19,31088H18421643000242,1.22026E+17,MMQR_PAYMENT,2102 - KBZ OI,4203 - MMIV RI,Honey Moe,2.23737E+15,MRCTBANK,5499,LAMIN THAR,9765787858,LAMIN THAR,2.23756E+15,"40,400.00",0,0,0,20.2,0,0,0,"40,400.00",SUCCESS,,,
17/08/2026 18:41,2.10542E+19,E2E223767202608171840598530824801,1.22026E+17,MMQR_PAYMENT,2105 - UAB OI,4203 - MMIV RI,KHINE ZAR MYO,2.23768E+15,MRCTBANK,5499,KHINE MYITTER,9789470438,KHINE MYITTER,2.23756E+15,"5,100.00",0,0,0,2.55,0,0,0,"5,100.00",SUCCESS,,,
17/08/2026 18:40,2.10242E+19,31088H18401428000263,1.22026E+17,MMQR_PAYMENT,2102 - KBZ OI,4203 - MMIV RI,Myat Myo Win,2.23737E+15,MRCTBANK,5499,PYI SONE WIN PHONE STORE,9770050552,PYI SONE WIN PHONE STORE,2.23756E+15,"25,000.00",0,0,0,12.5,0,0,0,"25,000.00",SUCCESS,,,
17/08/2026 18:39,2.10242E+19,31088H18390189000236,1.22026E+17,MMQR_PAYMENT,2102 - KBZ OI,4203 - MMIV RI,AMe Ko,2.23737E+15,MRCTBANK,5499,AsiaThar 9 mobile,9772072783,AsiaThar 9 mobile,2.23756E+15,"15,000.00",0,0,0,7.5,0,0,0,"15,000.00",SUCCESS,,,
17/08/2026 18:38,2.10142E+19,AYA21016a82f9c5f15db3891704a048,1.22026E+17,MMQR_PAYMENT,2101 - AYA OI,4203 - MMIV RI,AMIKOE,2.237E+15,MRCTBANK,5499,AsiaThar 9 mobile,9772072783,AsiaThar 9 mobile,2.23756E+15,"20,000.00",0,0,0,10,0,0,0,"20,000.00",SUCCESS,,,
17/08/2026 18:36,2.10242E+19,31088H18361489000227,1.22026E+17,MMQR_PAYMENT,2102 - KBZ OI,4203 - MMIV RI,Khaing Zin Win,2.23737E+15,MRCTBANK,5499,SOUL COFFEE STUDIO,9421128983,SOUL COFFEE STUDIO,2.23756E+15,"17,000.00",0,0,0,8.5,0,0,0,"17,000.00",SUCCESS,,,
17/08/2026 18:32,2.10742E+19,210720260817183219299692991a7271637,1.22026E+17,MMQR_PAYMENT,2107 - YOMA OI,4203 - MMIV RI,U SAW HTET NAY LIN KYAW,2.23699E+15,MRCTBANK,5499,Johnnie Liquor Store,9782540815,Johnnie Liquor Store,2.23756E+15,"7,500.00",0,0,0,3.75,0,0,0,"7,500.00",SUCCESS,,,
17/08/2026 18:31,2.10242E+19,31088H18312628000103,1.22026E+17,MMQR_PAYMENT,2102 - KBZ OI,4203 - MMIV RI,KHAING SHWE SIN,2.23737E+15,MRCTBANK,5499,ANGEL,9968970070,ANGEL,2.23756E+15,"4,000.00",0,0,0,2,0,0,0,"4,000.00",SUCCESS,,,
17/08/2026 18:24,2.10242E+19,31088H18241428000108,1.22026E+17,MMQR_PAYMENT,2102 - KBZ OI,4203 - MMIV RI,Ei Mon Oo,2.23737E+15,MRCTBANK,5812,Eugenia Cafe,943200739,Eugenia Cafe,2.23756E+15,"26,750.00",133.75,61.52,72.23,13.38,0,0,48.14,"26,616.25",SUCCESS,,,
17/08/2026 18:15,2.10442E+19,AP21042026081746533083937859853193,1.22026E+17,MMQR_PAYMENT,2104 - AB OI,4203 - MMIV RI,Htat Phoo Wai,2.2359E+15,MRCTBANK,5499,ANGEL,9968970070,ANGEL,2.23756E+15,"3,300.00",0,0,0,1.65,0,0,0,"3,300.00",SUCCESS,,,
17/08/2026 18:08,2.10242E+19,31088H18081528000217,1.22026E+17,MMQR_PAYMENT,2102 - KBZ OI,4203 - MMIV RI,Hay Zin Aung,2.23737E+15,MRCTBANK,5499,A.S.K,95156238,A.S.K,2.23756E+15,"5,200.00",0,0,0,2.6,0,0,0,"5,200.00",SUCCESS,,,
17/08/2026 18:06,2.10242E+19,31088H18061743000132,1.22026E+17,MMQR_PAYMENT,2102 - KBZ OI,4203 - MMIV RI,April Htun,2.23737E+15,MRCTBANK,5499,Myo Min mobile shop,9448053325,Myo Min mobile shop,2.23756E+15,"200,000.00",0,0,0,100,0,0,0,"200,000.00",SUCCESS,,,
17/08/2026 18:02,2.10242E+19,31088H18022802000116,1.22026E+17,MMQR_PAYMENT,2102 - KBZ OI,4203 - MMIV RI,Thiri Shwe Sin,2.23737E+15,MRCTBANK,5812,Eugenia Cafe,943200739,Eugenia Cafe,2.23756E+15,"36,200.00",181,83.26,97.74,18.1,0,0,65.16,"36,019.00",SUCCESS,,,
17/08/2026 17:58,2.10242E+19,31088H17584989000324,1.22026E+17,MMQR_PAYMENT,2102 - KBZ OI,4203 - MMIV RI,DAW MAY MYAT SAW,2.23737E+15,MRCTBANK,5499,ANGEL,9968970070,ANGEL,2.23756E+15,"27,000.00",0,0,0,13.5,0,0,0,"27,000.00",SUCCESS,,,
17/08/2026 17:57,2.10242E+19,31088H17565835000163,1.22026E+17,MMQR_PAYMENT,2102 - KBZ OI,4203 - MMIV RI,Hein Htet Soe,2.23737E+15,MRCTBANK,5812,Eugenia Cafe,943200739,Eugenia Cafe,2.23756E+15,"32,000.00",160,73.6,86.4,16,0,0,57.6,"31,840.00",SUCCESS,,,
17/08/2026 17:55,2.10242E+19,31088H17554802000163,1.22026E+17,MMQR_PAYMENT,2102 - KBZ OI,4203 - MMIV RI,KO MIN SWE,2.23737E+15,MRCTBANK,5499,SOUL COFFEE STUDIO,9421128983,SOUL COFFEE STUDIO,2.23756E+15,"14,500.00",0,0,0,7.25,0,0,0,"14,500.00",SUCCESS,,,
17/08/2026 17:54,2.10242E+19,31088H17541643000313,1.22026E+17,MMQR_PAYMENT,2102 - KBZ OI,4203 - MMIV RI,Zay Yan Naing,2.23737E+15,MRCTBANK,5812,Eugenia Cafe,943200739,Eugenia Cafe,2.23756E+15,"30,950.00",154.75,71.18,83.57,15.48,0,0,55.7,"30,795.25",SUCCESS,,,
17/08/2026 17:53,2.10242E+19,31088H17532902000242,1.22026E+17,MMQR_PAYMENT,2102 - KBZ OI,4203 - MMIV RI,zin me thet,2.23737E+15,MRCTBANK,5499,Lucky Store,9795553574,Lucky Store,2.23756E+15,"50,000.00",0,0,0,25,0,0,0,"50,000.00",SUCCESS,,,
17/08/2026 17:51,2.10242E+19,31088H17505328000156,1.22026E+17,MMQR_PAYMENT,2102 - KBZ OI,4203 - MMIV RI,ZAI ZIN MAI,2.23737E+15,MRCTBANK,5499,ANGEL,9968970070,ANGEL,2.23756E+15,"19,000.00",0,0,0,9.5,0,0,0,"19,000.00",SUCCESS,,,
17/08/2026 17:48,2.10242E+19,31088H17482489000129,1.22026E+17,MMQR_PAYMENT,2102 - KBZ OI,4203 - MMIV RI,U Min Min Soe,2.23737E+15,MRCTBANK,5499,SOE THIT SAN MOBILE SHOP,9790712555,SOE THIT SAN MOBILE SHOP,2.23756E+15,"20,000.00",0,0,0,10,0,0,0,"20,000.00",SUCCESS,,,
17/08/2026 17:48,2.10242E+19,31088H17480243000129,1.22026E+17,MMQR_PAYMENT,2102 - KBZ OI,4203 - MMIV RI,U Min Min Soe,2.23737E+15,MRCTBANK,5499,SOE THIT SAN MOBILE SHOP,9790712555,SOE THIT SAN MOBILE SHOP,2.23756E+15,"20,000.00",0,0,0,10,0,0,0,"20,000.00",SUCCESS,,,
17/08/2026 17:48,2.10242E+19,31088H17475689000135,1.22026E+17,MMQR_PAYMENT,2102 - KBZ OI,4203 - MMIV RI,MYO NAING LIN,2.23737E+15,MRCTBANK,5499,Quartz Tun Tun,9254396307,Quartz Tun Tun,2.23756E+15,"145,000.00",0,0,0,72.5,0,0,0,"145,000.00",SUCCESS,,,
17/08/2026 17:46,2.10242E+19,31088H17455402000229,1.22026E+17,MMQR_PAYMENT,2102 - KBZ OI,4203 - MMIV RI,ZIN SWE LIN,2.23737E+15,MRCTBANK,5499,A.S.K,95156238,A.S.K,2.23756E+15,"100,000.00",0,0,0,50,0,0,0,"100,000.00",SUCCESS,,,
17/08/2026 17:44,2.10242E+19,31088H17443456000329,1.22026E+17,MMQR_PAYMENT,2102 - KBZ OI,4203 - MMIV RI,HEIN ZAW LIN,2.23737E+15,MRCTBANK,5499,PYI SONE WIN PHONE STORE,9770050552,PYI SONE WIN PHONE STORE,2.23756E+15,"150,000.00",0,0,0,75,0,0,0,"150,000.00",SUCCESS,,,
17/08/2026 17:41,3.10142E+19,wm125882635815162536823,1.22026E+17,MMQR_PAYMENT,3101 - WAVE OI,4203 - MMIV RI,Aung Myo Kyaw,2.23441E+15,MRCTBANK,5499,Shan Lay Store,9972000766,Shan Lay Store,2.23756E+15,"10,000.00",0,0,0,5,0,0,0,"10,000.00",SUCCESS,,,
17/08/2026 17:41,2.10242E+19,31088H17405743000134,1.22026E+17,MMQR_PAYMENT,2102 - KBZ OI,4203 - MMIV RI,Mg ko thet,2.23737E+15,MRCTBANK,5499,Shan Lay Store,9972000766,Shan Lay Store,2.23756E+15,"55,000.00",0,0,0,27.5,0,0,0,"55,000.00",SUCCESS,,,
17/08/2026 17:39,2.10242E+19,31088H17394135000148,1.22026E+17,MMQR_PAYMENT,2102 - KBZ OI,4203 - MMIV RI,U No Tue,2.23737E+15,MRCTBANK,5542,100 Power 2 -YMT,9681976325,100 Power 2 -YMT,2.23756E+15,"220,000.00",660,308,352,110,0,0,198,"219,340.00",SUCCESS,,,
17/08/2026 17:38,2.10242E+19,31088H17384428000248,1.22026E+17,MMQR_PAYMENT,2102 - KBZ OI,4203 - MMIV RI,U No Tue,2.23737E+15,MRCTBANK,5542,100 Power 2 -YMT,9681976325,100 Power 2 -YMT,2.23756E+15,"301,500.00",904.5,422.1,482.4,150.75,0,0,271.35,"300,595.50",SUCCESS,,,
17/08/2026 17:37,2.10242E+19,31088H17372843000212,1.22026E+17,MMQR_PAYMENT,2102 - KBZ OI,4203 - MMIV RI,DAW THAE SU CHAN THAR,2.23737E+15,MRCTBANK,5499,Shwe Mi Store,9421101266,Shwe Mi Store,2.23756E+15,"2,200.00",0,0,0,1.1,0,0,0,"2,200.00",SUCCESS,,,
17/08/2026 17:36,2.10342E+19,FT262298Q5H7,1.22026E+17,MMQR_PAYMENT,2103 - CB OI,4203 - MMIV RI,DAW YEE NWE PHYO,2.23772E+15,MRCTBANK,5499,A.S.K,95156238,A.S.K,2.23756E+15,"75,000.00",0,0,0,37.5,0,0,0,"75,000.00",SUCCESS,,,
17/08/2026 17:35,3.10142E+19,wm125878687967547704387,1.22026E+17,MMQR_PAYMENT,3101 - WAVE OI,4203 - MMIV RI,Wanna Kyaw,2.23441E+15,MRCTBANK,5499,Pa Hta Wi Ar Kar,9420558864,Pa Hta Wi Ar Kar,2.23756E+15,"110,000.00",0,0,0,55,0,0,0,"110,000.00",SUCCESS,,,
17/08/2026 17:33,3.10142E+19,wm62110307503871806344,1.22026E+17,MMQR_PAYMENT,3101 - WAVE OI,4203 - MMIV RI,Myat Kaung Kyaw,2.23441E+15,MRCTBANK,5499,Thin Store,9420291365,Thin Store,2.23756E+15,800,0,0,0,0.4,0,0,0,800,SUCCESS,,,
17/08/2026 17:33,3.10142E+19,wm125877628334341183175,1.22026E+17,MMQR_PAYMENT,3101 - WAVE OI,4203 - MMIV RI,Zaw Naing Win,2.23441E+15,MRCTBANK,5499,Mya Gan Na Mar,9960491413,Mya Gan Na Mar,2.23756E+15,"20,000.00",0,0,0,10,0,0,0,"20,000.00",SUCCESS,,,
17/08/2026 17:32,3.10142E+19,wm125876776309434818825,1.22026E+17,MMQR_PAYMENT,3101 - WAVE OI,4203 - MMIV RI,Kaung Htet Nyi,2.23441E+15,MRCTBANK,5499,THONE YOUNG CHEL,9685143044,THONE YOUNG CHEL,2.23756E+15,"5,000.00",0,0,0,2.5,0,0,0,"5,000.00",SUCCESS,,,
17/08/2026 17:31,2.10542E+19,E2E223767202608171731039518497376,1.22026E+17,MMQR_PAYMENT,2105 - UAB OI,4203 - MMIV RI,Nyein Chan Aung,2.23768E+15,MRCTBANK,5499,KHINE MYITTER,9789470438,KHINE MYITTER,2.23756E+15,"10,100.00",0,0,0,5.05,0,0,0,"10,100.00",SUCCESS,,,
17/08/2026 17:28,3.10142E+19,wm62107012316408014723,1.22026E+17,MMQR_PAYMENT,3101 - WAVE OI,4203 - MMIV RI,Yi Yi Khin,2.23441E+15,MRCTBANK,5499,A LINN THIT MOBILE,9898459560,A LINN THIT MOBILE,2.23756E+15,"300,000.00",0,0,0,150,0,0,0,"300,000.00",SUCCESS,,,
17/08/2026 17:27,2.10242E+19,31088H17274656000446,1.22026E+17,MMQR_PAYMENT,2102 - KBZ OI,4203 - MMIV RI,Mg Thant Zin Aung,2.23737E+15,MRCTBANK,5499,Shan Lay Store,9972000766,Shan Lay Store,2.23756E+15,"55,000.00",0,0,0,27.5,0,0,0,"55,000.00",SUCCESS,,,
17/08/2026 17:27,3.10142E+19,wm125874087827625374563,1.22026E+17,MMQR_PAYMENT,3101 - WAVE OI,4203 - MMIV RI,Win Win Hlaing,2.23441E+15,MRCTBANK,5499,Moe San,9891371722,Moe San,2.23756E+15,"100,000.00",0,0,0,50,0,0,0,"100,000.00",SUCCESS,,,
17/08/2026 17:26,2.10242E+19,31088H17264489000125,1.22026E+17,MMQR_PAYMENT,2102 - KBZ OI,4203 - MMIV RI,DAW MAR LAR OO,2.23737E+15,MRCTBANK,5499,Pyoe Mini Mart,9421083972,Pyoe Mini Mart,2.23756E+15,"1,200.00",0,0,0,0.6,0,0,0,"1,200.00",SUCCESS,,,
17/08/2026 17:23,2.10242E+19,31088H17225643000119,1.22026E+17,MMQR_PAYMENT,2102 - KBZ OI,4203 - MMIV RI,Thawe K Khine,2.23737E+15,MRCTBANK,5499,ANGEL,9968970070,ANGEL,2.23756E+15,"5,100.00",0,0,0,2.55,0,0,0,"5,100.00",SUCCESS,,,
17/08/2026 17:21,2.10242E+19,31088H17212889000109,1.22026E+17,MMQR_PAYMENT,2102 - KBZ OI,4203 - MMIV RI,U ZAW MIN HEIN,2.23737E+15,MRCTBANK,5499,LAMIN THAR,9765787858,LAMIN THAR,2.23756E+15,"15,600.00",0,0,0,7.8,0,0,0,"15,600.00",SUCCESS,,,
17/08/2026 17:21,2.10242E+19,31088H17211028000117,1.22026E+17,MMQR_PAYMENT,2102 - KBZ OI,4203 - MMIV RI,DAW KHA YAY OO,2.23737E+15,MRCTBANK,5499,ANGEL,9968970070,ANGEL,2.23756E+15,"18,000.00",0,0,0,9,0,0,0,"18,000.00",SUCCESS,,,
17/08/2026 17:20,2.10242E+19,31088H17200189000102,1.22026E+17,MMQR_PAYMENT,2102 - KBZ OI,4203 - MMIV RI,YE AUNG,2.23737E+15,MRCTBANK,5499,LAMIN THAR,9765787858,LAMIN THAR,2.23756E+15,"6,700.00",0,0,0,3.35,0,0,0,"6,700.00",SUCCESS,,,
17/08/2026 17:15,2.10242E+19,31088H17154889000245,1.22026E+17,MMQR_PAYMENT,2102 - KBZ OI,4203 - MMIV RI,Mg Kyaw Myat Thu,2.23737E+15,MRCTBANK,5499,Moe San,9891371722,Moe San,2.23756E+15,"111,000.00",0,0,0,55.5,0,0,0,"111,000.00",SUCCESS,,,
17/08/2026 17:15,3.10142E+19,wm125866685603499387283,1.22026E+17,MMQR_PAYMENT,3101 - WAVE OI,4203 - MMIV RI,Htet Htet Naing,2.23441E+15,MRCTBANK,5499,A LINN THIT MOBILE,9898459560,A LINN THIT MOBILE,2.23756E+15,"15,000.00",0,0,0,7.5,0,0,0,"15,000.00",SUCCESS,,,
17/08/2026 17:13,2.10342E+19,FT26229XW2DZ,1.22026E+17,MMQR_PAYMENT,2103 - CB OI,4203 - MMIV RI,NI TAR KYAW,2.23772E+15,MRCTBANK,5499,Soe Soe,9691141588,Soe Soe,2.23756E+15,"232,650.00",0,0,0,116.33,0,0,0,"232,650.00",SUCCESS,,,
17/08/2026 17:13,2.10342E+19,FT262295PWZY,1.22026E+17,MMQR_PAYMENT,2103 - CB OI,4203 - MMIV RI,NI TAR KYAW,2.23772E+15,MRCTBANK,5499,Soe Soe,9691141588,Soe Soe,2.23756E+15,"300,000.00",0,0,0,150,0,0,0,"300,000.00",SUCCESS,,,
17/08/2026 17:06,3.10142E+19,wm125861558484046844574,1.22026E+17,MMQR_PAYMENT,3101 - WAVE OI,4203 - MMIV RI,Kyaw Soe Han,2.23441E+15,MRCTBANK,5499,Moe San,9891371722,Moe San,2.23756E+15,"9,000.00",0,0,0,4.5,0,0,0,"9,000.00",SUCCESS,,,
17/08/2026 17:06,2.10242E+19,31088H17062643000236,1.22026E+17,MMQR_PAYMENT,2102 - KBZ OI,4203 - MMIV RI,Mya Thet Hnin,2.23737E+15,MRCTBANK,5499,PYI SONE WIN PHONE STORE,9770050552,PYI SONE WIN PHONE STORE,2.23756E+15,"7,500.00",0,0,0,3.75,0,0,0,"7,500.00",SUCCESS,,,
17/08/2026 17:05,2.10242E+19,31088H17053328000255,1.22026E+17,MMQR_PAYMENT,2102 - KBZ OI,4203 - MMIV RI,San Naing Thant,2.23737E+15,MRCTBANK,5812,Eugenia Cafe,943200739,Eugenia Cafe,2.23756E+15,"17,300.00",86.5,39.79,46.71,8.65,0,0,31.14,"17,213.50",SUCCESS,,,
17/08/2026 17:04,3.10142E+19,wm125860425109702963459,1.22026E+17,MMQR_PAYMENT,3101 - WAVE OI,4203 - MMIV RI,Aung Khant Bo,2.23441E+15,MRCTBANK,5499,LAMIN THAR,9765787858,LAMIN THAR,2.23756E+15,"13,000.00",0,0,0,6.5,0,0,0,"13,000.00",SUCCESS,,,
17/08/2026 17:02,3.10142E+19,wm125859343139203423296,1.22026E+17,MMQR_PAYMENT,3101 - WAVE OI,4203 - MMIV RI,Nay Thet Lin,2.23441E+15,MRCTBANK,5499,Thin Store,9420291365,Thin Store,2.23756E+15,"30,000.00",0,0,0,15,0,0,0,"30,000.00",SUCCESS,,,
17/08/2026 16:58,2.10242E+19,31088H16584635000133,1.22026E+17,MMQR_PAYMENT,2102 - KBZ OI,4203 - MMIV RI,U THET WAI PHYO,2.23737E+15,MRCTBANK,5499,A.S.K,95156238,A.S.K,2.23756E+15,"55,600.00",0,0,0,27.8,0,0,0,"55,600.00",SUCCESS,,,
17/08/2026 16:56,3.10142E+19,wm125855238191578045806,1.22026E+17,MMQR_PAYMENT,3101 - WAVE OI,4203 - MMIV RI,Khin Maung Zin,2.23441E+15,MRCTBANK,5499,Shan Lay Store,9972000766,Shan Lay Store,2.23756E+15,"5,500.00",0,0,0,2.75,0,0,0,"5,500.00",SUCCESS,,,
17/08/2026 16:55,3.10142E+19,wm125855124711171113736,1.22026E+17,MMQR_PAYMENT,3101 - WAVE OI,4203 - MMIV RI,Ei Ei Mon,2.23441E+15,MRCTBANK,5499,ANGEL,9968970070,ANGEL,2.23756E+15,"2,500.00",0,0,0,1.25,0,0,0,"2,500.00",SUCCESS,,,
17/08/2026 16:54,2.10242E+19,31088H16544256000216,1.22026E+17,MMQR_PAYMENT,2102 - KBZ OI,4203 - MMIV RI,Myat Noe Khin,2.23737E+15,MRCTBANK,5499,SOE THIT SAN MOBILE SHOP,9790712555,SOE THIT SAN MOBILE SHOP,2.23756E+15,"5,000.00",0,0,0,2.5,0,0,0,"5,000.00",SUCCESS,,,
17/08/2026 16:54,2.10242E+19,31088H16542828000116,1.22026E+17,MMQR_PAYMENT,2102 - KBZ OI,4203 - MMIV RI,Myat Noe Khin,2.23737E+15,MRCTBANK,5499,SOE THIT SAN MOBILE SHOP,9790712555,SOE THIT SAN MOBILE SHOP,2.23756E+15,"5,000.00",0,0,0,2.5,0,0,0,"5,000.00",SUCCESS,,,
17/08/2026 16:54,2.10242E+19,31088H16542456000127,1.22026E+17,MMQR_PAYMENT,2102 - KBZ OI,4203 - MMIV RI,Khin Chan Myae,2.23737E+15,MRCTBANK,5499,IC 2,9959533636,IC 2,2.23756E+15,"50,000.00",0,0,0,25,0,0,0,"50,000.00",SUCCESS,,,
17/08/2026 16:54,2.10242E+19,31088H16540935000116,1.22026E+17,MMQR_PAYMENT,2102 - KBZ OI,4203 - MMIV RI,Myat Noe Khin,2.23737E+15,MRCTBANK,5499,SOE THIT SAN MOBILE SHOP,9790712555,SOE THIT SAN MOBILE SHOP,2.23756E+15,"5,000.00",0,0,0,2.5,0,0,0,"5,000.00",SUCCESS,,,
17/08/2026 16:53,2.10242E+19,31088H16532556000120,1.22026E+17,MMQR_PAYMENT,2102 - KBZ OI,4203 - MMIV RI,LWIN MOE MYINT,2.23737E+15,MRCTBANK,5499,A.S.K,95156238,A.S.K,2.23756E+15,"5,200.00",0,0,0,2.6,0,0,0,"5,200.00",SUCCESS,,,
17/08/2026 16:50,2.10242E+19,31088H16504156000151,1.22026E+17,MMQR_PAYMENT,2102 - KBZ OI,4203 - MMIV RI,Myat Nyein Win,2.23737E+15,MRCTBANK,5499,Quartz Tun Tun,9254396307,Quartz Tun Tun,2.23756E+15,"268,000.00",0,0,0,134,0,0,0,"268,000.00",SUCCESS,,,
17/08/2026 16:47,2.10242E+19,31088H16465456000206,1.22026E+17,MMQR_PAYMENT,2102 - KBZ OI,4203 - MMIV RI,EI SHWE SIN,2.23737E+15,MRCTBANK,5499,We Care,9676555804,We Care,2.23756E+15,"101,000.00",0,0,0,50.5,0,0,0,"101,000.00",SUCCESS,,,
17/08/2026 16:44,2.10242E+19,31088H16444835000250,1.22026E+17,MMQR_PAYMENT,2102 - KBZ OI,4203 - MMIV RI,GLORIA,2.23737E+15,MRCTBANK,5499,A.S.K,95156238,A.S.K,2.23756E+15,"70,400.00",0,0,0,35.2,0,0,0,"70,400.00",SUCCESS,,,
17/08/2026 16:43,2.10242E+19,31088H16425756000162,1.22026E+17,MMQR_PAYMENT,2102 - KBZ OI,4203 - MMIV RI,Ma Khin Moe San,2.23737E+15,MRCTBANK,5499,Moe San,9891371722,Moe San,2.23756E+15,"39,500.00",0,0,0,19.75,0,0,0,"39,500.00",SUCCESS,,,
17/08/2026 16:41,2.10242E+19,31088H16412756000138,1.22026E+17,MMQR_PAYMENT,2102 - KBZ OI,4203 - MMIV RI,U Aung Zin Htwe,2.23737E+15,MRCTBANK,5499,A LINN THIT MOBILE,9898459560,A LINN THIT MOBILE,2.23756E+15,"130,000.00",0,0,0,65,0,0,0,"130,000.00",SUCCESS,,,
17/08/2026 16:40,2.10242E+19,31088H16403602000139,1.22026E+17,MMQR_PAYMENT,2102 - KBZ OI,4203 - MMIV RI,Myat Ei Mon,2.23737E+15,MRCTBANK,5499,We Care,9676555804,We Care,2.23756E+15,"30,300.00",0,0,0,15.15,0,0,0,"30,300.00",SUCCESS,,,
17/08/2026 16:38,3.10142E+19,wm125844659778127761564,1.22026E+17,MMQR_PAYMENT,3101 - WAVE OI,4203 - MMIV RI,Pann Ei Khin,2.23441E+15,MRCTBANK,5499,PYI SONE WIN PHONE STORE,9770050552,PYI SONE WIN PHONE STORE,2.23756E+15,"50,000.00",0,0,0,25,0,0,0,"50,000.00",SUCCESS,,,
17/08/2026 16:34,2.10242E+19,31088H16342735000209,1.22026E+17,MMQR_PAYMENT,2102 - KBZ OI,4203 - MMIV RI,PHONE MYINT ZAW,2.23737E+15,MRCTBANK,5499,A LINN THIT MOBILE,9898459560,A LINN THIT MOBILE,2.23756E+15,"55,600.00",0,0,0,27.8,0,0,0,"55,600.00",SUCCESS,,,
17/08/2026 16:33,2.10242E+19,31088H16332228000124,1.22026E+17,MMQR_PAYMENT,2102 - KBZ OI,4203 - MMIV RI,Chue Eaindray Phuu,2.23737E+15,MRCTBANK,5499,PWINT PHYU,9790279491,PWINT PHYU,2.23756E+15,"10,000.00",0,0,0,5,0,0,0,"10,000.00",SUCCESS,,,
17/08/2026 16:32,2.10242E+19,31088H16325428000324,1.22026E+17,MMQR_PAYMENT,2102 - KBZ OI,4203 - MMIV RI,Chue Eaindray Phuu,2.23737E+15,MRCTBANK,5499,PWINT PHYU,9790279491,PWINT PHYU,2.23756E+15,"6,000.00",0,0,0,3,0,0,0,"6,000.00",SUCCESS,,,
17/08/2026 16:32,2.10242E+19,31088H16324335000124,1.22026E+17,MMQR_PAYMENT,2102 - KBZ OI,4203 - MMIV RI,Chue Eaindray Phuu,2.23737E+15,MRCTBANK,5499,PWINT PHYU,9790279491,PWINT PHYU,2.23756E+15,"7,000.00",0,0,0,3.5,0,0,0,"7,000.00",SUCCESS,,,
17/08/2026 16:32,2.10242E+19,31088H16323002000124,1.22026E+17,MMQR_PAYMENT,2102 - KBZ OI,4203 - MMIV RI,Chue Eaindray Phuu,2.23737E+15,MRCTBANK,5499,PWINT PHYU,9790279491,PWINT PHYU,2.23756E+15,"9,000.00",0,0,0,4.5,0,0,0,"9,000.00",SUCCESS,,,
17/08/2026 16:32,2.10242E+19,31088H16321835000424,1.22026E+17,MMQR_PAYMENT,2102 - KBZ OI,4203 - MMIV RI,Chue Eaindray Phuu,2.23737E+15,MRCTBANK,5499,PWINT PHYU,9790279491,PWINT PHYU,2.23756E+15,"8,000.00",0,0,0,4,0,0,0,"8,000.00",SUCCESS,,,
17/08/2026 16:32,2.10242E+19,31088H16320828000224,1.22026E+17,MMQR_PAYMENT,2102 - KBZ OI,4203 - MMIV RI,Chue Eaindray Phuu,2.23737E+15,MRCTBANK,5499,PWINT PHYU,9790279491,PWINT PHYU,2.23756E+15,"10,000.00",0,0,0,5,0,0,0,"10,000.00",SUCCESS,,,
17/08/2026 16:32,2.10242E+19,31088H16315728000124,1.22026E+17,MMQR_PAYMENT,2102 - KBZ OI,4203 - MMIV RI,Chue Eaindray Phuu,2.23737E+15,MRCTBANK,5499,PWINT PHYU,9790279491,PWINT PHYU,2.23756E+15,"6,000.00",0,0,0,3,0,0,0,"6,000.00",SUCCESS,,,
17/08/2026 16:31,2.10242E+19,31088H16314428000124,1.22026E+17,MMQR_PAYMENT,2102 - KBZ OI,4203 - MMIV RI,Chue Eaindray Phuu,2.23737E+15,MRCTBANK,5499,PWINT PHYU,9790279491,PWINT PHYU,2.23756E+15,"6,000.00",0,0,0,3,0,0,0,"6,000.00",SUCCESS,,,
17/08/2026 16:31,2.10242E+19,31088H16305956000124,1.22026E+17,MMQR_PAYMENT,2102 - KBZ OI,4203 - MMIV RI,Chue Eaindray Phuu,2.23737E+15,MRCTBANK,5499,PWINT PHYU,9790279491,PWINT PHYU,2.23756E+15,"8,000.00",0,0,0,4,0,0,0,"8,000.00",SUCCESS,,,
17/08/2026 16:30,2.10242E+19,31088H16304956000324,1.22026E+17,MMQR_PAYMENT,2102 - KBZ OI,4203 - MMIV RI,Chue Eaindray Phuu,2.23737E+15,MRCTBANK,5499,PWINT PHYU,9790279491,PWINT PHYU,2.23756E+15,"10,000.00",0,0,0,5,0,0,0,"10,000.00",SUCCESS,,,
17/08/2026 16:30,2.10242E+19,31088H16304089000124,1.22026E+17,MMQR_PAYMENT,2102 - KBZ OI,4203 - MMIV RI,Chue Eaindray Phuu,2.23737E+15,MRCTBANK,5499,PWINT PHYU,9790279491,PWINT PHYU,2.23756E+15,"7,000.00",0,0,0,3.5,0,0,0,"7,000.00",SUCCESS,,,
17/08/2026 16:30,2.10242E+19,31088H16302343000224,1.22026E+17,MMQR_PAYMENT,2102 - KBZ OI,4203 - MMIV RI,Chue Eaindray Phuu,2.23737E+15,MRCTBANK,5499,PWINT PHYU,9790279491,PWINT PHYU,2.23756E+15,"9,000.00",0,0,0,4.5,0,0,0,"9,000.00",SUCCESS,,,
17/08/2026 16:30,2.10242E+19,31088H16294843000224,1.22026E+17,MMQR_PAYMENT,2102 - KBZ OI,4203 - MMIV RI,Chue Eaindray Phuu,2.23737E+15,MRCTBANK,5499,PWINT PHYU,9790279491,PWINT PHYU,2.23756E+15,"6,000.00",0,0,0,3,0,0,0,"6,000.00",SUCCESS,,,
17/08/2026 16:29,2.10242E+19,31088H16290343000124,1.22026E+17,MMQR_PAYMENT,2102 - KBZ OI,4203 - MMIV RI,Chue Eaindray Phuu,2.23737E+15,MRCTBANK,5499,PWINT PHYU,9790279491,PWINT PHYU,2.23756E+15,"9,000.00",0,0,0,4.5,0,0,0,"9,000.00",SUCCESS,,,
17/08/2026 16:28,2.10242E+19,31088H16283443000224,1.22026E+17,MMQR_PAYMENT,2102 - KBZ OI,4203 - MMIV RI,Chue Eaindray Phuu,2.23737E+15,MRCTBANK,5499,PWINT PHYU,9790279491,PWINT PHYU,2.23756E+15,"6,000.00",0,0,0,3,0,0,0,"6,000.00",SUCCESS,,,
17/08/2026 16:28,2.10242E+19,31088H16275543000124,1.22026E+17,MMQR_PAYMENT,2102 - KBZ OI,4203 - MMIV RI,Chue Eaindray Phuu,2.23737E+15,MRCTBANK,5499,PWINT PHYU,9790279491,PWINT PHYU,2.23756E+15,"9,000.00",0,0,0,4.5,0,0,0,"9,000.00",SUCCESS,,,
17/08/2026 16:27,3.10142E+19,wm125838252273714934196,1.22026E+17,MMQR_PAYMENT,3101 - WAVE OI,4203 - MMIV RI,Mya Mya Htwe,2.23441E+15,MRCTBANK,5499,A LINN THIT MOBILE,9898459560,A LINN THIT MOBILE,2.23756E+15,"130,000.00",0,0,0,65,0,0,0,"130,000.00",SUCCESS,,,
17/08/2026 16:26,2.10242E+19,31088H16261843000124,1.22026E+17,MMQR_PAYMENT,2102 - KBZ OI,4203 - MMIV RI,Chue Eaindray Phuu,2.23737E+15,MRCTBANK,5499,PWINT PHYU,9790279491,PWINT PHYU,2.23756E+15,"6,000.00",0,0,0,3,0,0,0,"6,000.00",SUCCESS,,,
17/08/2026 16:26,2.10242E+19,31088H16260089000124,1.22026E+17,MMQR_PAYMENT,2102 - KBZ OI,4203 - MMIV RI,Chue Eaindray Phuu,2.23737E+15,MRCTBANK,5499,PWINT PHYU,9790279491,PWINT PHYU,2.23756E+15,"7,000.00",0,0,0,3.5,0,0,0,"7,000.00",SUCCESS,,,
17/08/2026 16:23,2.10242E+19,31088H16232402000250,1.22026E+17,MMQR_PAYMENT,2102 - KBZ OI,4203 - MMIV RI,DAW MAY THAN OO,2.23737E+15,MRCTBANK,5499,Moe San,9891371722,Moe San,2.23756E+15,"400,000.00",0,0,0,200,0,0,0,"400,000.00",SUCCESS,,,
17/08/2026 16:22,2.10242E+19,31088H16223702000107,1.22026E+17,MMQR_PAYMENT,2102 - KBZ OI,4203 - MMIV RI,Nwe Nwe Lin,2.23737E+15,MRCTBANK,5499,A.S.K,95156238,A.S.K,2.23756E+15,"60,600.00",0,0,0,30.3,0,0,0,"60,600.00",SUCCESS,,,
17/08/2026 16:21,2.10242E+19,31088H16213256000224,1.22026E+17,MMQR_PAYMENT,2102 - KBZ OI,4203 - MMIV RI,Chue Eaindray Phuu,2.23737E+15,MRCTBANK,5499,PWINT PHYU,9790279491,PWINT PHYU,2.23756E+15,"6,000.00",0,0,0,3,0,0,0,"6,000.00",SUCCESS,,,
17/08/2026 16:21,2.10242E+19,31088H16212056000224,1.22026E+17,MMQR_PAYMENT,2102 - KBZ OI,4203 - MMIV RI,Chue Eaindray Phuu,2.23737E+15,MRCTBANK,5499,PWINT PHYU,9790279491,PWINT PHYU,2.23756E+15,"6,000.00",0,0,0,3,0,0,0,"6,000.00",SUCCESS,,,
17/08/2026 16:21,2.10242E+19,31088H16210656000224,1.22026E+17,MMQR_PAYMENT,2102 - KBZ OI,4203 - MMIV RI,Chue Eaindray Phuu,2.23737E+15,MRCTBANK,5499,PWINT PHYU,9790279491,PWINT PHYU,2.23756E+15,"8,000.00",0,0,0,4,0,0,0,"8,000.00",SUCCESS,,,
17/08/2026 16:20,2.10242E+19,31088H16204556000224,1.22026E+17,MMQR_PAYMENT,2102 - KBZ OI,4203 - MMIV RI,Chue Eaindray Phuu,2.23737E+15,MRCTBANK,5499,PWINT PHYU,9790279491,PWINT PHYU,2.23756E+15,"9,000.00",0,0,0,4.5,0,0,0,"9,000.00",SUCCESS,,,
17/08/2026 16:20,2.10242E+19,31088H16201743000124,1.22026E+17,MMQR_PAYMENT,2102 - KBZ OI,4203 - MMIV RI,Chue Eaindray Phuu,2.23737E+15,MRCTBANK,5499,PWINT PHYU,9790279491,PWINT PHYU,2.23756E+15,"8,000.00",0,0,0,4,0,0,0,"8,000.00",SUCCESS,,,
17/08/2026 16:19,2.10242E+19,31088H16194789000217,1.22026E+17,MMQR_PAYMENT,2102 - KBZ OI,4203 - MMIV RI,U Nyein Chan Ko Ko,2.23737E+15,MRCTBANK,5499,ANGEL,9968970070,ANGEL,2.23756E+15,"12,000.00",0,0,0,6,0,0,0,"12,000.00",SUCCESS,,,
17/08/2026 16:18,2.10242E+19,31088H16184456000115,1.22026E+17,MMQR_PAYMENT,2102 - KBZ OI,4203 - MMIV RI,U Hlaing Win Htwe,2.23737E+15,MRCTBANK,5499,Shan Lay Store,9972000766,Shan Lay Store,2.23756E+15,"30,000.00",0,0,0,15,0,0,0,"30,000.00",SUCCESS,,,
17/08/2026 16:17,2.10242E+19,31088H16170728000224,1.22026E+17,MMQR_PAYMENT,2102 - KBZ OI,4203 - MMIV RI,Chue Eaindray Phuu,2.23737E+15,MRCTBANK,5499,PWINT PHYU,9790279491,PWINT PHYU,2.23756E+15,"6,000.00",0,0,0,3,0,0,0,"6,000.00",SUCCESS,,,
17/08/2026 16:16,2.10242E+19,31088H16164502000124,1.22026E+17,MMQR_PAYMENT,2102 - KBZ OI,4203 - MMIV RI,Chue Eaindray Phuu,2.23737E+15,MRCTBANK,5499,PWINT PHYU,9790279491,PWINT PHYU,2.23756E+15,"9,000.00",0,0,0,4.5,0,0,0,"9,000.00",SUCCESS,,,
17/08/2026 16:16,2.10242E+19,31088H16162702000124,1.22026E+17,MMQR_PAYMENT,2102 - KBZ OI,4203 - MMIV RI,Chue Eaindray Phuu,2.23737E+15,MRCTBANK,5499,PWINT PHYU,9790279491,PWINT PHYU,2.23756E+15,"10,000.00",0,0,0,5,0,0,0,"10,000.00",SUCCESS,,,
17/08/2026 16:13,2.10242E+19,31088H16131202000239,1.22026E+17,MMQR_PAYMENT,2102 - KBZ OI,4203 - MMIV RI,Mg Nay Lin Aung,2.23737E+15,MRCTBANK,5499,A LINN THIT MOBILE,9898459560,A LINN THIT MOBILE,2.23756E+15,"10,000.00",0,0,0,5,0,0,0,"10,000.00",SUCCESS,,,
17/08/2026 16:12,2.10242E+19,31088H16124643000344,1.22026E+17,MMQR_PAYMENT,2102 - KBZ OI,4203 - MMIV RI,Thiri Aung,2.23737E+15,MRCTBANK,5499,IC 2,9959533636,IC 2,2.23756E+15,"5,000.00",0,0,0,2.5,0,0,0,"5,000.00",SUCCESS,,,
17/08/2026 16:08,3.10142E+19,wm125826824014966816262,1.22026E+17,MMQR_PAYMENT,3101 - WAVE OI,4203 - MMIV RI,Ohn Than,2.23441E+15,MRCTBANK,5499,A LINN THIT MOBILE,9898459560,A LINN THIT MOBILE,2.23756E+15,"6,000.00",0,0,0,3,0,0,0,"6,000.00",SUCCESS,,,
17/08/2026 16:08,3.10142E+19,wm125826723079092336837,1.22026E+17,MMQR_PAYMENT,3101 - WAVE OI,4203 - MMIV RI,Ohn Than,2.23441E+15,MRCTBANK,5499,A LINN THIT MOBILE,9898459560,A LINN THIT MOBILE,2.23756E+15,"7,000.00",0,0,0,3.5,0,0,0,"7,000.00",SUCCESS,,,
17/08/2026 16:08,3.10142E+19,wm62059069303560636218,1.22026E+17,MMQR_PAYMENT,3101 - WAVE OI,4203 - MMIV RI,Ohn Than,2.23441E+15,MRCTBANK,5499,A LINN THIT MOBILE,9898459560,A LINN THIT MOBILE,2.23756E+15,"6,000.00",0,0,0,3,0,0,0,"6,000.00",SUCCESS,,,
17/08/2026 16:08,3.10142E+19,wm62058960868146878359,1.22026E+17,MMQR_PAYMENT,3101 - WAVE OI,4203 - MMIV RI,Ohn Than,2.23441E+15,MRCTBANK,5499,A LINN THIT MOBILE,9898459560,A LINN THIT MOBILE,2.23756E+15,"7,000.00",0,0,0,3.5,0,0,0,"7,000.00",SUCCESS,,,
17/08/2026 16:08,3.10142E+19,wm125826374455038507711,1.22026E+17,MMQR_PAYMENT,3101 - WAVE OI,4203 - MMIV RI,Ohn Than,2.23441E+15,MRCTBANK,5499,A LINN THIT MOBILE,9898459560,A LINN THIT MOBILE,2.23756E+15,"6,000.00",0,0,0,3,0,0,0,"6,000.00",SUCCESS,,,
17/08/2026 16:07,3.10142E+19,wm125826273635481623448,1.22026E+17,MMQR_PAYMENT,3101 - WAVE OI,4203 - MMIV RI,Ohn Than,2.23441E+15,MRCTBANK,5499,A LINN THIT MOBILE,9898459560,A LINN THIT MOBILE,2.23756E+15,"7,000.00",0,0,0,3.5,0,0,0,"7,000.00",SUCCESS,,,
17/08/2026 16:07,3.10142E+19,wm125826131838339394188,1.22026E+17,MMQR_PAYMENT,3101 - WAVE OI,4203 - MMIV RI,Ohn Than,2.23441E+15,MRCTBANK,5499,A LINN THIT MOBILE,9898459560,A LINN THIT MOBILE,2.23756E+15,"6,000.00",0,0,0,3,0,0,0,"6,000.00",SUCCESS,,,
17/08/2026 16:07,3.10142E+19,wm125826023375001493003,1.22026E+17,MMQR_PAYMENT,3101 - WAVE OI,4203 - MMIV RI,Ohn Than,2.23441E+15,MRCTBANK,5499,A LINN THIT MOBILE,9898459560,A LINN THIT MOBILE,2.23756E+15,"7,000.00",0,0,0,3.5,0,0,0,"7,000.00",SUCCESS,,,
17/08/2026 16:07,3.10142E+19,wm125825795767767135174,1.22026E+17,MMQR_PAYMENT,3101 - WAVE OI,4203 - MMIV RI,Ohn Than,2.23441E+15,MRCTBANK,5499,A LINN THIT MOBILE,9898459560,A LINN THIT MOBILE,2.23756E+15,"7,000.00",0,0,0,3.5,0,0,0,"7,000.00",SUCCESS,,,
17/08/2026 16:06,3.10142E+19,wm125825681366496984576,1.22026E+17,MMQR_PAYMENT,3101 - WAVE OI,4203 - MMIV RI,Ohn Than,2.23441E+15,MRCTBANK,5499,A LINN THIT MOBILE,9898459560,A LINN THIT MOBILE,2.23756E+15,"6,000.00",0,0,0,3,0,0,0,"6,000.00",SUCCESS,,,
17/08/2026 16:06,3.10142E+19,wm125825560807965769511,1.22026E+17,MMQR_PAYMENT,3101 - WAVE OI,4203 - MMIV RI,Ohn Than,2.23441E+15,MRCTBANK,5499,A LINN THIT MOBILE,9898459560,A LINN THIT MOBILE,2.23756E+15,"7,000.00",0,0,0,3.5,0,0,0,"7,000.00",SUCCESS,,,
17/08/2026 16:06,3.10142E+19,wm125825414375624031354,1.22026E+17,MMQR_PAYMENT,3101 - WAVE OI,4203 - MMIV RI,Ohn Than,2.23441E+15,MRCTBANK,5499,A LINN THIT MOBILE,9898459560,A LINN THIT MOBILE,2.23756E+15,"6,000.00",0,0,0,3,0,0,0,"6,000.00",SUCCESS,,,
17/08/2026 16:06,3.10142E+19,wm125825303052353381237,1.22026E+17,MMQR_PAYMENT,3101 - WAVE OI,4203 - MMIV RI,Ohn Than,2.23441E+15,MRCTBANK,5499,A LINN THIT MOBILE,9898459560,A LINN THIT MOBILE,2.23756E+15,"7,000.00",0,0,0,3.5,0,0,0,"7,000.00",SUCCESS,,,
17/08/2026 16:06,3.10142E+19,wm125825225350154938761,1.22026E+17,MMQR_PAYMENT,3101 - WAVE OI,4203 - MMIV RI,Ohn Than,2.23441E+15,MRCTBANK,5499,A LINN THIT MOBILE,9898459560,A LINN THIT MOBILE,2.23756E+15,"6,000.00",0,0,0,3,0,0,0,"6,000.00",SUCCESS,,,
17/08/2026 16:05,3.10142E+19,wm125825082848723826482,1.22026E+17,MMQR_PAYMENT,3101 - WAVE OI,4203 - MMIV RI,Maung Myo,2.23441E+15,MRCTBANK,5499,SOE THIT SAN MOBILE SHOP,9790712555,SOE THIT SAN MOBILE SHOP,2.23756E+15,"10,000.00",0,0,0,5,0,0,0,"10,000.00",SUCCESS,,,
17/08/2026 16:05,3.10142E+19,wm125825063470403723379,1.22026E+17,MMQR_PAYMENT,3101 - WAVE OI,4203 - MMIV RI,Ohn Than,2.23441E+15,MRCTBANK,5499,A LINN THIT MOBILE,9898459560,A LINN THIT MOBILE,2.23756E+15,"7,000.00",0,0,0,3.5,0,0,0,"7,000.00",SUCCESS,,,
17/08/2026 16:05,3.10142E+19,wm125824924393339179297,1.22026E+17,MMQR_PAYMENT,3101 - WAVE OI,4203 - MMIV RI,Ohn Than,2.23441E+15,MRCTBANK,5499,A LINN THIT MOBILE,9898459560,A LINN THIT MOBILE,2.23756E+15,"6,000.00",0,0,0,3,0,0,0,"6,000.00",SUCCESS,,,
17/08/2026 16:05,2.10242E+19,31088H16051189000229,1.22026E+17,MMQR_PAYMENT,2102 - KBZ OI,4203 - MMIV RI,SU PYAE PHYO,2.23737E+15,MRCTBANK,5499,KHINE MYITTER,9789470438,KHINE MYITTER,2.23756E+15,"105,500.00",0,0,0,52.75,0,0,0,"105,500.00",SUCCESS,,,
17/08/2026 16:04,2.10242E+19,31088H16044556000129,1.22026E+17,MMQR_PAYMENT,2102 - KBZ OI,4203 - MMIV RI,SU PYAE PHYO,2.23737E+15,MRCTBANK,5499,KHINE MYITTER,9789470438,KHINE MYITTER,2.23756E+15,"500,000.00",0,0,0,250,0,0,0,"500,000.00",SUCCESS,,,
17/08/2026 16:04,3.10142E+19,wm125824323454348847367,1.22026E+17,MMQR_PAYMENT,3101 - WAVE OI,4203 - MMIV RI,Ohn Than,2.23441E+15,MRCTBANK,5499,A LINN THIT MOBILE,9898459560,A LINN THIT MOBILE,2.23756E+15,"6,000.00",0,0,0,3,0,0,0,"6,000.00",SUCCESS,,,
17/08/2026 16:04,3.10142E+19,wm125824213196333837216,1.22026E+17,MMQR_PAYMENT,3101 - WAVE OI,4203 - MMIV RI,Ohn Than,2.23441E+15,MRCTBANK,5499,A LINN THIT MOBILE,9898459560,A LINN THIT MOBILE,2.23756E+15,"7,000.00",0,0,0,3.5,0,0,0,"7,000.00",SUCCESS,,,
17/08/2026 16:04,2.10242E+19,31088H16041489000129,1.22026E+17,MMQR_PAYMENT,2102 - KBZ OI,4203 - MMIV RI,SU PYAE PHYO,2.23737E+15,MRCTBANK,5499,KHINE MYITTER,9789470438,KHINE MYITTER,2.23756E+15,"500,000.00",0,0,0,250,0,0,0,"500,000.00",SUCCESS,,,
17/08/2026 16:04,3.10142E+19,wm125824012950770487451,1.22026E+17,MMQR_PAYMENT,3101 - WAVE OI,4203 - MMIV RI,Ohn Than,2.23441E+15,MRCTBANK,5499,A LINN THIT MOBILE,9898459560,A LINN THIT MOBILE,2.23756E+15,"6,000.00",0,0,0,3,0,0,0,"6,000.00",SUCCESS,,,
17/08/2026 16:03,3.10142E+19,wm125823539712638565483,1.22026E+17,MMQR_PAYMENT,3101 - WAVE OI,4203 - MMIV RI,Ohn Than,2.23441E+15,MRCTBANK,5499,A LINN THIT MOBILE,9898459560,A LINN THIT MOBILE,2.23756E+15,"7,000.00",0,0,0,3.5,0,0,0,"7,000.00",SUCCESS,,,
17/08/2026 16:02,2.10242E+19,31088H16020702000263,1.22026E+17,MMQR_PAYMENT,2102 - KBZ OI,4203 - MMIV RI,U Ohn Than,2.23737E+15,MRCTBANK,5499,A LINN THIT MOBILE,9898459560,A LINN THIT MOBILE,2.23756E+15,"6,000.00",0,0,0,3,0,0,0,"6,000.00",SUCCESS,,,
17/08/2026 16:01,2.10242E+19,31088H16011389000563,1.22026E+17,MMQR_PAYMENT,2102 - KBZ OI,4203 - MMIV RI,U Ohn Than,2.23737E+15,MRCTBANK,5499,A LINN THIT MOBILE,9898459560,A LINN THIT MOBILE,2.23756E+15,"7,000.00",0,0,0,3.5,0,0,0,"7,000.00",SUCCESS,,,
17/08/2026 16:01,2.10242E+19,31088H16005535000163,1.22026E+17,MMQR_PAYMENT,2102 - KBZ OI,4203 - MMIV RI,U Ohn Than,2.23737E+15,MRCTBANK,5499,A LINN THIT MOBILE,9898459560,A LINN THIT MOBILE,2.23756E+15,"6,000.00",0,0,0,3,0,0,0,"6,000.00",SUCCESS,,,
17/08/2026 16:00,2.10242E+19,31088H16004002000163,1.22026E+17,MMQR_PAYMENT,2102 - KBZ OI,4203 - MMIV RI,U Ohn Than,2.23737E+15,MRCTBANK,5499,A LINN THIT MOBILE,9898459560,A LINN THIT MOBILE,2.23756E+15,"7,000.00",0,0,0,3.5,0,0,0,"7,000.00",SUCCESS,,,
17/08/2026 16:00,2.10242E+19,31088H16002402000163,1.22026E+17,MMQR_PAYMENT,2102 - KBZ OI,4203 - MMIV RI,U Ohn Than,2.23737E+15,MRCTBANK,5499,A LINN THIT MOBILE,9898459560,A LINN THIT MOBILE,2.23756E+15,"6,000.00",0,0,0,3,0,0,0,"6,000.00",SUCCESS,,,
17/08/2026 16:00,2.10242E+19,31088H16000956000163,1.22026E+17,MMQR_PAYMENT,2102 - KBZ OI,4203 - MMIV RI,U Ohn Than,2.23737E+15,MRCTBANK,5499,A LINN THIT MOBILE,9898459560,A LINN THIT MOBILE,2.23756E+15,"7,000.00",0,0,0,3.5,0,0,0,"7,000.00",SUCCESS,,,
17/08/2026 16:00,2.10242E+19,31088H15595402000163,1.22026E+17,MMQR_PAYMENT,2102 - KBZ OI,4203 - MMIV RI,U Ohn Than,2.23737E+15,MRCTBANK,5499,A LINN THIT MOBILE,9898459560,A LINN THIT MOBILE,2.23756E+15,"6,000.00",0,0,0,3,0,0,0,"6,000.00",SUCCESS,,,
17/08/2026 15:59,2.10242E+19,31088H15594489000255,1.22026E+17,MMQR_PAYMENT,2102 - KBZ OI,4203 - MMIV RI,Ma May Su Mon,2.23737E+15,MRCTBANK,5499,May Myanmar,9448098913,May Myanmar,2.23756E+15,"198,500.00",0,0,0,99.25,0,0,0,"198,500.00",SUCCESS,,,
17/08/2026 15:59,2.10242E+19,31088H15594089000163,1.22026E+17,MMQR_PAYMENT,2102 - KBZ OI,4203 - MMIV RI,U Ohn Than,2.23737E+15,MRCTBANK,5499,A LINN THIT MOBILE,9898459560,A LINN THIT MOBILE,2.23756E+15,"7,000.00",0,0,0,3.5,0,0,0,"7,000.00",SUCCESS,,,
17/08/2026 15:59,2.10242E+19,31088H15592335000163,1.22026E+17,MMQR_PAYMENT,2102 - KBZ OI,4203 - MMIV RI,U Ohn Than,2.23737E+15,MRCTBANK,5499,A LINN THIT MOBILE,9898459560,A LINN THIT MOBILE,2.23756E+15,"6,000.00",0,0,0,3,0,0,0,"6,000.00",SUCCESS,,,
17/08/2026 15:59,2.10242E+19,31088H15590502000263,1.22026E+17,MMQR_PAYMENT,2102 - KBZ OI,4203 - MMIV RI,U Ohn Than,2.23737E+15,MRCTBANK,5499,A LINN THIT MOBILE,9898459560,A LINN THIT MOBILE,2.23756E+15,"7,000.00",0,0,0,3.5,0,0,0,"7,000.00",SUCCESS,,,
17/08/2026 15:58,2.10242E+19,31088H15584435000363,1.22026E+17,MMQR_PAYMENT,2102 - KBZ OI,4203 - MMIV RI,U Ohn Than,2.23737E+15,MRCTBANK,5499,A LINN THIT MOBILE,9898459560,A LINN THIT MOBILE,2.23756E+15,"6,000.00",0,0,0,3,0,0,0,"6,000.00",SUCCESS,,,
17/08/2026 15:58,2.10242E+19,31088H15583428000240,1.22026E+17,MMQR_PAYMENT,2102 - KBZ OI,4203 - MMIV RI,U Maung Htay,2.23737E+15,MRCTBANK,5812,Eugenia Cafe,943200739,Eugenia Cafe,2.23756E+15,"18,800.00",94,43.24,50.76,9.4,0,0,33.84,"18,706.00",SUCCESS,,,
17/08/2026 15:58,2.10242E+19,31088H15582835000263,1.22026E+17,MMQR_PAYMENT,2102 - KBZ OI,4203 - MMIV RI,U Ohn Than,2.23737E+15,MRCTBANK,5499,A LINN THIT MOBILE,9898459560,A LINN THIT MOBILE,2.23756E+15,"7,000.00",0,0,0,3.5,0,0,0,"7,000.00",SUCCESS,,,
17/08/2026 15:58,2.10242E+19,31088H15581435000163,1.22026E+17,MMQR_PAYMENT,2102 - KBZ OI,4203 - MMIV RI,U Ohn Than,2.23737E+15,MRCTBANK,5499,A LINN THIT MOBILE,9898459560,A LINN THIT MOBILE,2.23756E+15,"6,000.00",0,0,0,3,0,0,0,"6,000.00",SUCCESS,,,
17/08/2026 15:58,2.10242E+19,31088H15574143000363,1.22026E+17,MMQR_PAYMENT,2102 - KBZ OI,4203 - MMIV RI,U Ohn Than,2.23737E+15,MRCTBANK,5499,A LINN THIT MOBILE,9898459560,A LINN THIT MOBILE,2.23756E+15,"7,000.00",0,0,0,3.5,0,0,0,"7,000.00",SUCCESS,,,
17/08/2026 15:57,2.10242E+19,31088H15572528000163,1.22026E+17,MMQR_PAYMENT,2102 - KBZ OI,4203 - MMIV RI,U Ohn Than,2.23737E+15,MRCTBANK,5499,A LINN THIT MOBILE,9898459560,A LINN THIT MOBILE,2.23756E+15,"6,000.00",0,0,0,3,0,0,0,"6,000.00",SUCCESS,,,
17/08/2026 15:57,2.10242E+19,31088H15570956000263,1.22026E+17,MMQR_PAYMENT,2102 - KBZ OI,4203 - MMIV RI,U Ohn Than,2.23737E+15,MRCTBANK,5499,A LINN THIT MOBILE,9898459560,A LINN THIT MOBILE,2.23756E+15,"7,000.00",0,0,0,3.5,0,0,0,"7,000.00",SUCCESS,,,
17/08/2026 15:57,2.10242E+19,31088H15565589000263,1.22026E+17,MMQR_PAYMENT,2102 - KBZ OI,4203 - MMIV RI,U Ohn Than,2.23737E+15,MRCTBANK,5499,A LINN THIT MOBILE,9898459560,A LINN THIT MOBILE,2.23756E+15,"6,000.00",0,0,0,3,0,0,0,"6,000.00",SUCCESS,,,
17/08/2026 15:56,2.10242E+19,31088H15564143000263,1.22026E+17,MMQR_PAYMENT,2102 - KBZ OI,4203 - MMIV RI,U Ohn Than,2.23737E+15,MRCTBANK,5499,A LINN THIT MOBILE,9898459560,A LINN THIT MOBILE,2.23756E+15,"7,000.00",0,0,0,3.5,0,0,0,"7,000.00",SUCCESS,,,
17/08/2026 15:56,2.10242E+19,31088H15562528000163,1.22026E+17,MMQR_PAYMENT,2102 - KBZ OI,4203 - MMIV RI,U Ohn Than,2.23737E+15,MRCTBANK,5499,A LINN THIT MOBILE,9898459560,A LINN THIT MOBILE,2.23756E+15,"6,000.00",0,0,0,3,0,0,0,"6,000.00",SUCCESS,,,
17/08/2026 15:56,2.10242E+19,31088H15560835000163,1.22026E+17,MMQR_PAYMENT,2102 - KBZ OI,4203 - MMIV RI,U Ohn Than,2.23737E+15,MRCTBANK,5499,A LINN THIT MOBILE,9898459560,A LINN THIT MOBILE,2.23756E+15,"7,000.00",0,0,0,3.5,0,0,0,"7,000.00",SUCCESS,,,
17/08/2026 15:53,2.10242E+19,31088H15533956000162,1.22026E+17,MMQR_PAYMENT,2102 - KBZ OI,4203 - MMIV RI,Thel NanDi Zen,2.23737E+15,MRCTBANK,5499,IC 2,9959533636,IC 2,2.23756E+15,"30,300.00",0,0,0,15.15,0,0,0,"30,300.00",SUCCESS,,,
17/08/2026 15:53,2.10242E+19,31088H15531989000121,1.22026E+17,MMQR_PAYMENT,2102 - KBZ OI,4203 - MMIV RI,CHO CHO SAN,2.23737E+15,MRCTBANK,5499,PYI SONE WIN PHONE STORE,9770050552,PYI SONE WIN PHONE STORE,2.23756E+15,"25,000.00",0,0,0,12.5,0,0,0,"25,000.00",SUCCESS,,,
17/08/2026 15:47,2.10242E+19,31088H15474002000249,1.22026E+17,MMQR_PAYMENT,2102 - KBZ OI,4203 - MMIV RI,DAW K THI THAN HTIKE,2.23737E+15,MRCTBANK,5499,KHINE MYITTER,9789470438,KHINE MYITTER,2.23756E+15,"21,200.00",0,0,0,10.6,0,0,0,"21,200.00",SUCCESS,,,
17/08/2026 15:47,2.10242E+19,31088H15471102000149,1.22026E+17,MMQR_PAYMENT,2102 - KBZ OI,4203 - MMIV RI,DAW K THI THAN HTIKE,2.23737E+15,MRCTBANK,5499,KHINE MYITTER,9789470438,KHINE MYITTER,2.23756E+15,"200,000.00",0,0,0,100,0,0,0,"200,000.00",SUCCESS,,,
17/08/2026 15:43,2.10242E+19,31088H15430589000202,1.22026E+17,MMQR_PAYMENT,2102 - KBZ OI,4203 - MMIV RI,Ye Lin Htet,2.23737E+15,MRCTBANK,5499,SHE 29,9440083844,SHE 29,2.23756E+15,"26,000.00",0,0,0,13,0,0,0,"26,000.00",SUCCESS,,,
17/08/2026 15:42,2.10242E+19,31088H15414002000112,1.22026E+17,MMQR_PAYMENT,2102 - KBZ OI,4203 - MMIV RI,U Lin Lin Tun,2.23737E+15,MRCTBANK,5499,Kyauk Taung Gyi,9799958230,Kyauk Taung Gyi,2.23756E+15,"500,000.00",0,0,0,250,0,0,0,"500,000.00",SUCCESS,,,
17/08/2026 15:38,2.10242E+19,31088H15385089000321,1.22026E+17,MMQR_PAYMENT,2102 - KBZ OI,4203 - MMIV RI,Thaw Zin Khant,2.23737E+15,MRCTBANK,5499,Pa Hta Wi Ar Kar,9420558864,Pa Hta Wi Ar Kar,2.23756E+15,"10,100.00",0,0,0,5.05,0,0,0,"10,100.00",SUCCESS,,,
17/08/2026 15:38,2.10242E+19,31088H15384156000136,1.22026E+17,MMQR_PAYMENT,2102 - KBZ OI,4203 - MMIV RI,Pyi Thein Kyaw,2.23737E+15,MRCTBANK,5499,PO PO PHARMACY,9266367096,PO PO PHARMACY,2.23756E+15,100,0,0,0,0.05,0,0,0,100,SUCCESS,,,
17/08/2026 15:36,2.10242E+19,31088H15361235000226,1.22026E+17,MMQR_PAYMENT,2102 - KBZ OI,4203 - MMIV RI,Htet Sandar Lin,2.23737E+15,MRCTBANK,5499,La Woon Store,9763013719,La Woon Store,2.23756E+15,"10,100.00",0,0,0,5.05,0,0,0,"10,100.00",SUCCESS,,,
17/08/2026 15:35,2.10242E+19,31088H15351356000215,1.22026E+17,MMQR_PAYMENT,2102 - KBZ OI,4203 - MMIV RI,Kyal Sin Wai,2.23737E+15,MRCTBANK,5499,Pyoe Mini Mart,9421083972,Pyoe Mini Mart,2.23756E+15,"1,000.00",0,0,0,0.5,0,0,0,"1,000.00",SUCCESS,,,
17/08/2026 15:34,3.10142E+19,wm125806487095302876176,1.22026E+17,MMQR_PAYMENT,3101 - WAVE OI,4203 - MMIV RI,Myo Min Aung,2.23441E+15,MRCTBANK,5499,Shwe Moe,9768060554,Shwe Moe,2.23756E+15,"20,000.00",0,0,0,10,0,0,0,"20,000.00",SUCCESS,,,
17/08/2026 15:33,2.10242E+19,31088H15330602000102,1.22026E+17,MMQR_PAYMENT,2102 - KBZ OI,4203 - MMIV RI,UHtay Lwin,2.23737E+15,MRCTBANK,5499,SEIN FAMILY,9790178150,SEIN FAMILY,2.23756E+15,"10,000.00",0,0,0,5,0,0,0,"10,000.00",SUCCESS,,,
17/08/2026 15:32,3.10142E+19,wm125805156806135203574,1.22026E+17,MMQR_PAYMENT,3101 - WAVE OI,4203 - MMIV RI,Htay Lwin,2.23441E+15,MRCTBANK,5499,SEIN FAMILY,9790178150,SEIN FAMILY,2.23756E+15,"10,000.00",0,0,0,5,0,0,0,"10,000.00",SUCCESS,,,
17/08/2026 15:31,2.10242E+19,31088H15314943000110,1.22026E+17,MMQR_PAYMENT,2102 - KBZ OI,4203 - MMIV RI,Wai Mhue Paing,2.23737E+15,MRCTBANK,5963,Pilot Test 1,9257579429,Pilot Test 1,2.23756E+15,100,0.5,0.23,0.27,0.05,0,0,0.18,99.5,SUCCESS,,,
17/08/2026 15:26,2.10242E+19,31088H15260928000155,1.22026E+17,MMQR_PAYMENT,2102 - KBZ OI,4203 - MMIV RI,C C AUNG MOON,2.23737E+15,MRCTBANK,5812,Eugenia Cafe,943200739,Eugenia Cafe,2.23756E+15,"39,350.00",196.75,90.5,106.25,19.68,0,0,70.82,"39,153.25",SUCCESS,,,
17/08/2026 15:20,2.10242E+19,31088H15195643000202,1.22026E+17,MMQR_PAYMENT,2102 - KBZ OI,4203 - MMIV RI,Daw Mu Mu Win,2.23737E+15,MRCTBANK,5499,TAUNG PAW THU,9762613396,TAUNG PAW THU,2.23756E+15,"10,000.00",0,0,0,5,0,0,0,"10,000.00",SUCCESS,,,
17/08/2026 15:19,2.10242E+19,31088H15191002000116,1.22026E+17,MMQR_PAYMENT,2102 - KBZ OI,4203 - MMIV RI,Zue Zue Aung,2.23737E+15,MRCTBANK,5499,SOE THIT SAN MOBILE SHOP,9790712555,SOE THIT SAN MOBILE SHOP,2.23756E+15,"30,300.00",0,0,0,15.15,0,0,0,"30,300.00",SUCCESS,,,
17/08/2026 15:17,3.10142E+19,wm125795870907874414686,1.22026E+17,MMQR_PAYMENT,3101 - WAVE OI,4203 - MMIV RI,Kyi Kyi Khaing Nyein,2.23441E+15,MRCTBANK,5499,ANGEL,9968970070,ANGEL,2.23756E+15,"21,000.00",0,0,0,10.5,0,0,0,"21,000.00",SUCCESS,,,
17/08/2026 15:15,2.10242E+19,31088H15150843000128,1.22026E+17,MMQR_PAYMENT,2102 - KBZ OI,4203 - MMIV RI,Aung Soe Thu,2.23737E+15,MRCTBANK,5499,LAMIN THAR,9765787858,LAMIN THAR,2.23756E+15,"4,200.00",0,0,0,2.1,0,0,0,"4,200.00",SUCCESS,,,
17/08/2026 15:14,2.10242E+19,31088H15143428000161,1.22026E+17,MMQR_PAYMENT,2102 - KBZ OI,4203 - MMIV RI,Ko Min Min,2.23737E+15,MRCTBANK,5499,KHINE MYITTER,9789470438,KHINE MYITTER,2.23756E+15,"85,000.00",0,0,0,42.5,0,0,0,"85,000.00",SUCCESS,,,
17/08/2026 15:14,2.10242E+19,31088H15142735000258,1.22026E+17,MMQR_PAYMENT,2102 - KBZ OI,4203 - MMIV RI,Thiha Linn,2.23737E+15,MRCTBANK,5499,SEIN MITHARSU(2),9740011544,SEIN MITHARSU(2),2.23756E+15,"500,000.00",0,0,0,250,0,0,0,"500,000.00",SUCCESS,,,
17/08/2026 15:11,2.10242E+19,31088H15114128000126,1.22026E+17,MMQR_PAYMENT,2102 - KBZ OI,4203 - MMIV RI,MAY THU THU AUNG,2.23737E+15,MRCTBANK,5499,JUNCTION PINLAUNG LAPHET,9697999586,JUNCTION PINLAUNG LAPHET,2.23756E+15,"1,000.00",0,0,0,0.5,0,0,0,"1,000.00",SUCCESS,,,
17/08/2026 15:09,2.10242E+19,31088H15095243000136,1.22026E+17,MMQR_PAYMENT,2102 - KBZ OI,4203 - MMIV RI,Pyi Thein Kyaw,2.23737E+15,MRCTBANK,5499,TAUNG PAW THU,9762613396,TAUNG PAW THU,2.23756E+15,100,0,0,0,0.05,0,0,0,100,SUCCESS,,,
17/08/2026 15:09,2.10242E+19,31088H15094989000130,1.22026E+17,MMQR_PAYMENT,2102 - KBZ OI,4203 - MMIV RI,Ma Madi,2.23737E+15,MRCTBANK,5499,Pa Hta Wi Ar Kar,9420558864,Pa Hta Wi Ar Kar,2.23756E+15,"14,200.00",0,0,0,7.1,0,0,0,"14,200.00",SUCCESS,,,
17/08/2026 15:09,3.10142E+19,wm125791223675276141610,1.22026E+17,MMQR_PAYMENT,3101 - WAVE OI,4203 - MMIV RI,Soe Naing,2.23441E+15,MRCTBANK,5499,Moe San,9891371722,Moe San,2.23756E+15,"40,000.00",0,0,0,20,0,0,0,"40,000.00",SUCCESS,,,
17/08/2026 15:07,2.10242E+19,31088H15071489000149,1.22026E+17,MMQR_PAYMENT,2102 - KBZ OI,4203 - MMIV RI,Mg Aung KO Chit,2.23737E+15,MRCTBANK,5499,Pyoe Mini Mart,9421083972,Pyoe Mini Mart,2.23756E+15,"9,200.00",0,0,0,4.6,0,0,0,"9,200.00",SUCCESS,,,
17/08/2026 15:01,2.10242E+19,31088H15011856000333,1.22026E+17,MMQR_PAYMENT,2102 - KBZ OI,4203 - MMIV RI,Naw Say Bo,2.23737E+15,MRCTBANK,5499,IC 2,9959533636,IC 2,2.23756E+15,"5,000.00",0,0,0,2.5,0,0,0,"5,000.00",SUCCESS,,,
17/08/2026 15:01,2.10242E+19,31088H15010056000263,1.22026E+17,MMQR_PAYMENT,2102 - KBZ OI,4203 - MMIV RI,Pwint Marlar Soe,2.23737E+15,MRCTBANK,5499,Kay Ti (1),9421024241,Kay Ti (1),2.23756E+15,"458,500.00",0,0,0,229.25,0,0,0,"458,500.00",SUCCESS,,,
17/08/2026 14:55,2.10242E+19,31088H14553035000155,1.22026E+17,MMQR_PAYMENT,2102 - KBZ OI,4203 - MMIV RI,C C AUNG MOON,2.23737E+15,MRCTBANK,5812,Eugenia Cafe,943200739,Eugenia Cafe,2.23756E+15,"49,850.00",249.25,114.65,134.6,24.93,0,0,89.72,"49,600.75",SUCCESS,,,
17/08/2026 14:53,2.10242E+19,31088H14525335000355,1.22026E+17,MMQR_PAYMENT,2102 - KBZ OI,4203 - MMIV RI,U HLA MYO,2.23737E+15,MRCTBANK,5499,May Myanmar,9448098913,May Myanmar,2.23756E+15,"10,200.00",0,0,0,5.1,0,0,0,"10,200.00",SUCCESS,,,
17/08/2026 14:49,2.10542E+19,E2E223767202608171449340306201937,1.22026E+17,MMQR_PAYMENT,2105 - UAB OI,4203 - MMIV RI,KHINE ZAR MYO,2.23768E+15,MRCTBANK,5499,KHINE MYITTER,9789470438,KHINE MYITTER,2.23756E+15,"20,000.00",0,0,0,10,0,0,0,"20,000.00",SUCCESS,,,
17/08/2026 14:47,2.10242E+19,31088H14471902000142,1.22026E+17,MMQR_PAYMENT,2102 - KBZ OI,4203 - MMIV RI,AYE AYE MYINT,2.23737E+15,MRCTBANK,5812,Eugenia Cafe,943200739,Eugenia Cafe,2.23756E+15,"70,850.00",354.25,162.95,191.3,35.43,0,0,127.52,"70,495.75",SUCCESS,,,
17/08/2026 14:45,2.10242E+19,31088H14454389000232,1.22026E+17,MMQR_PAYMENT,2102 - KBZ OI,4203 - MMIV RI,Daw Mu Mu Aung,2.23737E+15,MRCTBANK,5499,IC 2,9959533636,IC 2,2.23756E+15,"30,000.00",0,0,0,15,0,0,0,"30,000.00",SUCCESS,,,
17/08/2026 14:40,2.10242E+19,31088H14402889000222,1.22026E+17,MMQR_PAYMENT,2102 - KBZ OI,4203 - MMIV RI,Ma Thinzar Aung,2.23737E+15,MRCTBANK,5499,Kyauk Taung Gyi,9799958230,Kyauk Taung Gyi,2.23756E+15,"100,000.00",0,0,0,50,0,0,0,"100,000.00",SUCCESS,,,
17/08/2026 14:40,2.10242E+19,31088H14400256000322,1.22026E+17,MMQR_PAYMENT,2102 - KBZ OI,4203 - MMIV RI,Ma Thinzar Aung,2.23737E+15,MRCTBANK,5499,Kyauk Taung Gyi,9799958230,Kyauk Taung Gyi,2.23756E+15,"500,000.00",0,0,0,250,0,0,0,"500,000.00",SUCCESS,,,
17/08/2026 14:39,2.10242E+19,31088H14394128000122,1.22026E+17,MMQR_PAYMENT,2102 - KBZ OI,4203 - MMIV RI,Ma Thinzar Aung,2.23737E+15,MRCTBANK,5499,Kyauk Taung Gyi,9799958230,Kyauk Taung Gyi,2.23756E+15,"500,000.00",0,0,0,250,0,0,0,"500,000.00",SUCCESS,,,
17/08/2026 14:39,2.10242E+19,31088H14391202000122,1.22026E+17,MMQR_PAYMENT,2102 - KBZ OI,4203 - MMIV RI,Ma Thinzar Aung,2.23737E+15,MRCTBANK,5499,Kyauk Taung Gyi,9799958230,Kyauk Taung Gyi,2.23756E+15,"500,000.00",0,0,0,250,0,0,0,"500,000.00",SUCCESS,,,
17/08/2026 14:37,2.10242E+19,31088H14371556000222,1.22026E+17,MMQR_PAYMENT,2102 - KBZ OI,4203 - MMIV RI,Ma Thinzar Aung,2.23737E+15,MRCTBANK,5499,Kyauk Taung Gyi,9799958230,Kyauk Taung Gyi,2.23756E+15,"500,000.00",0,0,0,250,0,0,0,"500,000.00",SUCCESS,,,
17/08/2026 14:35,3.10142E+19,wm125770883225378197980,1.22026E+17,MMQR_PAYMENT,3101 - WAVE OI,4203 - MMIV RI,A Lain Mar,2.23441E+15,MRCTBANK,5499,Pa Hta Wi Ar Kar,9420558864,Pa Hta Wi Ar Kar,2.23756E+15,"25,200.00",0,0,0,12.6,0,0,0,"25,200.00",SUCCESS,,,
17/08/2026 14:34,2.10242E+19,31088H14342956000122,1.22026E+17,MMQR_PAYMENT,2102 - KBZ OI,4203 - MMIV RI,Ma Thinzar Aung,2.23737E+15,MRCTBANK,5499,Kyauk Taung Gyi,9799958230,Kyauk Taung Gyi,2.23756E+15,"500,000.00",0,0,0,250,0,0,0,"500,000.00",SUCCESS,,,
17/08/2026 14:33,2.10242E+19,31088H14324643000122,1.22026E+17,MMQR_PAYMENT,2102 - KBZ OI,4203 - MMIV RI,Ma Thinzar Aung,2.23737E+15,MRCTBANK,5499,Kyauk Taung Gyi,9799958230,Kyauk Taung Gyi,2.23756E+15,"500,000.00",0,0,0,250,0,0,0,"500,000.00",SUCCESS,,,
17/08/2026 14:31,2.10242E+19,31088H14304543000122,1.22026E+17,MMQR_PAYMENT,2102 - KBZ OI,4203 - MMIV RI,Ma Thinzar Aung,2.23737E+15,MRCTBANK,5499,Kyauk Taung Gyi,9799958230,Kyauk Taung Gyi,2.23756E+15,"500,000.00",0,0,0,250,0,0,0,"500,000.00",SUCCESS,,,
17/08/2026 14:28,3.10142E+19,wm61999180473792122005,1.22026E+17,MMQR_PAYMENT,3101 - WAVE OI,4203 - MMIV RI,Thant Min Khant,2.23441E+15,MRCTBANK,5499,Lucky Store,9795553574,Lucky Store,2.23756E+15,"3,000.00",0,0,0,1.5,0,0,0,"3,000.00",SUCCESS,,,
17/08/2026 14:28,2.10242E+19,31088H14280456000155,1.22026E+17,MMQR_PAYMENT,2102 - KBZ OI,4203 - MMIV RI,U Than Zaw Oo,2.23737E+15,MRCTBANK,5812,Eugenia Cafe,943200739,Eugenia Cafe,2.23756E+15,"53,550.00",267.75,123.16,144.59,26.78,0,0,96.38,"53,282.25",SUCCESS,,,
17/08/2026 14:27,2.10242E+19,31088H14272402000118,1.22026E+17,MMQR_PAYMENT,2102 - KBZ OI,4203 - MMIV RI,Daw Sumon Thein,2.23737E+15,MRCTBANK,5499,KHINE MYITTER,9789470438,KHINE MYITTER,2.23756E+15,"200,000.00",0,0,0,100,0,0,0,"200,000.00",SUCCESS,,,
17/08/2026 14:20,2.10242E+19,31088H14200835000163,1.22026E+17,MMQR_PAYMENT,2102 - KBZ OI,4203 - MMIV RI,THIN THIN KHINE,2.23737E+15,MRCTBANK,5499,ANGEL,9968970070,ANGEL,2.23756E+15,"30,000.00",0,0,0,15,0,0,0,"30,000.00",SUCCESS,,,
17/08/2026 14:19,2.10242E+19,31088H14191056000163,1.22026E+17,MMQR_PAYMENT,2102 - KBZ OI,4203 - MMIV RI,WAI LIN OO,2.23737E+15,MRCTBANK,5499,SOE THIT SAN MOBILE SHOP,9790712555,SOE THIT SAN MOBILE SHOP,2.23756E+15,"20,000.00",0,0,0,10,0,0,0,"20,000.00",SUCCESS,,,
17/08/2026 14:15,2.10242E+19,31088H14145528000136,1.22026E+17,MMQR_PAYMENT,2102 - KBZ OI,4203 - MMIV RI,Pyi Thein Kyaw,2.23737E+15,MRCTBANK,5921,KING LIQUOR,9452369436,KING LIQUOR,2.23756E+15,100,0.5,0.23,0.27,0.05,0,0,0.18,99.5,SUCCESS,,,
17/08/2026 14:14,2.10242E+19,31088H14144643000136,1.22026E+17,MMQR_PAYMENT,2102 - KBZ OI,4203 - MMIV RI,Kyaw myat thu,2.23737E+15,MRCTBANK,5499,Lucky Store,9795553574,Lucky Store,2.23756E+15,"70,000.00",0,0,0,35,0,0,0,"70,000.00",SUCCESS,,,
17/08/2026 14:14,2.10242E+19,31088H14140156000118,1.22026E+17,MMQR_PAYMENT,2102 - KBZ OI,4203 - MMIV RI,EI SHWE ZIN,2.23737E+15,MRCTBANK,5499,Lucky Store,9795553574,Lucky Store,2.23756E+15,"5,750.00",0,0,0,2.88,0,0,0,"5,750.00",SUCCESS,,,
17/08/2026 14:13,2.10242E+19,31088H14125589000105,1.22026E+17,MMQR_PAYMENT,2102 - KBZ OI,4203 - MMIV RI,KHAING KHAING WAI,2.23737E+15,MRCTBANK,5542,100 Power 2 -YMT,9681976325,100 Power 2 -YMT,2.23756E+15,"54,000.00",162,75.6,86.4,27,0,0,48.6,"53,838.00",SUCCESS,,,
17/08/2026 14:06,2.10242E+19,31088H14064035000160,1.22026E+17,MMQR_PAYMENT,2102 - KBZ OI,4203 - MMIV RI,Daw Zar Phyu Aye,2.23737E+15,MRCTBANK,5812,Eugenia Cafe,943200739,Eugenia Cafe,2.23756E+15,"78,200.00",391,179.86,211.14,39.1,0,0,140.76,"77,809.00",SUCCESS,,,
17/08/2026 14:04,3.10142E+19,wm61985006855605393866,1.22026E+17,MMQR_PAYMENT,3101 - WAVE OI,4203 - MMIV RI,Wai Lin,2.23441E+15,MRCTBANK,5499,La Woon Store,9763013719,La Woon Store,2.23756E+15,"20,000.00",0,0,0,10,0,0,0,"20,000.00",SUCCESS,,,
17/08/2026 13:58,2.10242E+19,31088H13581343000162,1.22026E+17,MMQR_PAYMENT,2102 - KBZ OI,4203 - MMIV RI,Sai Htet Linn,2.23737E+15,MRCTBANK,5499,SEIN FAMILY,9790178150,SEIN FAMILY,2.23756E+15,"13,000.00",0,0,0,6.5,0,0,0,"13,000.00",SUCCESS,,,
17/08/2026 13:52,2.10242E+19,31088H13521056000209,1.22026E+17,MMQR_PAYMENT,2102 - KBZ OI,4203 - MMIV RI,ma moe thu thu aung,2.23737E+15,MRCTBANK,5812,Eugenia Cafe,943200739,Eugenia Cafe,2.23756E+15,"119,150.00",595.75,274.04,321.71,59.58,0,0,214.46,"118,554.25",SUCCESS,,,
17/08/2026 13:51,2.10242E+19,31088H13514956000106,1.22026E+17,MMQR_PAYMENT,2102 - KBZ OI,4203 - MMIV RI,Soe Lin Aung,2.23737E+15,MRCTBANK,5499,A LINN THIT MOBILE,9898459560,A LINN THIT MOBILE,2.23756E+15,"5,100.00",0,0,0,2.55,0,0,0,"5,100.00",SUCCESS,,,
17/08/2026 13:51,2.10242E+19,31088H13511535000215,1.22026E+17,MMQR_PAYMENT,2102 - KBZ OI,4203 - MMIV RI,Nyi Nyi Zaw,2.23737E+15,MRCTBANK,5812,Eugenia Cafe,943200739,Eugenia Cafe,2.23756E+15,"14,700.00",73.5,33.81,39.69,7.35,0,0,26.46,"14,626.50",SUCCESS,,,
17/08/2026 13:47,2.10242E+19,31088H13471156000156,1.22026E+17,MMQR_PAYMENT,2102 - KBZ OI,4203 - MMIV RI,Ma La Zum Hkawn Ra,2.23737E+15,MRCTBANK,5812,Eugenia Cafe,943200739,Eugenia Cafe,2.23756E+15,"53,300.00",266.5,122.59,143.91,26.65,0,0,95.94,"53,033.50",SUCCESS,,,
17/08/2026 13:44,2.10242E+19,31088H13435989000131,1.22026E+17,MMQR_PAYMENT,2102 - KBZ OI,4203 - MMIV RI,U Thiha Kyaw,2.23737E+15,MRCTBANK,5499,Lucky Store,9795553574,Lucky Store,2.23756E+15,"59,000.00",0,0,0,29.5,0,0,0,"59,000.00",SUCCESS,,,
17/08/2026 13:41,2.10242E+19,31088H13414856000246,1.22026E+17,MMQR_PAYMENT,2102 - KBZ OI,4203 - MMIV RI,Mg Thant Zin Aung,2.23737E+15,MRCTBANK,5499,Shan Lay Store,9972000766,Shan Lay Store,2.23756E+15,"15,000.00",0,0,0,7.5,0,0,0,"15,000.00",SUCCESS,,,
17/08/2026 13:39,2.10242E+19,31088H13395028000115,1.22026E+17,MMQR_PAYMENT,2102 - KBZ OI,4203 - MMIV RI,Zaw Htet Aung,2.23737E+15,MRCTBANK,5499,Ko Phone Electronic,95416195,Ko Phone Electronic,2.23756E+15,"52,000.00",0,0,0,26,0,0,0,"52,000.00",SUCCESS,,,
17/08/2026 13:39,2.10242E+19,31088H13392135000136,1.22026E+17,MMQR_PAYMENT,2102 - KBZ OI,4203 - MMIV RI,Pyi Thein Kyaw,2.23737E+15,MRCTBANK,5499,SAN THIT LWIN,9966431676,SAN THIT LWIN,2.23756E+15,100,0,0,0,0.05,0,0,0,100,SUCCESS,,,
17/08/2026 13:32,3.10142E+19,wm125733033266771615957,1.22026E+17,MMQR_PAYMENT,3101 - WAVE OI,4203 - MMIV RI,Shwe Yee Htay,2.23441E+15,MRCTBANK,5499,SEIN MITHARSU(2),9740011544,SEIN MITHARSU(2),2.23756E+15,"66,400.00",0,0,0,33.2,0,0,0,"66,400.00",SUCCESS,,,
17/08/2026 13:32,2.10242E+19,31088H13321735000132,1.22026E+17,MMQR_PAYMENT,2102 - KBZ OI,4203 - MMIV RI,Kyaw Khaing Soe,2.23737E+15,MRCTBANK,5812,Eugenia Cafe,943200739,Eugenia Cafe,2.23756E+15,"16,250.00",81.25,37.37,43.88,8.13,0,0,29.24,"16,168.75",SUCCESS,,,
17/08/2026 13:25,2.10242E+19,31088H13250028000246,1.22026E+17,MMQR_PAYMENT,2102 - KBZ OI,4203 - MMIV RI,MA SWE LAE OO,2.23737E+15,MRCTBANK,5499,Ko Phone Electronic,95416195,Ko Phone Electronic,2.23756E+15,"16,000.00",0,0,0,8,0,0,0,"16,000.00",SUCCESS,,,
17/08/2026 13:23,2.10242E+19,31088H13232243000154,1.22026E+17,MMQR_PAYMENT,2102 - KBZ OI,4203 - MMIV RI,MA THIN LAE LAE OO,2.23737E+15,MRCTBANK,5499,LAMIN THAR,9765787858,LAMIN THAR,2.23756E+15,"5,700.00",0,0,0,2.85,0,0,0,"5,700.00",SUCCESS,,,
17/08/2026 13:23,2.10242E+19,31088H13230135000142,1.22026E+17,MMQR_PAYMENT,2102 - KBZ OI,4203 - MMIV RI,Shwe Sin Ei,2.23737E+15,MRCTBANK,5499,Shwe Na Yar,943090639,Shwe Na Yar,2.23756E+15,"1,000.00",0,0,0,0.5,0,0,0,"1,000.00",SUCCESS,,,
17/08/2026 13:17,2.10242E+19,31088H13171456000228,1.22026E+17,MMQR_PAYMENT,2102 - KBZ OI,4203 - MMIV RI,mg arrmhan,2.23737E+15,MRCTBANK,5499,Zaw Hmine,9976470977,Zaw Hmine,2.23756E+15,"3,000.00",0,0,0,1.5,0,0,0,"3,000.00",SUCCESS,,,
17/08/2026 13:15,2.10242E+19,31088H13152302000219,1.22026E+17,MMQR_PAYMENT,2102 - KBZ OI,4203 - MMIV RI,Kyaw Ko Thu,2.23737E+15,MRCTBANK,5499,THONE YOUNG CHEL,9685143044,THONE YOUNG CHEL,2.23756E+15,"20,200.00",0,0,0,10.1,0,0,0,"20,200.00",SUCCESS,,,
17/08/2026 13:10,2.10242E+19,31088H13102102000241,1.22026E+17,MMQR_PAYMENT,2102 - KBZ OI,4203 - MMIV RI,DAW TIN TIN SAN,2.23737E+15,MRCTBANK,5499,THONE YOUNG CHEL,9685143044,THONE YOUNG CHEL,2.23756E+15,"5,000.00",0,0,0,2.5,0,0,0,"5,000.00",SUCCESS,,,
17/08/2026 13:10,2.10242E+19,31088H13100635000336,1.22026E+17,MMQR_PAYMENT,2102 - KBZ OI,4203 - MMIV RI,Pyi Thein Kyaw,2.23737E+15,MRCTBANK,5499,Shwe Na Yar,943090639,Shwe Na Yar,2.23756E+15,100,0,0,0,0.05,0,0,0,100,SUCCESS,,,
17/08/2026 13:06,2.10242E+19,31088H13063735000243,1.22026E+17,MMQR_PAYMENT,2102 - KBZ OI,4203 - MMIV RI,Ma Moe Hnin Khaing,2.23737E+15,MRCTBANK,5499,Cherry,9781849406,Cherry,2.23756E+15,"60,000.00",0,0,0,30,0,0,0,"60,000.00",SUCCESS,,,
17/08/2026 13:04,2.10242E+19,31088H13044356000452,1.22026E+17,MMQR_PAYMENT,2102 - KBZ OI,4203 - MMIV RI,Mg Nay Htoo,2.23737E+15,MRCTBANK,5499,La Woon Store,9763013719,La Woon Store,2.23756E+15,"40,000.00",0,0,0,20,0,0,0,"40,000.00",SUCCESS,,,
17/08/2026 13:03,2.10242E+19,31088H13030702000155,1.22026E+17,MMQR_PAYMENT,2102 - KBZ OI,4203 - MMIV RI,may ei mon,2.23737E+15,MRCTBANK,5812,Eugenia Cafe,943200739,Eugenia Cafe,2.23756E+15,"25,700.00",128.5,59.11,69.39,12.85,0,0,46.26,"25,571.50",SUCCESS,,,
17/08/2026 13:03,2.10242E+19,31088H13025443000159,1.22026E+17,MMQR_PAYMENT,2102 - KBZ OI,4203 - MMIV RI,Bhone Myint Nyi,2.23737E+15,MRCTBANK,5499,IC 2,9959533636,IC 2,2.23756E+15,"40,500.00",0,0,0,20.25,0,0,0,"40,500.00",SUCCESS,,,
17/08/2026 13:02,2.10242E+19,31088H13020635000134,1.22026E+17,MMQR_PAYMENT,2102 - KBZ OI,4203 - MMIV RI,DAW BAWM SHWE,2.23737E+15,MRCTBANK,5812,Eugenia Cafe,943200739,Eugenia Cafe,2.23756E+15,"58,800.00",294,135.24,158.76,29.4,0,0,105.84,"58,506.00",SUCCESS,,,
17/08/2026 12:55,2.10242E+19,31088H12553589000108,1.22026E+17,MMQR_PAYMENT,2102 - KBZ OI,4203 - MMIV RI,Than Min Htike,2.23737E+15,MRCTBANK,5499,LAMIN THAR,9765787858,LAMIN THAR,2.23756E+15,"30,300.00",0,0,0,15.15,0,0,0,"30,300.00",SUCCESS,,,
17/08/2026 12:54,3.10142E+19,wm125710472585385492277,1.22026E+17,MMQR_PAYMENT,3101 - WAVE OI,4203 - MMIV RI,Aye Aye Thet,2.23441E+15,MRCTBANK,5499,Mya Gan Na Mar,9960491413,Mya Gan Na Mar,2.23756E+15,"130,000.00",0,0,0,65,0,0,0,"130,000.00",SUCCESS,,,
17/08/2026 12:49,2.10242E+19,31088H12493628000136,1.22026E+17,MMQR_PAYMENT,2102 - KBZ OI,4203 - MMIV RI,Pyi Thein Kyaw,2.23737E+15,MRCTBANK,5499,THONE YOUNG CHEL,9685143044,THONE YOUNG CHEL,2.23756E+15,100,0,0,0,0.05,0,0,0,100,SUCCESS,,,
17/08/2026 12:48,2.10242E+19,31088H12475602000107,1.22026E+17,MMQR_PAYMENT,2102 - KBZ OI,4203 - MMIV RI,San Mg,2.23737E+15,MRCTBANK,5499,Shan Lay Store,9972000766,Shan Lay Store,2.23756E+15,"30,000.00",0,0,0,15,0,0,0,"30,000.00",SUCCESS,,,
17/08/2026 12:46,2.10242E+19,31088H12464643000138,1.22026E+17,MMQR_PAYMENT,2102 - KBZ OI,4203 - MMIV RI,Ei Ei Aung,2.23737E+15,MRCTBANK,5499,Moe San,9891371722,Moe San,2.23756E+15,"30,000.00",0,0,0,15,0,0,0,"30,000.00",SUCCESS,,,
17/08/2026 12:46,2.10242E+19,31088H12462302000109,1.22026E+17,MMQR_PAYMENT,2102 - KBZ OI,4203 - MMIV RI,U Moe Myint,2.23737E+15,MRCTBANK,5812,Eugenia Cafe,943200739,Eugenia Cafe,2.23756E+15,"23,600.00",118,54.28,63.72,11.8,0,0,42.48,"23,482.00",SUCCESS,,,
17/08/2026 12:45,2.10242E+19,31088H12453056000155,1.22026E+17,MMQR_PAYMENT,2102 - KBZ OI,4203 - MMIV RI,Thae Po Po Aung,2.23737E+15,MRCTBANK,5499,Moe San,9891371722,Moe San,2.23756E+15,"50,000.00",0,0,0,25,0,0,0,"50,000.00",SUCCESS,,,
17/08/2026 12:41,3.10142E+19,wm125702518202783761550,1.22026E+17,MMQR_PAYMENT,3101 - WAVE OI,4203 - MMIV RI,Myo Myint Oo,2.23441E+15,MRCTBANK,5499,Pa Hta Wi Ar Kar,9420558864,Pa Hta Wi Ar Kar,2.23756E+15,"40,000.00",0,0,0,20,0,0,0,"40,000.00",SUCCESS,,,
17/08/2026 12:40,2.10242E+19,31088H12404435000260,1.22026E+17,MMQR_PAYMENT,2102 - KBZ OI,4203 - MMIV RI,MG THAN WIN,2.23737E+15,MRCTBANK,5499,Quartz Tun Tun,9254396307,Quartz Tun Tun,2.23756E+15,"500,000.00",0,0,0,250,0,0,0,"500,000.00",SUCCESS,,,
17/08/2026 12:39,3.10142E+19,wm125701321614657342799,1.22026E+17,MMQR_PAYMENT,3101 - WAVE OI,4203 - MMIV RI,Han Wai Aung,2.23441E+15,MRCTBANK,5499,KHINE MYITTER,9789470438,KHINE MYITTER,2.23756E+15,"10,000.00",0,0,0,5,0,0,0,"10,000.00",SUCCESS,,,
17/08/2026 12:36,2.10242E+19,31088H12353456000140,1.22026E+17,MMQR_PAYMENT,2102 - KBZ OI,4203 - MMIV RI,MA AYE HLA,2.23737E+15,MRCTBANK,5812,Eugenia Cafe,943200739,Eugenia Cafe,2.23756E+15,"109,200.00",546,251.16,294.84,54.6,0,0,196.56,"108,654.00",SUCCESS,,,
17/08/2026 12:32,2.10242E+19,31088H12321956000154,1.22026E+17,MMQR_PAYMENT,2102 - KBZ OI,4203 - MMIV RI,ZON PWINT PHYU,2.23737E+15,MRCTBANK,5499,May Myanmar,9448098913,May Myanmar,2.23756E+15,"21,000.00",0,0,0,10.5,0,0,0,"21,000.00",SUCCESS,,,
17/08/2026 12:26,3.10142E+19,wm125693289121054906936,1.22026E+17,MMQR_PAYMENT,3101 - WAVE OI,4203 - MMIV RI,Aung Thi Ha,2.23441E+15,MRCTBANK,5499,A LINN THIT MOBILE,9898459560,A LINN THIT MOBILE,2.23756E+15,"25,300.00",0,0,0,12.65,0,0,0,"25,300.00",SUCCESS,,,
17/08/2026 12:24,2.10242E+19,31088H12243643000246,1.22026E+17,MMQR_PAYMENT,2102 - KBZ OI,4203 - MMIV RI,Mg Thant Zin Aung,2.23737E+15,MRCTBANK,5499,Shan Lay Store,9972000766,Shan Lay Store,2.23756E+15,"14,000.00",0,0,0,7,0,0,0,"14,000.00",SUCCESS,,,
17/08/2026 12:24,3.10142E+19,wm61924642393515982661,1.22026E+17,MMQR_PAYMENT,3101 - WAVE OI,4203 - MMIV RI,Chit Ko Ko,2.23441E+15,MRCTBANK,5499,Shan Lay Store,9972000766,Shan Lay Store,2.23756E+15,"100,000.00",0,0,0,50,0,0,0,"100,000.00",SUCCESS,,,
17/08/2026 12:22,2.10242E+19,31088H12215543000219,1.22026E+17,MMQR_PAYMENT,2102 - KBZ OI,4203 - MMIV RI,Ma Niang Luan Mei,2.23737E+15,MRCTBANK,5499,SOUL COFFEE STUDIO,9421128983,SOUL COFFEE STUDIO,2.23756E+15,"18,000.00",0,0,0,9,0,0,0,"18,000.00",SUCCESS,,,
17/08/2026 12:21,2.10242E+19,31088H12213089000222,1.22026E+17,MMQR_PAYMENT,2102 - KBZ OI,4203 - MMIV RI,Kyaw Naing,2.23737E+15,MRCTBANK,5499,Cherry,9781849406,Cherry,2.23756E+15,"500,000.00",0,0,0,250,0,0,0,"500,000.00",SUCCESS,,,
17/08/2026 12:20,2.10242E+19,31088H12203289000222,1.22026E+17,MMQR_PAYMENT,2102 - KBZ OI,4203 - MMIV RI,Kyaw Naing,2.23737E+15,MRCTBANK,5499,Cherry,9781849406,Cherry,2.23756E+15,"500,000.00",0,0,0,250,0,0,0,"500,000.00",SUCCESS,,,
17/08/2026 12:20,2.10242E+19,31088H12195989000222,1.22026E+17,MMQR_PAYMENT,2102 - KBZ OI,4203 - MMIV RI,Kyaw Naing,2.23737E+15,MRCTBANK,5499,Cherry,9781849406,Cherry,2.23756E+15,"100,000.00",0,0,0,50,0,0,0,"100,000.00",SUCCESS,,,
17/08/2026 12:19,3.10142E+19,wm125689524756335079362,1.22026E+17,MMQR_PAYMENT,3101 - WAVE OI,4203 - MMIV RI,Khin Aung Than,2.23441E+15,MRCTBANK,5499,Pa Hta Wi Ar Kar,9420558864,Pa Hta Wi Ar Kar,2.23756E+15,"500,000.00",0,0,0,250,0,0,0,"500,000.00",SUCCESS,,,
17/08/2026 12:19,3.10142E+19,wm125689301434681213265,1.22026E+17,MMQR_PAYMENT,3101 - WAVE OI,4203 - MMIV RI,Khin Aung Than,2.23441E+15,MRCTBANK,5499,Pa Hta Wi Ar Kar,9420558864,Pa Hta Wi Ar Kar,2.23756E+15,"55,000.00",0,0,0,27.5,0,0,0,"55,000.00",SUCCESS,,,
17/08/2026 12:19,2.10242E+19,31088H12192143000122,1.22026E+17,MMQR_PAYMENT,2102 - KBZ OI,4203 - MMIV RI,Kyaw Naing,2.23737E+15,MRCTBANK,5499,Cherry,9781849406,Cherry,2.23756E+15,"50,000.00",0,0,0,25,0,0,0,"50,000.00",SUCCESS,,,
17/08/2026 12:18,2.10242E+19,31088H12184035000122,1.22026E+17,MMQR_PAYMENT,2102 - KBZ OI,4203 - MMIV RI,Kyaw Naing,2.23737E+15,MRCTBANK,5499,Cherry,9781849406,Cherry,2.23756E+15,"50,000.00",0,0,0,25,0,0,0,"50,000.00",SUCCESS,,,
17/08/2026 12:18,2.10242E+19,31088H12183356000128,1.22026E+17,MMQR_PAYMENT,2102 - KBZ OI,4203 - MMIV RI,U AUNG MOE TUN,2.23737E+15,MRCTBANK,5499,IC 2,9959533636,IC 2,2.23756E+15,"30,000.00",0,0,0,15,0,0,0,"30,000.00",SUCCESS,,,
17/08/2026 12:17,2.10242E+19,31088H12172435000122,1.22026E+17,MMQR_PAYMENT,2102 - KBZ OI,4203 - MMIV RI,Kyaw Naing,2.23737E+15,MRCTBANK,5499,Cherry,9781849406,Cherry,2.23756E+15,"50,000.00",0,0,0,25,0,0,0,"50,000.00",SUCCESS,,,
17/08/2026 12:16,2.10242E+19,31088H12161689000155,1.22026E+17,MMQR_PAYMENT,2102 - KBZ OI,4203 - MMIV RI,Sein Win,2.23737E+15,MRCTBANK,5812,Eugenia Cafe,943200739,Eugenia Cafe,2.23756E+15,"33,600.00",168,77.28,90.72,16.8,0,0,60.48,"33,432.00",SUCCESS,,,
17/08/2026 12:15,2.10242E+19,31088H12150889000122,1.22026E+17,MMQR_PAYMENT,2102 - KBZ OI,4203 - MMIV RI,Kyaw Naing,2.23737E+15,MRCTBANK,5499,Cherry,9781849406,Cherry,2.23756E+15,"10,000.00",0,0,0,5,0,0,0,"10,000.00",SUCCESS,,,
17/08/2026 12:14,2.10242E+19,31088H12140389000422,1.22026E+17,MMQR_PAYMENT,2102 - KBZ OI,4203 - MMIV RI,Kyaw Naing,2.23737E+15,MRCTBANK,5499,Cherry,9781849406,Cherry,2.23756E+15,"10,000.00",0,0,0,5,0,0,0,"10,000.00",SUCCESS,,,
17/08/2026 12:14,2.10242E+19,31088H12135635000221,1.22026E+17,MMQR_PAYMENT,2102 - KBZ OI,4203 - MMIV RI,Daw San San Myint,2.23737E+15,MRCTBANK,5499,San Cherry Electronic,9452241144,San Cherry Electronic,2.23756E+15,"150,000.00",0,0,0,75,0,0,0,"150,000.00",SUCCESS,,,
17/08/2026 12:13,2.10242E+19,31088H12134902000148,1.22026E+17,MMQR_PAYMENT,2102 - KBZ OI,4203 - MMIV RI,Maung Maung Tun,2.23737E+15,MRCTBANK,5499,Pa Hta Wi Ar Kar,9420558864,Pa Hta Wi Ar Kar,2.23756E+15,"415,200.00",0,0,0,207.6,0,0,0,"415,200.00",SUCCESS,,,
17/08/2026 12:12,2.10242E+19,31088H12124843000230,1.22026E+17,MMQR_PAYMENT,2102 - KBZ OI,4203 - MMIV RI,MG KYAW TUN AUNG,2.23737E+15,MRCTBANK,5499,Moe San,9891371722,Moe San,2.23756E+15,"10,100.00",0,0,0,5.05,0,0,0,"10,100.00",SUCCESS,,,
17/08/2026 12:12,3.10142E+19,wm61917773672625902807,1.22026E+17,MMQR_PAYMENT,3101 - WAVE OI,4203 - MMIV RI,Mi Cho Win,2.23441E+15,MRCTBANK,5499,Pa Hta Wi Ar Kar,9420558864,Pa Hta Wi Ar Kar,2.23756E+15,"30,000.00",0,0,0,15,0,0,0,"30,000.00",SUCCESS,,,
17/08/2026 12:12,2.10242E+19,31088H12121435000363,1.22026E+17,MMQR_PAYMENT,2102 - KBZ OI,4203 - MMIV RI,Thandar Khin,2.23737E+15,MRCTBANK,5499,MAWLAMYAING STORE,9402888341,MAWLAMYAING STORE,2.23756E+15,"70,000.00",0,0,0,35,0,0,0,"70,000.00",SUCCESS,,,
17/08/2026 12:12,2.10242E+19,31088H12114802000244,1.22026E+17,MMQR_PAYMENT,2102 - KBZ OI,4203 - MMIV RI,ma mi cho win,2.23737E+15,MRCTBANK,5499,Pa Hta Wi Ar Kar,9420558864,Pa Hta Wi Ar Kar,2.23756E+15,"185,000.00",0,0,0,92.5,0,0,0,"185,000.00",SUCCESS,,,
17/08/2026 12:08,2.10242E+19,31088H12084835000133,1.22026E+17,MMQR_PAYMENT,2102 - KBZ OI,4203 - MMIV RI,Ma Ei Mon Kyaw,2.23737E+15,MRCTBANK,5499,Zaw Hmine,9976470977,Zaw Hmine,2.23756E+15,"11,000.00",0,0,0,5.5,0,0,0,"11,000.00",SUCCESS,,,
17/08/2026 12:07,2.10242E+19,31088H12074328000121,1.22026E+17,MMQR_PAYMENT,2102 - KBZ OI,4203 - MMIV RI,WIN THANDAR SAN,2.23737E+15,MRCTBANK,5499,San Cherry Electronic,9452241144,San Cherry Electronic,2.23756E+15,"100,000.00",0,0,0,50,0,0,0,"100,000.00",SUCCESS,,,
17/08/2026 12:07,3.10142E+19,wm125682092879035644228,1.22026E+17,MMQR_PAYMENT,3101 - WAVE OI,4203 - MMIV RI,Khin Khin Win,2.23441E+15,MRCTBANK,5499,Cherry,9781849406,Cherry,2.23756E+15,"38,000.00",0,0,0,19,0,0,0,"38,000.00",SUCCESS,,,
17/08/2026 12:06,2.10242E+19,31088H12063789000226,1.22026E+17,MMQR_PAYMENT,2102 - KBZ OI,4203 - MMIV RI,MAY THU THU AUNG,2.23737E+15,MRCTBANK,5499,JUNCTION PINLAUNG LAPHET,9697999586,JUNCTION PINLAUNG LAPHET,2.23756E+15,100,0,0,0,0.05,0,0,0,100,SUCCESS,,,
17/08/2026 12:06,2.10242E+19,31088H12063335000311,1.22026E+17,MMQR_PAYMENT,2102 - KBZ OI,4203 - MMIV RI,U AUNG KAUNG PYAE,2.23737E+15,MRCTBANK,5499,LAMIN THAR,9765787858,LAMIN THAR,2.23756E+15,"40,000.00",0,0,0,20,0,0,0,"40,000.00",SUCCESS,,,
17/08/2026 12:04,2.10242E+19,31088H12041402000559,1.22026E+17,MMQR_PAYMENT,2102 - KBZ OI,4203 - MMIV RI,U KoKo,2.23737E+15,MRCTBANK,5499,SOUL COFFEE STUDIO,9421128983,SOUL COFFEE STUDIO,2.23756E+15,"8,000.00",0,0,0,4,0,0,0,"8,000.00",SUCCESS,,,
17/08/2026 12:01,2.10242E+19,31088H12003756000222,1.22026E+17,MMQR_PAYMENT,2102 - KBZ OI,4203 - MMIV RI,Kyaw Naing,2.23737E+15,MRCTBANK,5499,Cherry,9781849406,Cherry,2.23756E+15,"10,000.00",0,0,0,5,0,0,0,"10,000.00",SUCCESS,,,
17/08/2026 12:01,2.10142E+19,AYA21016a829c927a6cdef8a598f361,1.22026E+17,MMQR_PAYMENT,2101 - AYA OI,4203 - MMIV RI,PHYU HNIN KHAING,2.237E+15,MRCTBANK,5499,IC 2,9959533636,IC 2,2.23756E+15,"50,000.00",0,0,0,25,0,0,0,"50,000.00",SUCCESS,,,
17/08/2026 11:54,3.10142E+19,wm125674350184021352826,1.22026E+17,MMQR_PAYMENT,3101 - WAVE OI,4203 - MMIV RI,Sandar Myint,2.23441E+15,MRCTBANK,5499,SEIN MITHARSU(2),9740011544,SEIN MITHARSU(2),2.23756E+15,"6,000.00",0,0,0,3,0,0,0,"6,000.00",SUCCESS,,,
17/08/2026 11:54,2.10242E+19,31088H11541989000104,1.22026E+17,MMQR_PAYMENT,2102 - KBZ OI,4203 - MMIV RI,U Zay Yar Phyo,2.23737E+15,MRCTBANK,5499,A LINN THIT MOBILE,9898459560,A LINN THIT MOBILE,2.23756E+15,"50,000.00",0,0,0,25,0,0,0,"50,000.00",SUCCESS,,,
17/08/2026 11:48,2.10242E+19,31088H11480589000235,1.22026E+17,MMQR_PAYMENT,2102 - KBZ OI,4203 - MMIV RI,THANDAR PHYO,2.23737E+15,MRCTBANK,5499,San Thit,9772869401,San Thit,2.23756E+15,"500,000.00",0,0,0,250,0,0,0,"500,000.00",SUCCESS,,,
17/08/2026 11:43,2.10142E+19,AYA21016a82985e8afd6cc7af8b574c,1.22026E+17,MMQR_PAYMENT,2101 - AYA OI,4203 - MMIV RI,PYAE SHAN SHAN PAING,2.237E+15,MRCTBANK,5499,Soe Soe,9691141588,Soe Soe,2.23756E+15,"20,100.00",0,0,0,10.05,0,0,0,"20,100.00",SUCCESS,,,
17/08/2026 11:39,2.10142E+19,AYA21016a82979c932083ad20a70cbf,1.22026E+17,MMQR_PAYMENT,2101 - AYA OI,4203 - MMIV RI,PHYO PHYO PAING,2.237E+15,MRCTBANK,5499,SEIN MITHARSU(2),9740011544,SEIN MITHARSU(2),2.23756E+15,"500,000.00",0,0,0,250,0,0,0,"500,000.00",SUCCESS,,,
17/08/2026 11:39,2.10242E+19,31088H11392735000146,1.22026E+17,MMQR_PAYMENT,2102 - KBZ OI,4203 - MMIV RI,AYE THAW DAR WIN,2.23737E+15,MRCTBANK,5499,Quartz Tun Tun,9254396307,Quartz Tun Tun,2.23756E+15,"226,000.00",0,0,0,113,0,0,0,"226,000.00",SUCCESS,,,
17/08/2026 11:38,2.10242E+19,31088H11385028000214,1.22026E+17,MMQR_PAYMENT,2102 - KBZ OI,4203 - MMIV RI,Phyo Phyo Paing,2.23737E+15,MRCTBANK,5499,SEIN MITHARSU(2),9740011544,SEIN MITHARSU(2),2.23756E+15,"500,000.00",0,0,0,250,0,0,0,"500,000.00",SUCCESS,,,
17/08/2026 11:36,2.10242E+19,31088H11360856000247,1.22026E+17,MMQR_PAYMENT,2102 - KBZ OI,4203 - MMIV RI,Tin Naing,2.23737E+15,MRCTBANK,5499,KHINE MYITTER,9789470438,KHINE MYITTER,2.23756E+15,"10,000.00",0,0,0,5,0,0,0,"10,000.00",SUCCESS,,,
17/08/2026 11:35,2.10242E+19,31088H11354428000209,1.22026E+17,MMQR_PAYMENT,2102 - KBZ OI,4203 - MMIV RI,Daw Nwe Nwe Oo,2.23737E+15,MRCTBANK,5499,KHINE MYITTER,9789470438,KHINE MYITTER,2.23756E+15,"5,000.00",0,0,0,2.5,0,0,0,"5,000.00",SUCCESS,,,
17/08/2026 11:30,3.10142E+19,wm125660031306593361572,1.22026E+17,MMQR_PAYMENT,3101 - WAVE OI,4203 - MMIV RI,Kyaw Thu,2.23441E+15,MRCTBANK,5499,Aye Mon,9680555192,Aye Mon,2.23756E+15,"80,800.00",0,0,0,40.4,0,0,0,"80,800.00",SUCCESS,,,
17/08/2026 11:29,2.10242E+19,31088H11291043000223,1.22026E+17,MMQR_PAYMENT,2102 - KBZ OI,4203 - MMIV RI,U KO NAING,2.23737E+15,MRCTBANK,5499,U Tin Aye Store,9423535225,U Tin Aye Store,2.23756E+15,"1,000.00",0,0,0,0.5,0,0,0,"1,000.00",SUCCESS,,,
17/08/2026 11:26,2.10142E+19,AYA21016a82947b79616a79f401afc7,1.22026E+17,MMQR_PAYMENT,2101 - AYA OI,4203 - MMIV RI,KHIN MYAT PHYO,2.237E+15,MRCTBANK,5812,Eugenia Cafe,943200739,Eugenia Cafe,2.23756E+15,"35,700.00",178.5,82.11,96.39,17.85,0,0,64.26,"35,521.50",SUCCESS,,,
17/08/2026 11:21,3.10142E+19,wm125654275855664597362,1.22026E+17,MMQR_PAYMENT,3101 - WAVE OI,4203 - MMIV RI,Aung Than Oo,2.23441E+15,MRCTBANK,5499,Moe San,9891371722,Moe San,2.23756E+15,"15,300.00",0,0,0,7.65,0,0,0,"15,300.00",SUCCESS,,,
17/08/2026 11:20,2.10242E+19,31088H11194843000103,1.22026E+17,MMQR_PAYMENT,2102 - KBZ OI,4203 - MMIV RI,moezinko,2.23737E+15,MRCTBANK,5499,Moe San,9891371722,Moe San,2.23756E+15,"30,500.00",0,0,0,15.25,0,0,0,"30,500.00",SUCCESS,,,
17/08/2026 11:19,2.10242E+19,31088H11185243000209,1.22026E+17,MMQR_PAYMENT,2102 - KBZ OI,4203 - MMIV RI,Daw Nwe Nwe Oo,2.23737E+15,MRCTBANK,5499,KHINE MYITTER,9789470438,KHINE MYITTER,2.23756E+15,"5,000.00",0,0,0,2.5,0,0,0,"5,000.00",SUCCESS,,,
17/08/2026 11:13,2.10242E+19,31088H11125502000111,1.22026E+17,MMQR_PAYMENT,2102 - KBZ OI,4203 - MMIV RI,Sett Naing Tun,2.23737E+15,MRCTBANK,5499,KHINE MYITTER,9789470438,KHINE MYITTER,2.23756E+15,100,0,0,0,0.05,0,0,0,100,SUCCESS,,,
17/08/2026 11:12,2.10242E+19,31088H11125202000163,1.22026E+17,MMQR_PAYMENT,2102 - KBZ OI,4203 - MMIV RI,May Thu,2.23737E+15,MRCTBANK,5812,Eugenia Cafe,943200739,Eugenia Cafe,2.23756E+15,"50,400.00",252,115.92,136.08,25.2,0,0,90.72,"50,148.00",SUCCESS,,,
17/08/2026 11:09,2.10242E+19,31088H11084202000216,1.22026E+17,MMQR_PAYMENT,2102 - KBZ OI,4203 - MMIV RI,MOE KYAW AUNG,2.23737E+15,MRCTBANK,5499,A LINN THIT MOBILE,9898459560,A LINN THIT MOBILE,2.23756E+15,"100,000.00",0,0,0,50,0,0,0,"100,000.00",SUCCESS,,,
17/08/2026 11:05,2.10242E+19,31088H11054443000149,1.22026E+17,MMQR_PAYMENT,2102 - KBZ OI,4203 - MMIV RI,Ei Phyu Phyu Myint,2.23737E+15,MRCTBANK,5499,Shan Lay Store,9972000766,Shan Lay Store,2.23756E+15,"10,100.00",0,0,0,5.05,0,0,0,"10,100.00",SUCCESS,,,
17/08/2026 11:02,2.10242E+19,31088H11024043000215,1.22026E+17,MMQR_PAYMENT,2102 - KBZ OI,4203 - MMIV RI,Zar Pwint Phyu,2.23737E+15,MRCTBANK,5812,Eugenia Cafe,943200739,Eugenia Cafe,2.23756E+15,"46,725.00",233.63,107.47,126.16,23.36,0,0,84.11,"46,491.37",SUCCESS,,,
17/08/2026 10:55,2.10242E+19,31088H10554135000228,1.22026E+17,MMQR_PAYMENT,2102 - KBZ OI,4203 - MMIV RI,U Aye Cho,2.23737E+15,MRCTBANK,5499,A LINN THIT MOBILE,9898459560,A LINN THIT MOBILE,2.23756E+15,"30,300.00",0,0,0,15.15,0,0,0,"30,300.00",SUCCESS,,,
17/08/2026 10:51,2.10242E+19,31088H10512989000212,1.22026E+17,MMQR_PAYMENT,2102 - KBZ OI,4203 - MMIV RI,Mg Kyaw Min Khant,2.23737E+15,MRCTBANK,5499,MKM Fashion,95067514,MKM Fashion,2.23756E+15,"80,000.00",0,0,0,40,0,0,0,"80,000.00",SUCCESS,,,
17/08/2026 10:50,2.10142E+19,AYA21016a828c269443a83a18eedf57,1.22026E+17,MMQR_PAYMENT,2101 - AYA OI,4203 - MMIV RI,NAW MYA YAMONE HNIN,2.237E+15,MRCTBANK,5499,IC 2,9959533636,IC 2,2.23756E+15,"101,000.00",0,0,0,50.5,0,0,0,"101,000.00",SUCCESS,,,
17/08/2026 10:48,2.10242E+19,31088H10483743000125,1.22026E+17,MMQR_PAYMENT,2102 - KBZ OI,4203 - MMIV RI,ZAW SAN,2.23737E+15,MRCTBANK,5499,JUNCTION PINLAUNG LAPHET,9697999586,JUNCTION PINLAUNG LAPHET,2.23756E+15,"5,600.00",0,0,0,2.8,0,0,0,"5,600.00",SUCCESS,,,
17/08/2026 10:42,2.10142E+19,AYA21016a828a1f2060600d2ad7b709,1.22026E+17,MMQR_PAYMENT,2101 - AYA OI,4203 - MMIV RI,THANT ZIN MYO,2.237E+15,MRCTBANK,5499,Chu Chu,9254258831,Chu Chu,2.23756E+15,"100,000.00",0,0,0,50,0,0,0,"100,000.00",SUCCESS,,,
17/08/2026 10:41,2.10142E+19,AYA21016a828a019b3b2f1c8f145db2,1.22026E+17,MMQR_PAYMENT,2101 - AYA OI,4203 - MMIV RI,SAN SAN MOE,2.237E+15,MRCTBANK,5499,Chu Chu,9254258831,Chu Chu,2.23756E+15,"50,000.00",0,0,0,25,0,0,0,"50,000.00",SUCCESS,,,
17/08/2026 10:38,2.10342E+19,FT26229GHFFC,1.22026E+17,MMQR_PAYMENT,2103 - CB OI,4203 - MMIV RI,U SAI NAY MYO HTUN,2.23772E+15,MRCTBANK,5499,SEIN SHWE PHOO,92017453,SEIN SHWE PHOO,2.23756E+15,"500,000.00",0,0,0,250,0,0,0,"500,000.00",SUCCESS,,,
17/08/2026 10:38,2.10142E+19,AYA21016a82893011c09b124a851107,1.22026E+17,MMQR_PAYMENT,2101 - AYA OI,4203 - MMIV RI,SOE HTUT KHAING,2.237E+15,MRCTBANK,5499,EYIN GYINN SAN,9420669632,EYIN GYINN SAN,2.23756E+15,"34,800.00",0,0,0,17.4,0,0,0,"34,800.00",SUCCESS,,,
17/08/2026 10:28,2.10242E+19,31088H10280402000217,1.22026E+17,MMQR_PAYMENT,2102 - KBZ OI,4203 - MMIV RI,Aung Min Soe,2.23737E+15,MRCTBANK,5499,Shan Lay Store,9972000766,Shan Lay Store,2.23756E+15,"45,400.00",0,0,0,22.7,0,0,0,"45,400.00",SUCCESS,,,
17/08/2026 10:27,2.10242E+19,31088H10271602000218,1.22026E+17,MMQR_PAYMENT,2102 - KBZ OI,4203 - MMIV RI,U HLA TUN,2.23737E+15,MRCTBANK,5499,LAMIN THAR,9765787858,LAMIN THAR,2.23756E+15,"28,300.00",0,0,0,14.15,0,0,0,"28,300.00",SUCCESS,,,
17/08/2026 10:20,2.10242E+19,31088H10201502000150,1.22026E+17,MMQR_PAYMENT,2102 - KBZ OI,4203 - MMIV RI,Chan Myae Tun Win,2.23737E+15,MRCTBANK,5499,Cho Chit,9401599072,Cho Chit,2.23756E+15,"4,000.00",0,0,0,2,0,0,0,"4,000.00",SUCCESS,,,
17/08/2026 10:20,2.10242E+19,31088H10201235000142,1.22026E+17,MMQR_PAYMENT,2102 - KBZ OI,4203 - MMIV RI,Shyam Kumar,2.23737E+15,MRCTBANK,5499,Shan Lay Store,9972000766,Shan Lay Store,2.23756E+15,"439,800.00",0,0,0,219.9,0,0,0,"439,800.00",SUCCESS,,,
17/08/2026 10:18,2.10242E+19,31088H10185056000142,1.22026E+17,MMQR_PAYMENT,2102 - KBZ OI,4203 - MMIV RI,Shyam Kumar,2.23737E+15,MRCTBANK,5499,Shan Lay Store,9972000766,Shan Lay Store,2.23756E+15,"450,000.00",0,0,0,225,0,0,0,"450,000.00",SUCCESS,,,
17/08/2026 10:17,2.10242E+19,31088H10174943000232,1.22026E+17,MMQR_PAYMENT,2102 - KBZ OI,4203 - MMIV RI,YE WIN AUNG,2.23737E+15,MRCTBANK,5499,May Myanmar,9448098913,May Myanmar,2.23756E+15,"16,300.00",0,0,0,8.15,0,0,0,"16,300.00",SUCCESS,,,
17/08/2026 10:17,2.10242E+19,31088H10173728000142,1.22026E+17,MMQR_PAYMENT,2102 - KBZ OI,4203 - MMIV RI,Shyam Kumar,2.23737E+15,MRCTBANK,5499,Shan Lay Store,9972000766,Shan Lay Store,2.23756E+15,"450,000.00",0,0,0,225,0,0,0,"450,000.00",SUCCESS,,,
17/08/2026 10:17,2.10242E+19,31088H10171589000142,1.22026E+17,MMQR_PAYMENT,2102 - KBZ OI,4203 - MMIV RI,Shyam Kumar,2.23737E+15,MRCTBANK,5499,Shan Lay Store,9972000766,Shan Lay Store,2.23756E+15,"450,000.00",0,0,0,225,0,0,0,"450,000.00",SUCCESS,,,
17/08/2026 10:17,2.10242E+19,31088H10170702000342,1.22026E+17,MMQR_PAYMENT,2102 - KBZ OI,4203 - MMIV RI,Shyam Kumar,2.23737E+15,MRCTBANK,5499,Shan Lay Store,9972000766,Shan Lay Store,2.23756E+15,"450,000.00",0,0,0,225,0,0,0,"450,000.00",SUCCESS,,,
17/08/2026 10:17,2.10242E+19,31088H10165902000142,1.22026E+17,MMQR_PAYMENT,2102 - KBZ OI,4203 - MMIV RI,Shyam Kumar,2.23737E+15,MRCTBANK,5499,Shan Lay Store,9972000766,Shan Lay Store,2.23756E+15,"450,000.00",0,0,0,225,0,0,0,"450,000.00",SUCCESS,,,
17/08/2026 10:16,2.10242E+19,31088H10160002000142,1.22026E+17,MMQR_PAYMENT,2102 - KBZ OI,4203 - MMIV RI,Shyam Kumar,2.23737E+15,MRCTBANK,5499,Shan Lay Store,9972000766,Shan Lay Store,2.23756E+15,"450,000.00",0,0,0,225,0,0,0,"450,000.00",SUCCESS,,,
17/08/2026 10:15,2.10242E+19,31088H10155235000142,1.22026E+17,MMQR_PAYMENT,2102 - KBZ OI,4203 - MMIV RI,Shyam Kumar,2.23737E+15,MRCTBANK,5499,Shan Lay Store,9972000766,Shan Lay Store,2.23756E+15,"450,000.00",0,0,0,225,0,0,0,"450,000.00",SUCCESS,,,
17/08/2026 10:15,2.10242E+19,31088H10153789000242,1.22026E+17,MMQR_PAYMENT,2102 - KBZ OI,4203 - MMIV RI,Shyam Kumar,2.23737E+15,MRCTBANK,5499,Shan Lay Store,9972000766,Shan Lay Store,2.23756E+15,"400,000.00",0,0,0,200,0,0,0,"400,000.00",SUCCESS,,,
17/08/2026 10:15,2.10242E+19,31088H10153035000142,1.22026E+17,MMQR_PAYMENT,2102 - KBZ OI,4203 - MMIV RI,Shyam Kumar,2.23737E+15,MRCTBANK,5499,Shan Lay Store,9972000766,Shan Lay Store,2.23756E+15,"400,000.00",0,0,0,200,0,0,0,"400,000.00",SUCCESS,,,
17/08/2026 10:15,2.10242E+19,31088H10152289000142,1.22026E+17,MMQR_PAYMENT,2102 - KBZ OI,4203 - MMIV RI,Shyam Kumar,2.23737E+15,MRCTBANK,5499,Shan Lay Store,9972000766,Shan Lay Store,2.23756E+15,"400,000.00",0,0,0,200,0,0,0,"400,000.00",SUCCESS,,,
17/08/2026 10:15,2.10242E+19,31088H10151302000242,1.22026E+17,MMQR_PAYMENT,2102 - KBZ OI,4203 - MMIV RI,Shyam Kumar,2.23737E+15,MRCTBANK,5499,Shan Lay Store,9972000766,Shan Lay Store,2.23756E+15,"400,000.00",0,0,0,200,0,0,0,"400,000.00",SUCCESS,,,
17/08/2026 10:15,2.10242E+19,31088H10150689000342,1.22026E+17,MMQR_PAYMENT,2102 - KBZ OI,4203 - MMIV RI,Shyam Kumar,2.23737E+15,MRCTBANK,5499,Shan Lay Store,9972000766,Shan Lay Store,2.23756E+15,"400,000.00",0,0,0,200,0,0,0,"400,000.00",SUCCESS,,,
17/08/2026 10:15,2.10242E+19,31088H10145702000142,1.22026E+17,MMQR_PAYMENT,2102 - KBZ OI,4203 - MMIV RI,Shyam Kumar,2.23737E+15,MRCTBANK,5499,Shan Lay Store,9972000766,Shan Lay Store,2.23756E+15,"400,000.00",0,0,0,200,0,0,0,"400,000.00",SUCCESS,,,
17/08/2026 10:12,2.10242E+19,31088H10122635000223,1.22026E+17,MMQR_PAYMENT,2102 - KBZ OI,4203 - MMIV RI,PHYO HTET KYAW,2.23737E+15,MRCTBANK,5499,We Care,9676555804,We Care,2.23756E+15,"20,200.00",0,0,0,10.1,0,0,0,"20,200.00",SUCCESS,,,
17/08/2026 10:11,2.10242E+19,31088H10113635000161,1.22026E+17,MMQR_PAYMENT,2102 - KBZ OI,4203 - MMIV RI,Naw Phaw Htoo,2.23737E+15,MRCTBANK,5499,IC 2,9959533636,IC 2,2.23756E+15,"10,000.00",0,0,0,5,0,0,0,"10,000.00",SUCCESS,,,
17/08/2026 10:11,2.10242E+19,31088H10104502000200,1.22026E+17,MMQR_PAYMENT,2102 - KBZ OI,4203 - MMIV RI,Shinekoko,2.23737E+15,MRCTBANK,5499,Shan Lay Store,9972000766,Shan Lay Store,2.23756E+15,"296,000.00",0,0,0,148,0,0,0,"296,000.00",SUCCESS,,,
17/08/2026 10:10,2.10242E+19,31088H10095435000130,1.22026E+17,MMQR_PAYMENT,2102 - KBZ OI,4203 - MMIV RI,BO BO AUNG,2.23737E+15,MRCTBANK,5499,SEIN FAMILY,9790178150,SEIN FAMILY,2.23756E+15,"500,000.00",0,0,0,250,0,0,0,"500,000.00",SUCCESS,,,
17/08/2026 10:09,2.10242E+19,31088H10093735000230,1.22026E+17,MMQR_PAYMENT,2102 - KBZ OI,4203 - MMIV RI,BO BO AUNG,2.23737E+15,MRCTBANK,5499,SEIN FAMILY,9790178150,SEIN FAMILY,2.23756E+15,"500,000.00",0,0,0,250,0,0,0,"500,000.00",SUCCESS,,,
17/08/2026 10:06,2.10142E+19,AYA21016a8281b5b1694c6f358371ab,1.22026E+17,MMQR_PAYMENT,2101 - AYA OI,4203 - MMIV RI,AUNG ZAN,2.237E+15,MRCTBANK,5499,Aung,9975370539,Aung,2.23756E+15,"500,000.00",0,0,0,250,0,0,0,"500,000.00",SUCCESS,,,
17/08/2026 10:05,2.10142E+19,AYA21016a82818d458ce9c595e7be1c,1.22026E+17,MMQR_PAYMENT,2101 - AYA OI,4203 - MMIV RI,AUNG ZAN,2.237E+15,MRCTBANK,5499,Aung,9975370539,Aung,2.23756E+15,"500,000.00",0,0,0,250,0,0,0,"500,000.00",SUCCESS,,,
17/08/2026 10:05,2.10142E+19,AYA21016a8281777e66d85e1c48c9e3,1.22026E+17,MMQR_PAYMENT,2101 - AYA OI,4203 - MMIV RI,AUNG ZAN,2.237E+15,MRCTBANK,5499,Aung,9975370539,Aung,2.23756E+15,"500,000.00",0,0,0,250,0,0,0,"500,000.00",SUCCESS,,,
17/08/2026 10:05,2.10142E+19,AYA21016a82816124f2a30a237bff37,1.22026E+17,MMQR_PAYMENT,2101 - AYA OI,4203 - MMIV RI,AUNG ZAN,2.237E+15,MRCTBANK,5499,Aung,9975370539,Aung,2.23756E+15,"500,000.00",0,0,0,250,0,0,0,"500,000.00",SUCCESS,,,
17/08/2026 10:04,2.10142E+19,AYA21016a82814e3a3ac8c45ea76f2e,1.22026E+17,MMQR_PAYMENT,2101 - AYA OI,4203 - MMIV RI,AUNG ZAN,2.237E+15,MRCTBANK,5499,Aung,9975370539,Aung,2.23756E+15,"500,000.00",0,0,0,250,0,0,0,"500,000.00",SUCCESS,,,
17/08/2026 10:01,2.10142E+19,AYA21016a828091c70a17e0d469b7cd,1.22026E+17,MMQR_PAYMENT,2101 - AYA OI,4203 - MMIV RI,AUNG ZAN,2.237E+15,MRCTBANK,5499,Aung,9975370539,Aung,2.23756E+15,"500,000.00",0,0,0,250,0,0,0,"500,000.00",SUCCESS,,,
17/08/2026 10:00,2.10242E+19,31088H10003202000138,1.22026E+17,MMQR_PAYMENT,2102 - KBZ OI,4203 - MMIV RI,WIN MAR CHO,2.23737E+15,MRCTBANK,5499,SEIN FAMILY,9790178150,SEIN FAMILY,2.23756E+15,"100,000.00",0,0,0,50,0,0,0,"100,000.00",SUCCESS,,,
17/08/2026 10:00,2.10242E+19,31088H10002643000135,1.22026E+17,MMQR_PAYMENT,2102 - KBZ OI,4203 - MMIV RI,Paing Soe Oo,2.23737E+15,MRCTBANK,5499,Pa Hta Wi Ar Kar,9420558864,Pa Hta Wi Ar Kar,2.23756E+15,"10,000.00",0,0,0,5,0,0,0,"10,000.00",SUCCESS,,,
17/08/2026 9:51,2.10542E+19,E2E223767202608170951044010487132,1.22026E+17,MMQR_PAYMENT,2105 - UAB OI,4203 - MMIV RI,Ma Kyi Kyi Lwin,2.23768E+15,MRCTBANK,5499,PWINT PHYU,9790279491,PWINT PHYU,2.23756E+15,"20,000.00",0,0,0,10,0,0,0,"20,000.00",SUCCESS,,,
17/08/2026 9:48,2.10542E+19,E2E223767202608170948423880932671,1.22026E+17,MMQR_PAYMENT,2105 - UAB OI,4203 - MMIV RI,Ma Kyi Kyi Lwin,2.23768E+15,MRCTBANK,5499,PWINT PHYU,9790279491,PWINT PHYU,2.23756E+15,"15,000.00",0,0,0,7.5,0,0,0,"15,000.00",SUCCESS,,,
17/08/2026 9:47,2.10542E+19,E2E223767202608170947445554092312,1.22026E+17,MMQR_PAYMENT,2105 - UAB OI,4203 - MMIV RI,Ma Kyi Kyi Lwin,2.23768E+15,MRCTBANK,5499,PWINT PHYU,9790279491,PWINT PHYU,2.23756E+15,"20,000.00",0,0,0,10,0,0,0,"20,000.00",SUCCESS,,,
17/08/2026 9:47,2.10542E+19,E2E223767202608170947148724846427,1.22026E+17,MMQR_PAYMENT,2105 - UAB OI,4203 - MMIV RI,Ma Kyi Kyi Lwin,2.23768E+15,MRCTBANK,5499,PWINT PHYU,9790279491,PWINT PHYU,2.23756E+15,"30,000.00",0,0,0,15,0,0,0,"30,000.00",SUCCESS,,,
17/08/2026 9:45,2.10242E+19,31088H09451356000115,1.22026E+17,MMQR_PAYMENT,2102 - KBZ OI,4203 - MMIV RI,PHYO EI EI NYEIN,2.23737E+15,MRCTBANK,5499,IC 2,9959533636,IC 2,2.23756E+15,"10,100.00",0,0,0,5.05,0,0,0,"10,100.00",SUCCESS,,,
17/08/2026 9:43,2.10542E+19,E2E223767202608170943312863373677,1.22026E+17,MMQR_PAYMENT,2105 - UAB OI,4203 - MMIV RI,Ma Kyi Kyi Lwin,2.23768E+15,MRCTBANK,5499,PWINT PHYU,9790279491,PWINT PHYU,2.23756E+15,"5,000.00",0,0,0,2.5,0,0,0,"5,000.00",SUCCESS,,,
17/08/2026 9:42,2.10542E+19,E2E223767202608170942463920780054,1.22026E+17,MMQR_PAYMENT,2105 - UAB OI,4203 - MMIV RI,Ma Kyi Kyi Lwin,2.23768E+15,MRCTBANK,5499,PWINT PHYU,9790279491,PWINT PHYU,2.23756E+15,"35,000.00",0,0,0,17.5,0,0,0,"35,000.00",SUCCESS,,,
17/08/2026 9:41,2.10242E+19,31088H09415243000120,1.22026E+17,MMQR_PAYMENT,2102 - KBZ OI,4203 - MMIV RI,Min Txet Oo,2.23737E+15,MRCTBANK,5499,AK Store,9402737790,AK Store,2.23756E+15,"2,700.00",0,0,0,1.35,0,0,0,"2,700.00",SUCCESS,,,
17/08/2026 9:41,2.10542E+19,E2E223767202608170941545600387089,1.22026E+17,MMQR_PAYMENT,2105 - UAB OI,4203 - MMIV RI,Ma Kyi Kyi Lwin,2.23768E+15,MRCTBANK,5499,PWINT PHYU,9790279491,PWINT PHYU,2.23756E+15,"60,000.00",0,0,0,30,0,0,0,"60,000.00",SUCCESS,,,
17/08/2026 9:41,2.10542E+19,E2E223767202608170941159703328339,1.22026E+17,MMQR_PAYMENT,2105 - UAB OI,4203 - MMIV RI,Ma Kyi Kyi Lwin,2.23768E+15,MRCTBANK,5499,PWINT PHYU,9790279491,PWINT PHYU,2.23756E+15,"70,000.00",0,0,0,35,0,0,0,"70,000.00",SUCCESS,,,
17/08/2026 9:40,2.10242E+19,31088H09402602000160,1.22026E+17,MMQR_PAYMENT,2102 - KBZ OI,4203 - MMIV RI,Lamin Ko Ko,2.23737E+15,MRCTBANK,5499,ANGEL,9968970070,ANGEL,2.23756E+15,"1,000.00",0,0,0,0.5,0,0,0,"1,000.00",SUCCESS,,,
17/08/2026 9:40,2.10542E+19,E2E223767202608170940007814043510,1.22026E+17,MMQR_PAYMENT,2105 - UAB OI,4203 - MMIV RI,Ma Kyi Kyi Lwin,2.23768E+15,MRCTBANK,5499,PWINT PHYU,9790279491,PWINT PHYU,2.23756E+15,"35,000.00",0,0,0,17.5,0,0,0,"35,000.00",SUCCESS,,,
17/08/2026 9:39,2.10242E+19,31088H09392956000105,1.22026E+17,MMQR_PAYMENT,2102 - KBZ OI,4203 - MMIV RI,Arkar Zaw,2.23737E+15,MRCTBANK,5499,Shwe Mi Store,9421101266,Shwe Mi Store,2.23756E+15,"3,100.00",0,0,0,1.55,0,0,0,"3,100.00",SUCCESS,,,
17/08/2026 9:39,2.10542E+19,E2E223767202608170939071632013634,1.22026E+17,MMQR_PAYMENT,2105 - UAB OI,4203 - MMIV RI,Ma Kyi Kyi Lwin,2.23768E+15,MRCTBANK,5499,PWINT PHYU,9790279491,PWINT PHYU,2.23756E+15,"65,000.00",0,0,0,32.5,0,0,0,"65,000.00",SUCCESS,,,
17/08/2026 9:38,2.10242E+19,31088H09383989000224,1.22026E+17,MMQR_PAYMENT,2102 - KBZ OI,4203 - MMIV RI,Zun Peniang,2.23737E+15,MRCTBANK,5499,Mon Gyi Store,9750990519,Mon Gyi Store,2.23756E+15,"200,000.00",0,0,0,100,0,0,0,"200,000.00",SUCCESS,,,
17/08/2026 9:38,2.10542E+19,E2E223767202608170938190639898871,1.22026E+17,MMQR_PAYMENT,2105 - UAB OI,4203 - MMIV RI,Ma Kyi Kyi Lwin,2.23768E+15,MRCTBANK,5499,PWINT PHYU,9790279491,PWINT PHYU,2.23756E+15,"100,000.00",0,0,0,50,0,0,0,"100,000.00",SUCCESS,,,
17/08/2026 9:37,2.10542E+19,E2E223767202608170937128209987083,1.22026E+17,MMQR_PAYMENT,2105 - UAB OI,4203 - MMIV RI,Ma Kyi Kyi Lwin,2.23768E+15,MRCTBANK,5499,PWINT PHYU,9790279491,PWINT PHYU,2.23756E+15,"50,000.00",0,0,0,25,0,0,0,"50,000.00",SUCCESS,,,
17/08/2026 9:36,2.10542E+19,E2E223767202608170936332548283350,1.22026E+17,MMQR_PAYMENT,2105 - UAB OI,4203 - MMIV RI,Ma Kyi Kyi Lwin,2.23768E+15,MRCTBANK,5499,PWINT PHYU,9790279491,PWINT PHYU,2.23756E+15,"25,000.00",0,0,0,12.5,0,0,0,"25,000.00",SUCCESS,,,
17/08/2026 9:35,2.10542E+19,E2E223767202608170935416296795316,1.22026E+17,MMQR_PAYMENT,2105 - UAB OI,4203 - MMIV RI,Ma Kyi Kyi Lwin,2.23768E+15,MRCTBANK,5499,PWINT PHYU,9790279491,PWINT PHYU,2.23756E+15,"14,500.00",0,0,0,7.25,0,0,0,"14,500.00",SUCCESS,,,
17/08/2026 9:33,2.10542E+19,E2E223767202608170933454758615723,1.22026E+17,MMQR_PAYMENT,2105 - UAB OI,4203 - MMIV RI,Ma Kyi Kyi Lwin,2.23768E+15,MRCTBANK,5499,PWINT PHYU,9790279491,PWINT PHYU,2.23756E+15,"5,500.00",0,0,0,2.75,0,0,0,"5,500.00",SUCCESS,,,
17/08/2026 9:21,2.10242E+19,31088H09213643000151,1.22026E+17,MMQR_PAYMENT,2102 - KBZ OI,4203 - MMIV RI,KYAL SIN KO KO,2.23737E+15,MRCTBANK,5499,May Myanmar,9448098913,May Myanmar,2.23756E+15,"17,000.00",0,0,0,8.5,0,0,0,"17,000.00",SUCCESS,,,
17/08/2026 9:19,2.10242E+19,31088H09185189000163,1.22026E+17,MMQR_PAYMENT,2102 - KBZ OI,4203 - MMIV RI,su myat naing oo,2.23737E+15,MRCTBANK,5499,San Cherry Electronic,9452241144,San Cherry Electronic,2.23756E+15,"50,000.00",0,0,0,25,0,0,0,"50,000.00",SUCCESS,,,
17/08/2026 9:17,2.10242E+19,31088H09172935000103,1.22026E+17,MMQR_PAYMENT,2102 - KBZ OI,4203 - MMIV RI,Min Oak Soe,2.23737E+15,MRCTBANK,5812,Eugenia Cafe,943200739,Eugenia Cafe,2.23756E+15,"4,200.00",21,9.66,11.34,2.1,0,0,7.56,"4,179.00",SUCCESS,,,
17/08/2026 9:17,2.10342E+19,FT26229H6XSL,1.22026E+17,MMQR_PAYMENT,2103 - CB OI,4203 - MMIV RI,DAW OHNMAR NAING,2.23772E+15,MRCTBANK,5499,AKQ,9788726323,AKQ,2.23756E+15,"190,000.00",0,0,0,95,0,0,0,"190,000.00",SUCCESS,,,
17/08/2026 9:16,2.10242E+19,31088H09161989000102,1.22026E+17,MMQR_PAYMENT,2102 - KBZ OI,4203 - MMIV RI,DAW EI EI PHYU,2.23737E+15,MRCTBANK,5499,SOE THIT SAN MOBILE SHOP,9790712555,SOE THIT SAN MOBILE SHOP,2.23756E+15,"5,000.00",0,0,0,2.5,0,0,0,"5,000.00",SUCCESS,,,
17/08/2026 9:16,2.10242E+19,31088H09160802000202,1.22026E+17,MMQR_PAYMENT,2102 - KBZ OI,4203 - MMIV RI,DAW EI EI PHYU,2.23737E+15,MRCTBANK,5499,SOE THIT SAN MOBILE SHOP,9790712555,SOE THIT SAN MOBILE SHOP,2.23756E+15,"5,000.00",0,0,0,2.5,0,0,0,"5,000.00",SUCCESS,,,
17/08/2026 9:16,2.10242E+19,31088H09155389000102,1.22026E+17,MMQR_PAYMENT,2102 - KBZ OI,4203 - MMIV RI,DAW EI EI PHYU,2.23737E+15,MRCTBANK,5499,SOE THIT SAN MOBILE SHOP,9790712555,SOE THIT SAN MOBILE SHOP,2.23756E+15,"5,000.00",0,0,0,2.5,0,0,0,"5,000.00",SUCCESS,,,
17/08/2026 9:15,3.10142E+19,wm125579046064969181024,1.22026E+17,MMQR_PAYMENT,3101 - WAVE OI,4203 - MMIV RI,Paing Paing,2.23441E+15,MRCTBANK,5499,We Care,9676555804,We Care,2.23756E+15,"23,000.00",0,0,0,11.5,0,0,0,"23,000.00",SUCCESS,,,
17/08/2026 9:15,3.10142E+19,wm125578912716744779916,1.22026E+17,MMQR_PAYMENT,3101 - WAVE OI,4203 - MMIV RI,Soe Naing,2.23441E+15,MRCTBANK,5499,Moe San,9891371722,Moe San,2.23756E+15,"20,000.00",0,0,0,10,0,0,0,"20,000.00",SUCCESS,,,
17/08/2026 9:15,2.10242E+19,31088H09151435000102,1.22026E+17,MMQR_PAYMENT,2102 - KBZ OI,4203 - MMIV RI,DAW EI EI PHYU,2.23737E+15,MRCTBANK,5499,SOE THIT SAN MOBILE SHOP,9790712555,SOE THIT SAN MOBILE SHOP,2.23756E+15,"5,000.00",0,0,0,2.5,0,0,0,"5,000.00",SUCCESS,,,
17/08/2026 9:15,2.10242E+19,31088H09150435000302,1.22026E+17,MMQR_PAYMENT,2102 - KBZ OI,4203 - MMIV RI,DAW EI EI PHYU,2.23737E+15,MRCTBANK,5499,SOE THIT SAN MOBILE SHOP,9790712555,SOE THIT SAN MOBILE SHOP,2.23756E+15,"5,000.00",0,0,0,2.5,0,0,0,"5,000.00",SUCCESS,,,
17/08/2026 9:15,2.10242E+19,31088H09145328000102,1.22026E+17,MMQR_PAYMENT,2102 - KBZ OI,4203 - MMIV RI,DAW EI EI PHYU,2.23737E+15,MRCTBANK,5499,SOE THIT SAN MOBILE SHOP,9790712555,SOE THIT SAN MOBILE SHOP,2.23756E+15,"5,000.00",0,0,0,2.5,0,0,0,"5,000.00",SUCCESS,,,
17/08/2026 9:14,2.10242E+19,31088H09144335000102,1.22026E+17,MMQR_PAYMENT,2102 - KBZ OI,4203 - MMIV RI,DAW EI EI PHYU,2.23737E+15,MRCTBANK,5499,SOE THIT SAN MOBILE SHOP,9790712555,SOE THIT SAN MOBILE SHOP,2.23756E+15,"5,000.00",0,0,0,2.5,0,0,0,"5,000.00",SUCCESS,,,
17/08/2026 9:14,2.10242E+19,31088H09143089000202,1.22026E+17,MMQR_PAYMENT,2102 - KBZ OI,4203 - MMIV RI,DAW EI EI PHYU,2.23737E+15,MRCTBANK,5499,SOE THIT SAN MOBILE SHOP,9790712555,SOE THIT SAN MOBILE SHOP,2.23756E+15,"5,000.00",0,0,0,2.5,0,0,0,"5,000.00",SUCCESS,,,
17/08/2026 9:14,2.10242E+19,31088H09141628000202,1.22026E+17,MMQR_PAYMENT,2102 - KBZ OI,4203 - MMIV RI,DAW EI EI PHYU,2.23737E+15,MRCTBANK,5499,SOE THIT SAN MOBILE SHOP,9790712555,SOE THIT SAN MOBILE SHOP,2.23756E+15,"5,000.00",0,0,0,2.5,0,0,0,"5,000.00",SUCCESS,,,
17/08/2026 9:14,2.10242E+19,31088H09140389000202,1.22026E+17,MMQR_PAYMENT,2102 - KBZ OI,4203 - MMIV RI,DAW EI EI PHYU,2.23737E+15,MRCTBANK,5499,SOE THIT SAN MOBILE SHOP,9790712555,SOE THIT SAN MOBILE SHOP,2.23756E+15,"5,000.00",0,0,0,2.5,0,0,0,"5,000.00",SUCCESS,,,
17/08/2026 9:12,3.10142E+19,wm125577307865684034841,1.22026E+17,MMQR_PAYMENT,3101 - WAVE OI,4203 - MMIV RI,Pyae Phone Khant,2.23441E+15,MRCTBANK,5499,ANGEL,9968970070,ANGEL,2.23756E+15,"18,500.00",0,0,0,9.25,0,0,0,"18,500.00",SUCCESS,,,
17/08/2026 9:11,2.10542E+19,E2E223767202608170911584502916901,1.22026E+17,MMQR_PAYMENT,2105 - UAB OI,4203 - MMIV RI,Aung Phyo Kyaw,2.23768E+15,MRCTBANK,5499,San Thit,9772869401,San Thit,2.23756E+15,"100,000.00",0,0,0,50,0,0,0,"100,000.00",SUCCESS,,,
17/08/2026 9:10,2.10242E+19,31088H09095556000150,1.22026E+17,MMQR_PAYMENT,2102 - KBZ OI,4203 - MMIV RI,SAW TINT WAI,2.23737E+15,MRCTBANK,5499,SOE THIT SAN MOBILE SHOP,9790712555,SOE THIT SAN MOBILE SHOP,2.23756E+15,"5,000.00",0,0,0,2.5,0,0,0,"5,000.00",SUCCESS,,,
17/08/2026 9:09,2.10242E+19,31088H09094189000250,1.22026E+17,MMQR_PAYMENT,2102 - KBZ OI,4203 - MMIV RI,SAW TINT WAI,2.23737E+15,MRCTBANK,5499,SOE THIT SAN MOBILE SHOP,9790712555,SOE THIT SAN MOBILE SHOP,2.23756E+15,"5,000.00",0,0,0,2.5,0,0,0,"5,000.00",SUCCESS,,,
17/08/2026 9:09,2.10242E+19,31088H09090489000150,1.22026E+17,MMQR_PAYMENT,2102 - KBZ OI,4203 - MMIV RI,SAW TINT WAI,2.23737E+15,MRCTBANK,5499,SOE THIT SAN MOBILE SHOP,9790712555,SOE THIT SAN MOBILE SHOP,2.23756E+15,"5,000.00",0,0,0,2.5,0,0,0,"5,000.00",SUCCESS,,,
17/08/2026 9:08,2.10242E+19,31088H09084856000350,1.22026E+17,MMQR_PAYMENT,2102 - KBZ OI,4203 - MMIV RI,SAW TINT WAI,2.23737E+15,MRCTBANK,5499,SOE THIT SAN MOBILE SHOP,9790712555,SOE THIT SAN MOBILE SHOP,2.23756E+15,"5,000.00",0,0,0,2.5,0,0,0,"5,000.00",SUCCESS,,,
17/08/2026 9:08,2.10242E+19,31088H09083356000150,1.22026E+17,MMQR_PAYMENT,2102 - KBZ OI,4203 - MMIV RI,SAW TINT WAI,2.23737E+15,MRCTBANK,5499,SOE THIT SAN MOBILE SHOP,9790712555,SOE THIT SAN MOBILE SHOP,2.23756E+15,"5,000.00",0,0,0,2.5,0,0,0,"5,000.00",SUCCESS,,,
17/08/2026 9:08,2.10242E+19,31088H09081343000150,1.22026E+17,MMQR_PAYMENT,2102 - KBZ OI,4203 - MMIV RI,SAW TINT WAI,2.23737E+15,MRCTBANK,5499,SOE THIT SAN MOBILE SHOP,9790712555,SOE THIT SAN MOBILE SHOP,2.23756E+15,"5,000.00",0,0,0,2.5,0,0,0,"5,000.00",SUCCESS,,,
17/08/2026 9:07,2.10242E+19,31088H09073789000150,1.22026E+17,MMQR_PAYMENT,2102 - KBZ OI,4203 - MMIV RI,SAW TINT WAI,2.23737E+15,MRCTBANK,5499,SOE THIT SAN MOBILE SHOP,9790712555,SOE THIT SAN MOBILE SHOP,2.23756E+15,"5,000.00",0,0,0,2.5,0,0,0,"5,000.00",SUCCESS,,,
17/08/2026 9:07,2.10242E+19,31088H09072156000150,1.22026E+17,MMQR_PAYMENT,2102 - KBZ OI,4203 - MMIV RI,SAW TINT WAI,2.23737E+15,MRCTBANK,5499,SOE THIT SAN MOBILE SHOP,9790712555,SOE THIT SAN MOBILE SHOP,2.23756E+15,"5,000.00",0,0,0,2.5,0,0,0,"5,000.00",SUCCESS,,,
17/08/2026 9:07,2.10242E+19,31088H09065843000150,1.22026E+17,MMQR_PAYMENT,2102 - KBZ OI,4203 - MMIV RI,SAW TINT WAI,2.23737E+15,MRCTBANK,5499,SOE THIT SAN MOBILE SHOP,9790712555,SOE THIT SAN MOBILE SHOP,2.23756E+15,"5,000.00",0,0,0,2.5,0,0,0,"5,000.00",SUCCESS,,,
17/08/2026 9:06,2.10242E+19,31088H09064343000150,1.22026E+17,MMQR_PAYMENT,2102 - KBZ OI,4203 - MMIV RI,SAW TINT WAI,2.23737E+15,MRCTBANK,5499,SOE THIT SAN MOBILE SHOP,9790712555,SOE THIT SAN MOBILE SHOP,2.23756E+15,"5,000.00",0,0,0,2.5,0,0,0,"5,000.00",SUCCESS,,,
17/08/2026 9:06,3.10142E+19,wm61805665065879379792,1.22026E+17,MMQR_PAYMENT,3101 - WAVE OI,4203 - MMIV RI,Kyawt Kay Khaing,2.23441E+15,MRCTBANK,5499,PYI SONE WIN PHONE STORE,9770050552,PYI SONE WIN PHONE STORE,2.23756E+15,"9,000.00",0,0,0,4.5,0,0,0,"9,000.00",SUCCESS,,,
17/08/2026 9:02,2.10342E+19,FT26229CMZ2V,1.22026E+17,MMQR_PAYMENT,2103 - CB OI,4203 - MMIV RI,U TUN TUN OO,2.23772E+15,MRCTBANK,5499,Soe Soe,9691141588,Soe Soe,2.23756E+15,"500,000.00",0,0,0,250,0,0,0,"500,000.00",SUCCESS,,,
17/08/2026 8:56,2.10242E+19,31088H08560702000155,1.22026E+17,MMQR_PAYMENT,2102 - KBZ OI,4203 - MMIV RI,Zaw Myo Htun,2.23737E+15,MRCTBANK,5499,San Cherry Electronic,9452241144,San Cherry Electronic,2.23756E+15,"151,500.00",0,0,0,75.75,0,0,0,"151,500.00",SUCCESS,,,
17/08/2026 8:54,2.10242E+19,31088H08542389000128,1.22026E+17,MMQR_PAYMENT,2102 - KBZ OI,4203 - MMIV RI,DAW MOE OO SEIN,2.23737E+15,MRCTBANK,5499,San Cherry Electronic,9452241144,San Cherry Electronic,2.23756E+15,"80,800.00",0,0,0,40.4,0,0,0,"80,800.00",SUCCESS,,,
17/08/2026 8:49,3.10142E+19,wm125563486743801758606,1.22026E+17,MMQR_PAYMENT,3101 - WAVE OI,4203 - MMIV RI,Kyi Kyi San,2.23441E+15,MRCTBANK,5499,Pa Hta Wi Ar Kar,9420558864,Pa Hta Wi Ar Kar,2.23756E+15,"200,000.00",0,0,0,100,0,0,0,"200,000.00",SUCCESS,,,
17/08/2026 8:49,2.10242E+19,31088H08493289000154,1.22026E+17,MMQR_PAYMENT,2102 - KBZ OI,4203 - MMIV RI,Ashin Wimala,2.23737E+15,MRCTBANK,5499,Ko Phone Electronic,95416195,Ko Phone Electronic,2.23756E+15,"10,000.00",0,0,0,5,0,0,0,"10,000.00",SUCCESS,,,
17/08/2026 8:38,2.10242E+19,31088H08384043000157,1.22026E+17,MMQR_PAYMENT,2102 - KBZ OI,4203 - MMIV RI,U   Shwe  Tun    Kyaw,2.23737E+15,MRCTBANK,5499,La Woon Store,9763013719,La Woon Store,2.23756E+15,"50,500.00",0,0,0,25.25,0,0,0,"50,500.00",SUCCESS,,,
17/08/2026 8:34,3.10142E+19,wm125554531833790911248,1.22026E+17,MMQR_PAYMENT,3101 - WAVE OI,4203 - MMIV RI,Khaing Marlar,2.23441E+15,MRCTBANK,5499,Aye Chan Thu 2,9799840188,Aye Chan Thu 2,2.23756E+15,"10,000.00",0,0,0,5,0,0,0,"10,000.00",SUCCESS,,,
17/08/2026 8:34,3.10142E+19,wm125554310558704192675,1.22026E+17,MMQR_PAYMENT,3101 - WAVE OI,4203 - MMIV RI,Naing Lwin,2.23441E+15,MRCTBANK,5499,Aye Chan Thu 2,9799840188,Aye Chan Thu 2,2.23756E+15,"10,000.00",0,0,0,5,0,0,0,"10,000.00",SUCCESS,,,
17/08/2026 8:34,2.10242E+19,31088H08343189000162,1.22026E+17,MMQR_PAYMENT,2102 - KBZ OI,4203 - MMIV RI,Oakar Kyaw,2.23737E+15,MRCTBANK,5499,PYI SONE WIN PHONE STORE,9770050552,PYI SONE WIN PHONE STORE,2.23756E+15,"1,000.00",0,0,0,0.5,0,0,0,"1,000.00",SUCCESS,,,
17/08/2026 8:32,3.10142E+19,wm125553065015786252485,1.22026E+17,MMQR_PAYMENT,3101 - WAVE OI,4203 - MMIV RI,Khaing Marlar,2.23441E+15,MRCTBANK,5499,Aye Chan Thu 2,9799840188,Aye Chan Thu 2,2.23756E+15,"50,000.00",0,0,0,25,0,0,0,"50,000.00",SUCCESS,,,
17/08/2026 8:30,3.10142E+19,wm125552104085502986689,1.22026E+17,MMQR_PAYMENT,3101 - WAVE OI,4203 - MMIV RI,Oakar Kyaw,2.23441E+15,MRCTBANK,5499,PYI SONE WIN PHONE STORE,9770050552,PYI SONE WIN PHONE STORE,2.23756E+15,"15,000.00",0,0,0,7.5,0,0,0,"15,000.00",SUCCESS,,,
17/08/2026 8:30,2.10142E+19,AYA21016a826b4cb1694c6f358350db,1.22026E+17,MMQR_PAYMENT,2101 - AYA OI,4203 - MMIV RI,ZAW WIN TUN,2.237E+15,MRCTBANK,5499,PYI SONE WIN PHONE STORE,9770050552,PYI SONE WIN PHONE STORE,2.23756E+15,"50,000.00",0,0,0,25,0,0,0,"50,000.00",SUCCESS,,,
17/08/2026 8:30,3.10142E+19,wm125552030342656342452,1.22026E+17,MMQR_PAYMENT,3101 - WAVE OI,4203 - MMIV RI,Khaing Marlar,2.23441E+15,MRCTBANK,5499,Aye Chan Thu 2,9799840188,Aye Chan Thu 2,2.23756E+15,"10,000.00",0,0,0,5,0,0,0,"10,000.00",SUCCESS,,,
17/08/2026 8:29,2.10142E+19,AYA21016a826af0f9ebdbe5729ee190,1.22026E+17,MMQR_PAYMENT,2101 - AYA OI,4203 - MMIV RI,OAKAR KYAW,2.237E+15,MRCTBANK,5499,PYI SONE WIN PHONE STORE,9770050552,PYI SONE WIN PHONE STORE,2.23756E+15,"65,000.00",0,0,0,32.5,0,0,0,"65,000.00",SUCCESS,,,
17/08/2026 8:25,2.10242E+19,31088H08252789000263,1.22026E+17,MMQR_PAYMENT,2102 - KBZ OI,4203 - MMIV RI,Than Soe,2.23737E+15,MRCTBANK,5499,Shan Lay Store,9972000766,Shan Lay Store,2.23756E+15,"95,000.00",0,0,0,47.5,0,0,0,"95,000.00",SUCCESS,,,
17/08/2026 8:22,2.10242E+19,31088H08222356000130,1.22026E+17,MMQR_PAYMENT,2102 - KBZ OI,4203 - MMIV RI,Ma Su Su Wai,2.23737E+15,MRCTBANK,5499,Kyauk Taung Gyi,9799958230,Kyauk Taung Gyi,2.23756E+15,"433,250.00",0,0,0,216.63,0,0,0,"433,250.00",SUCCESS,,,
17/08/2026 8:21,2.10242E+19,31088H08211489000330,1.22026E+17,MMQR_PAYMENT,2102 - KBZ OI,4203 - MMIV RI,Ma Su Su Wai,2.23737E+15,MRCTBANK,5499,Kyauk Taung Gyi,9799958230,Kyauk Taung Gyi,2.23756E+15,"500,000.00",0,0,0,250,0,0,0,"500,000.00",SUCCESS,,,
17/08/2026 8:20,2.10242E+19,31088H08195889000130,1.22026E+17,MMQR_PAYMENT,2102 - KBZ OI,4203 - MMIV RI,Ma Su Su Wai,2.23737E+15,MRCTBANK,5499,Kyauk Taung Gyi,9799958230,Kyauk Taung Gyi,2.23756E+15,"500,000.00",0,0,0,250,0,0,0,"500,000.00",SUCCESS,,,
17/08/2026 8:19,3.10142E+19,wm125545164101921047926,1.22026E+17,MMQR_PAYMENT,3101 - WAVE OI,4203 - MMIV RI,Thae Po Po Aung,2.23441E+15,MRCTBANK,5499,Moe San,9891371722,Moe San,2.23756E+15,"50,000.00",0,0,0,25,0,0,0,"50,000.00",SUCCESS,,,
17/08/2026 8:19,2.10242E+19,31088H08185956000130,1.22026E+17,MMQR_PAYMENT,2102 - KBZ OI,4203 - MMIV RI,Ma Su Su Wai,2.23737E+15,MRCTBANK,5499,Kyauk Taung Gyi,9799958230,Kyauk Taung Gyi,2.23756E+15,"500,000.00",0,0,0,250,0,0,0,"500,000.00",SUCCESS,,,
17/08/2026 8:18,2.10242E+19,31088H08180289000130,1.22026E+17,MMQR_PAYMENT,2102 - KBZ OI,4203 - MMIV RI,Ma Su Su Wai,2.23737E+15,MRCTBANK,5499,Kyauk Taung Gyi,9799958230,Kyauk Taung Gyi,2.23756E+15,"500,000.00",0,0,0,250,0,0,0,"500,000.00",SUCCESS,,,
17/08/2026 8:12,2.10242E+19,31088H08123143000132,1.22026E+17,MMQR_PAYMENT,2102 - KBZ OI,4203 - MMIV RI,Saw Eh Thaw Moo,2.23737E+15,MRCTBANK,5499,Pyoe Mini Mart,9421083972,Pyoe Mini Mart,2.23756E+15,"45,450.00",0,0,0,22.73,0,0,0,"45,450.00",SUCCESS,,,
17/08/2026 8:11,2.10242E+19,31088H08112928000118,1.22026E+17,MMQR_PAYMENT,2102 - KBZ OI,4203 - MMIV RI,Khaing Zaw Lin,2.23737E+15,MRCTBANK,5499,KHIN HNIN WAI,9253007127,KHIN HNIN WAI,2.23756E+15,"250,000.00",0,0,0,125,0,0,0,"250,000.00",SUCCESS,,,
17/08/2026 7:59,2.10242E+19,31088H07591302000159,1.22026E+17,MMQR_PAYMENT,2102 - KBZ OI,4203 - MMIV RI,Chit Min Thu,2.23737E+15,MRCTBANK,5499,Shan Lay Store,9972000766,Shan Lay Store,2.23756E+15,"250,000.00",0,0,0,125,0,0,0,"250,000.00",SUCCESS,,,
17/08/2026 7:38,2.10242E+19,31088H07375328000121,1.22026E+17,MMQR_PAYMENT,2102 - KBZ OI,4203 - MMIV RI,NAY MYO AUNG,2.23737E+15,MRCTBANK,5499,We Care,9676555804,We Care,2.23756E+15,"70,000.00",0,0,0,35,0,0,0,"70,000.00",SUCCESS,,,
17/08/2026 7:35,2.10242E+19,31088H07350135000134,1.22026E+17,MMQR_PAYMENT,2102 - KBZ OI,4203 - MMIV RI,Ma Zarli Min,2.23737E+15,MRCTBANK,5499,We Care,9676555804,We Care,2.23756E+15,"25,000.00",0,0,0,12.5,0,0,0,"25,000.00",SUCCESS,,,
17/08/2026 7:34,3.10142E+19,wm125518394833088108046,1.22026E+17,MMQR_PAYMENT,3101 - WAVE OI,4203 - MMIV RI,Kyi Kyi San,2.23441E+15,MRCTBANK,5499,Pa Hta Wi Ar Kar,9420558864,Pa Hta Wi Ar Kar,2.23756E+15,"82,000.00",0,0,0,41,0,0,0,"82,000.00",SUCCESS,,,
17/08/2026 7:33,2.10242E+19,31088H07334243000116,1.22026E+17,MMQR_PAYMENT,2102 - KBZ OI,4203 - MMIV RI,Zin Mar,2.23737E+15,MRCTBANK,5499,Shan Lay Store,9972000766,Shan Lay Store,2.23756E+15,"50,500.00",0,0,0,25.25,0,0,0,"50,500.00",SUCCESS,,,
17/08/2026 7:23,3.10142E+19,wm125511544498237132547,1.22026E+17,MMQR_PAYMENT,3101 - WAVE OI,4203 - MMIV RI,Htet Wai Kyaw Ko,2.23441E+15,MRCTBANK,5499,Moe San,9891371722,Moe San,2.23756E+15,"200,000.00",0,0,0,100,0,0,0,"200,000.00",SUCCESS,,,
17/08/2026 7:19,2.10242E+19,31088H07185456000147,1.22026E+17,MMQR_PAYMENT,2102 - KBZ OI,4203 - MMIV RI,Ma San Kham,2.23737E+15,MRCTBANK,5499,SEIN MITHARSU(2),9740011544,SEIN MITHARSU(2),2.23756E+15,"6,000.00",0,0,0,3,0,0,0,"6,000.00",SUCCESS,,,
17/08/2026 6:17,2.10242E+19,31088H06165289000110,1.22026E+17,MMQR_PAYMENT,2102 - KBZ OI,4203 - MMIV RI,Sansanlwin,2.23737E+15,MRCTBANK,5499,We Care,9676555804,We Care,2.23756E+15,"15,000.00",0,0,0,7.5,0,0,0,"15,000.00",SUCCESS,,,
